code,province,city,district,identity,geometry,osmId,longitude,latitude,pointMethod,geometryAdapter,parentGeometryAdapter
110101,北京市,北京市,东城区,official_identity_match,exact_code_and_source_name,r288600,116.4100395,39.9269012,label,null,null
110102,北京市,北京市,西城区,official_identity_match,exact_code_and_source_name,r568660,116.3599221,39.9108672,label,null,null
110105,北京市,北京市,朝阳区,official_identity_match,exact_code_and_source_name,r2988933,116.4369109,39.9204498,label,null,null
110106,北京市,北京市,丰台区,official_identity_match,exact_code_and_source_name,r2988946,116.2804172,39.8571176,label,null,null
110107,北京市,北京市,石景山区,official_identity_match,exact_code_and_source_name,r5505985,116.216797,39.9046102,label,null,null
110108,北京市,北京市,海淀区,official_identity_match,exact_code_and_source_name,r5505984,116.292405,39.9580718,label,null,null
110109,北京市,北京市,门头沟区,official_identity_match,unique_name_and_parent_geometry,r2988898,116.09504,39.9389127,label,null,null
110111,北京市,北京市,房山区,official_identity_match,exact_code_and_source_name,r2988896,116.1298,39.72967,admin_centre,null,null
110112,北京市,北京市,通州区,official_identity_match,unique_name_and_parent_geometry,r2988902,116.6516918,39.9069176,label,null,null
110113,北京市,北京市,顺义区,official_identity_match,unique_name_and_parent_geometry,r2988901,116.6538745,40.1487504,admin_centre,null,null
110114,北京市,北京市,昌平区,official_identity_match,unique_name_and_parent_geometry,r2988894,116.2250912,40.2196456,admin_centre,null,null
110115,北京市,北京市,大兴区,official_identity_match,exact_code_and_source_name,r2988895,116.3354417,39.725413,label,null,null
110116,北京市,北京市,怀柔区,official_identity_match,unique_name_and_parent_geometry,r2988897,116.626028,40.3154808,admin_centre,null,null
110117,北京市,北京市,平谷区,official_identity_match,unique_name_and_parent_geometry,r2988900,117.1146953,40.1390433,label,null,null
110118,北京市,北京市,密云区,official_identity_match,unique_name_and_parent_geometry,r2988899,116.8371838,40.3751032,label,null,null
110119,北京市,北京市,延庆区,official_identity_match,unique_name_and_parent_geometry,r2988903,115.9705791,40.4568127,label,null,null
120101,天津市,天津市,和平区,official_identity_match,unique_name_and_parent_geometry,r3286891,117.1974343,39.1245933,admin_centre,null,null
120102,天津市,天津市,河东区,official_identity_match,unique_name_and_parent_geometry,r3286890,117.2456639,39.1272111,label,null,null
120103,天津市,天津市,河西区,official_identity_match,unique_name_and_parent_geometry,r3286892,117.2172021,39.1084456,admin_centre,null,null
120104,天津市,天津市,南开区,official_identity_match,unique_name_and_parent_geometry,r3286897,117.1440092,39.1375256,admin_centre,null,null
120105,天津市,天津市,河北区,official_identity_match,unique_name_and_parent_geometry,r3286889,117.1905706,39.1470599,admin_centre,null,null
120106,天津市,天津市,红桥区,official_identity_match,unique_name_and_parent_geometry,r3286893,117.1450225,39.1663089,label,null,null
120110,天津市,天津市,东丽区,official_identity_match,exact_code_and_source_name,r3286888,117.307571,39.0858503,admin_centre,null,null
120111,天津市,天津市,西青区,official_identity_match,exact_code_and_source_name,r3286900,117.0030245,39.1404195,label,null,null
120112,天津市,天津市,津南区,official_identity_match,unique_name_and_parent_geometry,r3286896,117.3503955,38.9360958,label,null,null
120113,天津市,天津市,北辰区,official_identity_match,exact_code_and_source_name,r3286886,117.1297072,39.2231575,label,null,null
120114,天津市,天津市,武清区,official_identity_match,exact_code_and_source_name,r3286899,117.0376904,39.3823079,label,null,null
120115,天津市,天津市,宝坻区,official_identity_match,exact_code_and_source_name,r3286885,117.3034161,39.7158449,label,null,null
120116,天津市,天津市,滨海新区,official_identity_match,exact_code_and_source_name,r3286887,117.6891956,39.015138,admin_centre,null,null
120117,天津市,天津市,宁河区,official_identity_match,exact_code_and_source_name,r3286898,117.8205892,39.3288681,label,null,null
120118,天津市,天津市,静海区,official_identity_match,exact_code_and_source_name,r3286895,116.9685931,38.9456749,label,null,null
120119,天津市,天津市,蓟州区,official_identity_match,unique_name_and_parent_geometry,r3286894,117.4007395,40.0438898,admin_centre,null,null
130102,河北省,石家庄市,长安区,official_identity_match,exact_code_and_source_name,r2975376,114.5853127,38.076714,label,null,null
130104,河北省,石家庄市,桥西区,official_identity_match,exact_code_and_source_name,r2975378,114.4633692,38.0241565,admin_centre,null,null
130105,河北省,石家庄市,新华区,official_identity_match,exact_code_and_source_name,r2975379,114.468056,38.066667,admin_centre,null,null
130107,河北省,石家庄市,井陉矿区,official_identity_match,exact_code_and_source_name,r3009731,114.0554769,38.0636583,admin_centre,null,null
130108,河北省,石家庄市,裕华区,official_identity_match,exact_code_and_source_name,r2975380,114.5245739,38.0061728,admin_centre,null,null
130109,河北省,石家庄市,藁城区,official_identity_match,exact_code_and_source_name,r3290455,114.8406059,38.0235712,admin_centre,null,null
130110,河北省,石家庄市,鹿泉区,official_identity_match,exact_code_and_source_name,r3009751,114.3044795,38.0855891,admin_centre,null,null
130111,河北省,石家庄市,栾城区,official_identity_match,exact_code_and_source_name,r3290459,114.6519245,37.8834011,admin_centre,null,null
130121,河北省,石家庄市,井陉县,official_identity_match,exact_code_and_source_name,r3009730,114.1354742,38.0327329,admin_centre,null,null
130123,河北省,石家庄市,正定县,official_identity_match,exact_code_and_source_name,r3290468,114.5632635,38.1439748,admin_centre,null,null
130125,河北省,石家庄市,行唐县,official_identity_match,exact_code_and_source_name,r3290462,114.5476223,38.4391085,admin_centre,null,null
130126,河北省,石家庄市,灵寿县,official_identity_match,exact_code_and_source_name,r3290458,114.368056,38.307222,admin_centre,null,null
130127,河北省,石家庄市,高邑县,official_identity_match,exact_code_and_source_name,r3290456,114.6030319,37.6057906,admin_centre,null,null
130128,河北省,石家庄市,深泽县,official_identity_match,exact_code_and_source_name,r3290460,115.1940189,38.1858629,admin_centre,null,null
130129,河北省,石家庄市,赞皇县,official_identity_match,exact_code_and_source_name,r3290466,114.383333,37.659722,admin_centre,null,null
130130,河北省,石家庄市,无极县,official_identity_match,exact_code_and_source_name,r3290461,114.9657501,38.1739821,admin_centre,null,null
130131,河北省,石家庄市,平山县,official_identity_match,exact_code_and_source_name,r3009294,114.1954994,38.253347,admin_centre,null,null
130132,河北省,石家庄市,元氏县,official_identity_match,exact_code_and_source_name,r3290465,114.5215285,37.7605206,admin_centre,null,null
130133,河北省,石家庄市,赵县,official_identity_match,exact_code_and_source_name,r3290467,114.7699619,37.7491376,label,null,null
130181,河北省,石家庄市,辛集市,official_identity_match,exact_code_and_source_name,r3290463,115.2126339,37.9425431,admin_centre,null,null
130183,河北省,石家庄市,晋州市,official_identity_match,exact_code_and_source_name,r3290457,115.0341055,38.0328936,admin_centre,null,null
130184,河北省,石家庄市,新乐市,official_identity_match,exact_code_and_source_name,r3290464,114.6791124,38.3449262,admin_centre,null,null
130202,河北省,唐山市,路南区,official_identity_match,exact_code_and_source_name,r5642220,117.64177013070022,39.3670139,interior_representative_point,null,null
130203,河北省,唐山市,路北区,official_identity_match,exact_code_and_source_name,r5642218,118.1945287,39.6231599,admin_centre,null,null
130204,河北省,唐山市,古冶区,official_identity_match,exact_code_and_source_name,r5642214,118.4408381,39.7325497,admin_centre,null,null
130205,河北省,唐山市,开平区,official_identity_match,exact_code_and_source_name,r5642215,118.25605,39.6703881,admin_centre,null,null
130207,河北省,唐山市,丰南区,official_identity_match,exact_code_and_source_name,r5642213,118.0784638,39.5747574,admin_centre,null,null
130208,河北省,唐山市,丰润区,official_identity_match,exact_code_and_source_name,r3625012,118.1555637,39.8314542,admin_centre,null,null
130209,河北省,唐山市,曹妃甸区,official_identity_match,exact_code_and_source_name,r5642212,118.4540546,39.2724995,admin_centre,null,null
130224,河北省,唐山市,滦南县,official_identity_match,exact_code_and_source_name,r5642217,118.6776438,39.519236,admin_centre,null,null
130225,河北省,唐山市,乐亭县,official_identity_match,exact_code_and_source_name,r5642216,118.9066363,39.4247991,admin_centre,null,null
130227,河北省,唐山市,迁西县,official_identity_match,unique_name_and_parent_geometry,r3625144,118.3084014,40.1405147,admin_centre,null,null
130229,河北省,唐山市,玉田县,official_identity_match,exact_code_and_source_name,r3625013,117.7323348,39.9004016,admin_centre,null,null
130281,河北省,唐山市,遵化市,official_identity_match,exact_code_and_source_name,r3291031,117.9596297,40.1880998,admin_centre,null,null
130283,河北省,唐山市,迁安市,official_identity_match,exact_code_and_source_name,r5641375,118.6949899,39.9978416,admin_centre,null,null
130284,河北省,唐山市,滦州市,official_identity_match,exact_code_and_source_name,r5641374,118.6974947,39.7397547,admin_centre,null,null
130302,河北省,秦皇岛市,海港区,official_identity_match,exact_code_and_source_name,r2989651,119.6055792,39.9331703,admin_centre,null,null
130303,河北省,秦皇岛市,山海关区,official_identity_match,exact_code_and_source_name,r2989654,119.7700349,39.9771671,admin_centre,null,null
130304,河北省,秦皇岛市,北戴河区,official_identity_match,exact_code_and_source_name,r2989650,119.4870978,39.821905,admin_centre,null,null
130306,河北省,秦皇岛市,抚宁区,official_identity_match,exact_code_and_source_name,r8344839,119.2377461,39.8824435,admin_centre,null,null
130321,河北省,秦皇岛市,青龙满族自治县,official_identity_match,exact_code_and_source_name,r2989653,118.9442056,40.4047427,admin_centre,null,null
130322,河北省,秦皇岛市,昌黎县,official_identity_match,exact_code_and_source_name,r2989649,119.1614947,39.7039133,admin_centre,null,null
130324,河北省,秦皇岛市,卢龙县,official_identity_match,exact_code_and_source_name,r2989652,118.87575,39.8912182,admin_centre,null,null
130402,河北省,邯郸市,邯山区,official_identity_match,exact_code_and_source_name,r5674427,114.44539227637225,36.49278985,interior_representative_point,null,null
130403,河北省,邯郸市,丛台区,official_identity_match,exact_code_and_source_name,r5674426,114.4859,36.6166595,admin_centre,null,null
130404,河北省,邯郸市,复兴区,official_identity_match,exact_code_and_source_name,r5674423,114.448333,36.616667,admin_centre,null,null
130406,河北省,邯郸市,峰峰矿区,official_identity_match,exact_code_and_source_name,r4437714,114.2071248,36.4216679,admin_centre,null,null
130407,河北省,邯郸市,肥乡区,official_identity_match,exact_code_and_source_name,r5674422,114.82895756296992,36.5766961,interior_representative_point,null,null
130408,河北省,邯郸市,永年区,official_identity_match,exact_code_and_source_name,r5674433,114.4862869,36.775737,label,null,null
130423,河北省,邯郸市,临漳县,official_identity_match,exact_code_and_source_name,r5674429,114.5976255,36.3341789,admin_centre,null,null
130424,河北省,邯郸市,成安县,official_identity_match,exact_code_and_source_name,r5674419,114.685254,36.4424615,admin_centre,null,null
130425,河北省,邯郸市,大名县,official_identity_match,exact_code_and_source_name,r4437713,115.1409417,36.2823153,admin_centre,null,null
130426,河北省,邯郸市,涉县,official_identity_match,unique_name_and_parent_geometry,r4437715,113.669601,36.5694846,admin_centre,null,null
130427,河北省,邯郸市,磁县,official_identity_match,exact_code_and_source_name,r5674420,114.3717459,36.3674964,admin_centre,null,null
130430,河北省,邯郸市,邱县,official_identity_match,exact_code_and_source_name,r5674430,115.1751929,36.8121719,admin_centre,null,null
130431,河北省,邯郸市,鸡泽县,official_identity_match,exact_code_and_source_name,r5674428,114.8759868,36.9087316,admin_centre,null,null
130432,河北省,邯郸市,广平县,official_identity_match,exact_code_and_source_name,r5674424,115.00968408853659,36.4949035,interior_representative_point,null,null
130433,河北省,邯郸市,馆陶县,official_identity_match,exact_code_and_source_name,r5674425,115.28044927304092,36.6155793,interior_representative_point,null,null
130434,河北省,邯郸市,魏县,official_identity_match,exact_code_and_source_name,r5674432,114.9297848,36.3596001,admin_centre,null,null
130435,河北省,邯郸市,曲周县,official_identity_match,exact_code_and_source_name,r5674431,114.9585243,36.7698986,admin_centre,null,null
130481,河北省,邯郸市,武安市,official_identity_match,exact_code_and_source_name,r4437716,114.1949611,36.6972113,admin_centre,null,null
130502,河北省,邢台市,襄都区,official_identity_match,exact_code_and_source_name,r5673961,114.5010614,37.072321,label,null,null
130503,河北省,邢台市,信都区,official_identity_match,exact_code_and_source_name,r5673958,114.4622019,37.0923607,label,null,null
130505,河北省,邢台市,任泽区,official_identity_match,exact_code_and_source_name,r5673959,114.6800856,37.1263775,label,null,null
130506,河北省,邢台市,南和区,official_identity_match,exact_code_and_source_name,r5673955,114.679299,37.0055919,admin_centre,null,null
130522,河北省,邢台市,临城县,official_identity_match,exact_code_and_source_name,r3383301,114.4962683,37.442735,admin_centre,null,null
130523,河北省,邢台市,内丘县,official_identity_match,exact_code_and_source_name,r3387288,114.5088877,37.2805052,admin_centre,null,null
130524,河北省,邢台市,柏乡县,official_identity_match,exact_code_and_source_name,r3383329,114.68953279986098,37.5140637,interior_representative_point,null,null
130525,河北省,邢台市,隆尧县,official_identity_match,exact_code_and_source_name,r5673954,114.7739376,37.3527745,label,null,null
130528,河北省,邢台市,宁晋县,official_identity_match,exact_code_and_source_name,r3383313,114.9145405,37.6180744,admin_centre,null,null
130529,河北省,邢台市,巨鹿县,official_identity_match,exact_code_and_source_name,r5673953,115.0337736,37.2170455,admin_centre,null,null
130530,河北省,邢台市,新河县,official_identity_match,exact_code_and_source_name,r3290706,115.24874798967939,37.490694649999995,interior_representative_point,null,null
130531,河北省,邢台市,广宗县,official_identity_match,exact_code_and_source_name,r5673952,115.142919,37.0724266,admin_centre,null,null
130532,河北省,邢台市,平乡县,official_identity_match,exact_code_and_source_name,r5673956,115.0254894,37.0634355,admin_centre,null,null
130533,河北省,邢台市,威县,official_identity_match,unique_name_and_parent_geometry,r3290705,115.2666089,36.9820674,admin_centre,null,null
130534,河北省,邢台市,清河县,official_identity_match,exact_code_and_source_name,r3290704,115.6623966,37.0492468,admin_centre,null,null
130535,河北省,邢台市,临西县,official_identity_match,exact_code_and_source_name,r3290702,115.4904177,36.8618258,admin_centre,null,null
130581,河北省,邢台市,南宫市,official_identity_match,exact_code_and_source_name,r3290703,115.3920309,37.3560772,admin_centre,null,null
130582,河北省,邢台市,沙河市,official_identity_match,exact_code_and_source_name,r5673960,114.5112915,36.8616265,admin_centre,null,null
130602,河北省,保定市,竞秀区,official_identity_match,exact_code_and_source_name,r5674885,115.4522914,38.8758998,admin_centre,null,null
130606,河北省,保定市,莲池区,official_identity_match,exact_code_and_source_name,r5674886,115.4909138,38.882642,admin_centre,null,null
130607,河北省,保定市,满城区,official_identity_match,exact_code_and_source_name,r5674887,115.3175649,38.9523591,admin_centre,null,null
130608,河北省,保定市,清苑区,official_identity_match,exact_code_and_source_name,r5674888,115.483333,38.766667,admin_centre,null,null
130609,河北省,保定市,徐水区,official_identity_match,exact_code_and_source_name,r5674891,115.65,39.016667,admin_centre,null,null
130623,河北省,保定市,涞水县,official_identity_match,exact_code_and_source_name,r3551914,115.7076942,39.3933559,admin_centre,null,null
130624,河北省,保定市,阜平县,official_identity_match,exact_code_and_source_name,r3442994,114.1923685,38.8477484,admin_centre,null,null
130626,河北省,保定市,定兴县,official_identity_match,exact_code_and_source_name,r3560171,115.7974802,39.2652271,admin_centre,null,null
130627,河北省,保定市,唐县,official_identity_match,exact_code_and_source_name,r3551814,114.9730506,38.7447452,admin_centre,null,null
130628,河北省,保定市,高阳县,official_identity_match,exact_code_and_source_name,r5674884,115.7719484,38.6906807,admin_centre,null,null
130629,河北省,保定市,容城县,official_identity_match,unique_name_and_parent_geometry,r4820132,115.8572763,39.0451873,admin_centre,null,"{""method"": ""official_city_identity_union_with_existing_source_subareas"", ""baseRelationId"": ""r3442995"", ""addedRelationIds"": [""r4820114"", ""r4820130"", ""r4820132""], ""scope"": ""audit_parent_containment_only"", ""sourceSha256"": ""c3c03b41b6a72d38f70558b9ab64bbc8a0baf92e6e99d1b5f12f95e208ec71d4""}"
130630,河北省,保定市,涞源县,official_identity_match,exact_code_and_source_name,r3551845,114.687235,39.3580862,admin_centre,null,null
130631,河北省,保定市,望都县,official_identity_match,exact_code_and_source_name,r5674890,115.1445063,38.7057028,admin_centre,null,null
130632,河北省,保定市,安新县,official_identity_match,exact_code_and_source_name,r4820114,115.9309289,38.9286268,admin_centre,null,"{""method"": ""official_city_identity_union_with_existing_source_subareas"", ""baseRelationId"": ""r3442995"", ""addedRelationIds"": [""r4820114"", ""r4820130"", ""r4820132""], ""scope"": ""audit_parent_containment_only"", ""sourceSha256"": ""c3c03b41b6a72d38f70558b9ab64bbc8a0baf92e6e99d1b5f12f95e208ec71d4""}"
130633,河北省,保定市,易县,official_identity_match,exact_code_and_source_name,r3551873,115.4911989,39.3484747,admin_centre,null,null
130634,河北省,保定市,曲阳县,official_identity_match,exact_code_and_source_name,r3551443,114.7254469,38.6218749,admin_centre,null,null
130635,河北省,保定市,蠡县,official_identity_match,exact_code_and_source_name,r3560112,115.5775272,38.4864455,admin_centre,null,null
130636,河北省,保定市,顺平县,official_identity_match,exact_code_and_source_name,r5674889,115.1275719,38.8364179,admin_centre,null,null
130637,河北省,保定市,博野县,official_identity_match,exact_code_and_source_name,r3560110,115.4603956,38.4575837,admin_centre,null,null
130638,河北省,保定市,雄县,official_identity_match,exact_code_and_source_name,r4820130,116.0988254,38.9845054,label,null,"{""method"": ""official_city_identity_union_with_existing_source_subareas"", ""baseRelationId"": ""r3442995"", ""addedRelationIds"": [""r4820114"", ""r4820130"", ""r4820132""], ""scope"": ""audit_parent_containment_only"", ""sourceSha256"": ""c3c03b41b6a72d38f70558b9ab64bbc8a0baf92e6e99d1b5f12f95e208ec71d4""}"
130681,河北省,保定市,涿州市,official_identity_match,exact_code_and_source_name,r3551920,115.96858,39.4833502,admin_centre,null,null
130682,河北省,保定市,定州市,official_identity_match,exact_code_and_source_name,r3560111,114.9970044,38.5112175,admin_centre,null,null
130683,河北省,保定市,安国市,official_identity_match,exact_code_and_source_name,r3560109,115.3303798,38.4277476,admin_centre,null,null
130684,河北省,保定市,高碑店市,official_identity_match,exact_code_and_source_name,r3551966,115.8702855,39.3242969,admin_centre,null,null
130702,河北省,张家口市,桥东区,official_identity_match,exact_code_and_source_name,r5659832,114.8879477,40.7871193,admin_centre,null,null
130703,河北省,张家口市,桥西区,official_identity_match,exact_code_and_source_name,r3295553,114.8636053,40.8180966,admin_centre,null,null
130705,河北省,张家口市,宣化区,official_identity_match,exact_code_and_source_name,r5659835,115.072195,40.6067217,label,null,null
130706,河北省,张家口市,下花园区,official_identity_match,exact_code_and_source_name,r5659833,115.280978,40.5013678,admin_centre,null,null
130708,河北省,张家口市,万全区,official_identity_match,exact_code_and_source_name,r3295554,114.7315976,40.7659818,admin_centre,null,null
130709,河北省,张家口市,崇礼区,official_identity_match,exact_code_and_source_name,r5658710,115.2767385,40.9705151,admin_centre,null,null
130722,河北省,张家口市,张北县,official_identity_match,exact_code_and_source_name,r2990910,114.7163136,41.1482307,admin_centre,null,null
130723,河北省,张家口市,康保县,official_identity_match,unique_name_and_parent_geometry,r2990909,114.5939985,41.850769,admin_centre,null,null
130724,河北省,张家口市,沽源县,official_identity_match,exact_code_and_source_name,r2990672,115.6821748,41.6681741,admin_centre,null,null
130725,河北省,张家口市,尚义县,official_identity_match,exact_code_and_source_name,r2990718,113.9624235,41.0747603,admin_centre,null,null
130726,河北省,张家口市,蔚县,official_identity_match,exact_code_and_source_name,r3295570,114.5699856,39.8352102,admin_centre,null,null
130727,河北省,张家口市,阳原县,official_identity_match,exact_code_and_source_name,r3295751,114.1437511,40.1024742,admin_centre,null,null
130728,河北省,张家口市,怀安县,official_identity_match,exact_code_and_source_name,r3007835,114.3799058,40.6734889,admin_centre,null,null
130730,河北省,张家口市,怀来县,official_identity_match,exact_code_and_source_name,r3295552,115.511545,40.4136112,admin_centre,null,null
130731,河北省,张家口市,涿鹿县,official_identity_match,exact_code_and_source_name,r3295824,115.1905052,40.3811576,admin_centre,null,null
130732,河北省,张家口市,赤城县,official_identity_match,unique_name_and_parent_geometry,r3883180,115.8258471,40.9118717,admin_centre,null,null
130802,河北省,承德市,双桥区,official_identity_match,exact_code_and_source_name,r2989034,117.9382317,40.9726409,admin_centre,null,null
130803,河北省,承德市,双滦区,official_identity_match,exact_code_and_source_name,r2989033,117.7837203,40.9565712,admin_centre,null,null
130804,河北省,承德市,鹰手营子矿区,official_identity_match,exact_code_and_source_name,r2989000,117.6570759,40.545995,admin_centre,null,null
130821,河北省,承德市,承德县,official_identity_match,exact_code_and_source_name,r2989028,118.1516856,40.769433,admin_centre,null,null
130822,河北省,承德市,兴隆县,official_identity_match,exact_code_and_source_name,r2988999,117.4890085,40.4167864,admin_centre,null,null
130824,河北省,承德市,滦平县,official_identity_match,exact_code_and_source_name,r2989032,117.3263966,40.9392159,admin_centre,null,null
130825,河北省,承德市,隆化县,official_identity_match,exact_code_and_source_name,r2989031,117.7325265,41.3123716,admin_centre,null,null
130826,河北省,承德市,丰宁满族自治县,official_identity_match,exact_code_and_source_name,r2989029,116.6340777,41.2194964,admin_centre,null,null
130827,河北省,承德市,宽城满族自治县,official_identity_match,exact_code_and_source_name,r2145043,118.4794699,40.6094977,admin_centre,null,null
130828,河北省,承德市,围场满族蒙古族自治县,official_identity_match,exact_code_and_source_name,r2989030,117.7579506,41.9355583,admin_centre,null,null
130881,河北省,承德市,平泉市,official_identity_match,exact_code_and_source_name,r2144973,118.6892901,41.0058155,admin_centre,null,null
130902,河北省,沧州市,新华区,official_identity_match,exact_code_and_source_name,r4595606,116.8678815,38.3143165,admin_centre,null,null
130903,河北省,沧州市,运河区,official_identity_match,exact_code_and_source_name,r5679069,116.85,38.311667,admin_centre,null,null
130921,河北省,沧州市,沧县,official_identity_match,exact_code_and_source_name,r5679057,116.8547044,38.2036564,label,null,null
130922,河北省,沧州市,青县,official_identity_match,exact_code_and_source_name,r5679063,116.8121731,38.5742905,admin_centre,null,null
130923,河北省,沧州市,东光县,official_identity_match,exact_code_and_source_name,r4595605,116.5427315,37.8823846,admin_centre,null,null
130924,河北省,沧州市,海兴县,official_identity_match,exact_code_and_source_name,r5679058,117.4908501,38.1406662,admin_centre,null,null
130925,河北省,沧州市,盐山县,official_identity_match,exact_code_and_source_name,r5679068,117.2219968,38.0579995,admin_centre,null,null
130926,河北省,沧州市,肃宁县,official_identity_match,exact_code_and_source_name,r5679065,115.8265322,38.4264187,label,null,null
130927,河北省,沧州市,南皮县,official_identity_match,exact_code_and_source_name,r5679062,116.85032758799906,38.0091766,interior_representative_point,null,null
130928,河北省,沧州市,吴桥县,official_identity_match,exact_code_and_source_name,r5679066,116.3863759,37.6259062,admin_centre,null,null
130929,河北省,沧州市,献县,official_identity_match,exact_code_and_source_name,r5679067,116.1191021,38.1904931,admin_centre,null,null
130930,河北省,沧州市,孟村回族自治县,official_identity_match,exact_code_and_source_name,r5679061,117.0981778,38.052498,admin_centre,null,null
130981,河北省,沧州市,泊头市,official_identity_match,exact_code_and_source_name,r4595845,116.5696393,38.0764217,admin_centre,null,null
130982,河北省,沧州市,任丘市,official_identity_match,exact_code_and_source_name,r5679064,116.1062203,38.7063767,admin_centre,null,null
130983,河北省,沧州市,黄骅市,official_identity_match,exact_code_and_source_name,r5679060,117.333333,38.366667,admin_centre,null,null
130984,河北省,沧州市,河间市,official_identity_match,exact_code_and_source_name,r5679059,116.0901457,38.4425293,admin_centre,null,null
131002,河北省,廊坊市,安次区,official_identity_match,exact_code_and_source_name,r2989319,116.6925016,39.5045818,label,null,null
131003,河北省,廊坊市,广阳区,official_identity_match,exact_code_and_source_name,r2989324,116.704584,39.5221875,admin_centre,null,null
131022,河北省,廊坊市,固安县,official_identity_match,exact_code_and_source_name,r2989323,116.2978819,39.4406082,admin_centre,null,null
131023,河北省,廊坊市,永清县,official_identity_match,exact_code_and_source_name,r2989328,116.4901636,39.3208213,admin_centre,null,null
131024,河北省,廊坊市,香河县,official_identity_match,exact_code_and_source_name,r2989327,116.9999398,39.7623873,admin_centre,null,null
131025,河北省,廊坊市,大城县,official_identity_match,exact_code_and_source_name,r2989322,116.6371407,38.6994744,admin_centre,null,null
131026,河北省,廊坊市,文安县,official_identity_match,exact_code_and_source_name,r2989326,116.4567788,38.8654817,admin_centre,null,null
131028,河北省,廊坊市,大厂回族自治县,official_identity_match,exact_code_and_source_name,r2989321,116.9803804,39.8851468,label,null,null
131081,河北省,廊坊市,霸州市,official_identity_match,exact_code_and_source_name,r2989320,116.3922323,39.1120884,admin_centre,null,null
131082,河北省,廊坊市,三河市,official_identity_match,exact_code_and_source_name,r2989325,117.0714873,39.9815552,admin_centre,null,null
131102,河北省,衡水市,桃城区,official_identity_match,exact_code_and_source_name,r5681104,115.664982,37.7147099,admin_centre,null,null
131103,河北省,衡水市,冀州区,official_identity_match,exact_code_and_source_name,r5681101,115.5795593,37.543722,admin_centre,null,null
131121,河北省,衡水市,枣强县,official_identity_match,exact_code_and_source_name,r5681107,115.7204781,37.5061874,admin_centre,null,null
131122,河北省,衡水市,武邑县,official_identity_match,exact_code_and_source_name,r5681106,115.8794436,37.8001681,admin_centre,null,null
131123,河北省,衡水市,武强县,official_identity_match,exact_code_and_source_name,r5681105,115.9684694,38.0372836,admin_centre,null,null
131124,河北省,衡水市,饶阳县,official_identity_match,exact_code_and_source_name,r5681102,115.720573,38.2331677,admin_centre,null,null
131125,河北省,衡水市,安平县,official_identity_match,exact_code_and_source_name,r5681098,115.5137046,38.2294881,admin_centre,null,null
131126,河北省,衡水市,故城县,official_identity_match,exact_code_and_source_name,r5681099,115.9646818,37.3490348,admin_centre,null,null
131127,河北省,衡水市,景县,official_identity_match,exact_code_and_source_name,r5681100,116.260833,37.690556,admin_centre,null,null
131128,河北省,衡水市,阜城县,official_identity_match,exact_code_and_source_name,r4595920,116.1679917,37.8676325,admin_centre,null,null
131182,河北省,衡水市,深州市,official_identity_match,exact_code_and_source_name,r5681103,115.5555234,37.9995085,admin_centre,null,null
140105,山西省,太原市,小店区,official_identity_match,exact_code_and_source_name,r3441533,112.5593945,37.7354265,admin_centre,null,null
140106,山西省,太原市,迎泽区,official_identity_match,exact_code_and_source_name,r3441536,112.5611111,37.8629286,admin_centre,null,null
140107,山西省,太原市,杏花岭区,official_identity_match,exact_code_and_source_name,r3441534,112.5693509,37.8930086,admin_centre,null,null
140108,山西省,太原市,尖草坪区,official_identity_match,exact_code_and_source_name,r3441529,112.4800869,37.9398657,admin_centre,null,null
140109,山西省,太原市,万柏林区,official_identity_match,exact_code_and_source_name,r3441532,112.5092133,37.8591639,admin_centre,null,null
140110,山西省,太原市,晋源区,official_identity_match,exact_code_and_source_name,r3441530,112.470823,37.7137529,admin_centre,null,null
140121,山西省,太原市,清徐县,official_identity_match,exact_code_and_source_name,r3441531,112.3538125,37.6049576,admin_centre,null,null
140122,山西省,太原市,阳曲县,official_identity_match,exact_code_and_source_name,r3441535,112.6695016,38.0583373,admin_centre,null,null
140123,山西省,太原市,娄烦县,official_identity_match,exact_code_and_source_name,r3022867,111.7981024,38.0691073,admin_centre,null,null
140181,山西省,太原市,古交市,official_identity_match,exact_code_and_source_name,r3441528,112.1685309,37.9066291,admin_centre,null,null
140212,山西省,大同市,新荣区,official_identity_match,exact_code_and_source_name,r3230505,113.1325796,40.2548725,admin_centre,null,null
140213,山西省,大同市,平城区,official_identity_match,exact_code_and_source_name,r3230498,113.2911819,40.0740529,admin_centre,null,null
140214,山西省,大同市,云冈区,official_identity_match,exact_code_and_source_name,r3230503,113.1425064,40.0037367,admin_centre,null,null
140215,山西省,大同市,云州区,official_identity_match,exact_code_and_source_name,r3230499,113.6056657,40.0404941,admin_centre,null,null
140221,山西省,大同市,阳高县,official_identity_match,exact_code_and_source_name,r3230506,113.7439231,40.3597967,admin_centre,null,null
140222,山西省,大同市,天镇县,official_identity_match,exact_code_and_source_name,r3230504,114.0840915,40.4195159,admin_centre,null,null
140223,山西省,大同市,广灵县,official_identity_match,exact_code_and_source_name,r3230500,114.2731683,39.7638318,admin_centre,null,null
140224,山西省,大同市,灵丘县,official_identity_match,exact_code_and_source_name,r3230502,114.2281618,39.440603,admin_centre,null,null
140225,山西省,大同市,浑源县,official_identity_match,exact_code_and_source_name,r3230501,113.690988,39.6982521,admin_centre,null,null
140226,山西省,大同市,左云县,official_identity_match,exact_code_and_source_name,r3230507,112.6994752,40.0127845,admin_centre,null,null
140302,山西省,阳泉市,城区,official_identity_match,exact_code_and_source_name,r3285000,113.5942783,37.8469509,admin_centre,null,null
140303,山西省,阳泉市,矿区,official_identity_match,exact_code_and_source_name,r3285002,113.548725,37.8679573,admin_centre,null,null
140311,山西省,阳泉市,郊区,official_identity_match,exact_code_and_source_name,r3285001,113.5876795,37.9424295,admin_centre,null,null
140321,山西省,阳泉市,平定县,official_identity_match,exact_code_and_source_name,r3285003,113.6232839,37.8041724,admin_centre,null,null
140322,山西省,阳泉市,盂县,official_identity_match,exact_code_and_source_name,r3285004,113.4053844,38.0848375,admin_centre,null,null
140403,山西省,长治市,潞州区,official_identity_match,exact_code_and_source_name,r2963906,113.1162912,36.2030575,admin_centre,null,null
140404,山西省,长治市,上党区,official_identity_match,exact_code_and_source_name,r2963903,113.0483202,36.0500991,admin_centre,null,null
140405,山西省,长治市,屯留区,official_identity_match,unique_name_and_parent_geometry,r2963912,112.8864018,36.316632,admin_centre,null,null
140406,山西省,长治市,潞城区,official_identity_match,exact_code_and_source_name,r2963908,113.2229175,36.3323996,admin_centre,null,null
140423,山西省,长治市,襄垣县,official_identity_match,exact_code_and_source_name,r2963914,113.0447175,36.5351005,admin_centre,null,null
140425,山西省,长治市,平顺县,official_identity_match,exact_code_and_source_name,r2963909,113.429176,36.2001682,admin_centre,null,null
140426,山西省,长治市,黎城县,official_identity_match,exact_code_and_source_name,r2963907,113.3800181,36.5023265,admin_centre,null,null
140427,山西省,长治市,壶关县,official_identity_match,exact_code_and_source_name,r2963905,113.2026316,36.1101332,admin_centre,null,null
140428,山西省,长治市,长子县,official_identity_match,exact_code_and_source_name,r2963915,112.8733506,36.1166043,admin_centre,null,null
140429,山西省,长治市,武乡县,official_identity_match,exact_code_and_source_name,r2963913,112.8572396,36.8377276,admin_centre,null,null
140430,山西省,长治市,沁县,official_identity_match,exact_code_and_source_name,r2963910,112.6923552,36.7559495,admin_centre,null,null
140431,山西省,长治市,沁源县,official_identity_match,exact_code_and_source_name,r2963911,112.3361624,36.4987354,admin_centre,null,null
140502,山西省,晋城市,城区,official_identity_match,exact_code_and_source_name,r3237067,112.8472462,35.5021131,admin_centre,null,null
140521,山西省,晋城市,沁水县,official_identity_match,exact_code_and_source_name,r3237069,112.1724245,35.6873175,admin_centre,null,null
140522,山西省,晋城市,阳城县,official_identity_match,exact_code_and_source_name,r3237070,112.4212919,35.4797606,label,null,null
140524,山西省,晋城市,陵川县,official_identity_match,exact_code_and_source_name,r3236755,113.2717348,35.776256,admin_centre,null,null
140525,山西省,晋城市,泽州县,official_identity_match,exact_code_and_source_name,r3237071,112.9159745,35.5075227,admin_centre,null,null
140581,山西省,晋城市,高平市,official_identity_match,exact_code_and_source_name,r3237068,112.9229854,35.7984314,admin_centre,null,null
140602,山西省,朔州市,朔城区,official_identity_match,exact_code_and_source_name,r3226537,112.4196621,39.317035,admin_centre,null,null
140603,山西省,朔州市,平鲁区,official_identity_match,exact_code_and_source_name,r3226535,112.2817133,39.5106971,admin_centre,null,null
140621,山西省,朔州市,山阴县,official_identity_match,exact_code_and_source_name,r3226536,112.8098363,39.5258452,admin_centre,null,null
140622,山西省,朔州市,应县,official_identity_match,exact_code_and_source_name,r3226538,113.1819748,39.5641443,admin_centre,null,null
140623,山西省,朔州市,右玉县,official_identity_match,exact_code_and_source_name,r3226539,112.4611411,39.9877866,admin_centre,null,null
140681,山西省,朔州市,怀仁市,official_identity_match,exact_code_and_source_name,r3226534,113.1259295,39.8179273,admin_centre,null,null
140702,山西省,晋中市,榆次区,official_identity_match,exact_code_and_source_name,r3441294,112.7010921,37.6975589,admin_centre,null,null
140703,山西省,晋中市,太谷区,official_identity_match,exact_code_and_source_name,r3441292,112.5445933,37.427279,admin_centre,null,null
140721,山西省,晋中市,榆社县,official_identity_match,exact_code_and_source_name,r3441295,112.9687344,37.0704117,admin_centre,null,null
140722,山西省,晋中市,左权县,official_identity_match,exact_code_and_source_name,r3075780,113.3645816,37.0782335,admin_centre,null,null
140723,山西省,晋中市,和顺县,official_identity_match,exact_code_and_source_name,r3075779,113.5635789,37.3243861,admin_centre,null,null
140724,山西省,晋中市,昔阳县,official_identity_match,exact_code_and_source_name,r3441293,113.7005555,37.612051,admin_centre,null,null
140725,山西省,晋中市,寿阳县,official_identity_match,exact_code_and_source_name,r3441291,113.1692845,37.8938668,admin_centre,null,null
140727,山西省,晋中市,祁县,official_identity_match,exact_code_and_source_name,r3441290,112.3188663,37.3572401,admin_centre,null,null
140728,山西省,晋中市,平遥县,official_identity_match,exact_code_and_source_name,r3298440,112.1771043,37.2037904,admin_centre,null,null
140729,山西省,晋中市,灵石县,official_identity_match,exact_code_and_source_name,r3298439,111.7722258,36.8477325,admin_centre,null,null
140781,山西省,晋中市,介休市,official_identity_match,exact_code_and_source_name,r3298438,111.9154182,37.0310036,admin_centre,null,null
140802,山西省,运城市,盐湖区,official_identity_match,exact_code_and_source_name,r3224226,110.9972761,35.0138299,admin_centre,null,null
140821,山西省,运城市,临猗县,official_identity_match,exact_code_and_source_name,r3224219,110.769063,35.1433533,admin_centre,null,null
140822,山西省,运城市,万荣县,official_identity_match,exact_code_and_source_name,r3224222,110.8332604,35.4143027,admin_centre,null,null
140823,山西省,运城市,闻喜县,official_identity_match,exact_code_and_source_name,r3224223,111.2113197,35.352531,admin_centre,null,null
140824,山西省,运城市,稷山县,official_identity_match,exact_code_and_source_name,r3224218,110.9733293,35.60695,admin_centre,null,null
140825,山西省,运城市,新绛县,official_identity_match,exact_code_and_source_name,r3224225,111.2183795,35.6134465,admin_centre,null,null
140826,山西省,运城市,绛县,official_identity_match,exact_code_and_source_name,r3224217,111.5744675,35.4920468,admin_centre,null,null
140827,山西省,运城市,垣曲县,official_identity_match,exact_code_and_source_name,r3224228,111.6548847,35.2956413,admin_centre,null,null
140828,山西省,运城市,夏县,official_identity_match,exact_code_and_source_name,r3224224,111.2144948,35.1417802,admin_centre,null,null
140829,山西省,运城市,平陆县,official_identity_match,exact_code_and_source_name,r3224220,111.2110046,34.8370207,admin_centre,null,null
140830,山西省,运城市,芮城县,official_identity_match,exact_code_and_source_name,r3224221,110.6888662,34.6966561,admin_centre,null,null
140881,山西省,运城市,永济市,official_identity_match,exact_code_and_source_name,r3224227,110.476345,34.898926,label,null,null
140882,山西省,运城市,河津市,official_identity_match,exact_code_and_source_name,r3224216,110.7057517,35.5957768,admin_centre,null,null
140902,山西省,忻州市,忻府区,official_identity_match,unique_name_and_parent_geometry,r3008567,112.7397206,38.4031047,admin_centre,null,null
140921,山西省,忻州市,定襄县,official_identity_match,exact_code_and_source_name,r3008557,112.9535269,38.4723163,admin_centre,null,null
140922,山西省,忻州市,五台县,official_identity_match,exact_code_and_source_name,r3008565,113.2483674,38.7279575,admin_centre,null,null
140923,山西省,忻州市,代县,official_identity_match,exact_code_and_source_name,r3008556,112.9547131,39.0669616,admin_centre,null,null
140924,山西省,忻州市,繁峙县,official_identity_match,exact_code_and_source_name,r3008558,113.2585518,39.1881173,admin_centre,null,null
140925,山西省,忻州市,宁武县,official_identity_match,exact_code_and_source_name,r3008562,112.2988353,39.0009595,admin_centre,null,null
140926,山西省,忻州市,静乐县,official_identity_match,exact_code_and_source_name,r3008560,111.9304103,38.3547319,admin_centre,null,null
140927,山西省,忻州市,神池县,official_identity_match,exact_code_and_source_name,r3008564,112.192819,39.0866838,admin_centre,null,null
140928,山西省,忻州市,五寨县,official_identity_match,exact_code_and_source_name,r3008566,111.8403596,38.9103675,admin_centre,null,null
140929,山西省,忻州市,岢岚县,official_identity_match,exact_code_and_source_name,r3008561,111.5560795,38.7043338,admin_centre,null,null
140930,山西省,忻州市,河曲县,official_identity_match,exact_code_and_source_name,r3008559,111.146069,39.3792809,admin_centre,null,null
140931,山西省,忻州市,保德县,official_identity_match,exact_code_and_source_name,r3008555,111.0748263,39.0183366,admin_centre,null,null
140932,山西省,忻州市,偏关县,official_identity_match,exact_code_and_source_name,r3008563,111.492022,39.4421219,admin_centre,null,null
140981,山西省,忻州市,原平市,official_identity_match,exact_code_and_source_name,r3008568,112.7043694,38.7304495,admin_centre,null,null
141002,山西省,临汾市,尧都区,official_identity_match,exact_code_and_source_name,r3286001,111.5734529,36.0800383,admin_centre,null,null
141021,山西省,临汾市,曲沃县,official_identity_match,exact_code_and_source_name,r3285997,111.4694289,35.6416899,admin_centre,null,null
141022,山西省,临汾市,翼城县,official_identity_match,exact_code_and_source_name,r3286002,111.7128193,35.7397202,admin_centre,null,null
141023,山西省,临汾市,襄汾县,official_identity_match,exact_code_and_source_name,r3285999,111.4240518,35.8904471,admin_centre,null,null
141024,山西省,临汾市,洪洞县,official_identity_match,exact_code_and_source_name,r3285992,111.6693621,36.2538756,admin_centre,null,null
141025,山西省,临汾市,古县,official_identity_match,exact_code_and_source_name,r3285991,111.9158051,36.2664337,admin_centre,null,null
141026,山西省,临汾市,安泽县,official_identity_match,exact_code_and_source_name,r3285986,112.2435328,36.1474356,admin_centre,null,null
141027,山西省,临汾市,浮山县,official_identity_match,exact_code_and_source_name,r3285990,111.8439032,35.9756675,admin_centre,null,null
141028,山西省,临汾市,吉县,official_identity_match,exact_code_and_source_name,r3285995,110.6752726,36.0968914,admin_centre,null,null
141029,山西省,临汾市,乡宁县,official_identity_match,exact_code_and_source_name,r3286000,110.8407924,35.9715027,admin_centre,null,null
141030,山西省,临汾市,大宁县,official_identity_match,exact_code_and_source_name,r3285987,110.7470245,36.4651699,admin_centre,null,null
141031,山西省,临汾市,隰县,official_identity_match,exact_code_and_source_name,r3285998,110.9309565,36.693694,admin_centre,null,null
141032,山西省,临汾市,永和县,official_identity_match,exact_code_and_source_name,r3285988,110.6264878,36.7595016,admin_centre,null,null
141033,山西省,临汾市,蒲县,official_identity_match,exact_code_and_source_name,r3285996,111.087907,36.413058,admin_centre,null,null
141034,山西省,临汾市,汾西县,official_identity_match,exact_code_and_source_name,r3285989,111.5576734,36.6529235,admin_centre,null,null
141081,山西省,临汾市,侯马市,official_identity_match,exact_code_and_source_name,r3285993,111.3657616,35.6191208,admin_centre,null,null
141082,山西省,临汾市,霍州市,official_identity_match,exact_code_and_source_name,r3285994,111.7487412,36.5687249,admin_centre,null,null
141102,山西省,吕梁市,离石区,official_identity_match,exact_code_and_source_name,r3263819,111.1436305,37.5166148,admin_centre,null,null
141121,山西省,吕梁市,文水县,official_identity_match,exact_code_and_source_name,r3263822,112.0305414,37.43221,admin_centre,null,null
141122,山西省,吕梁市,交城县,official_identity_match,exact_code_and_source_name,r3263816,112.1539251,37.5545852,admin_centre,null,null
141123,山西省,吕梁市,兴县,official_identity_match,exact_code_and_source_name,r3263824,111.1186276,38.4634006,admin_centre,null,null
141124,山西省,吕梁市,临县,official_identity_match,exact_code_and_source_name,r3263818,110.9865441,37.9504623,admin_centre,null,null
141125,山西省,吕梁市,柳林县,official_identity_match,exact_code_and_source_name,r3263820,110.8832524,37.4295111,admin_centre,null,null
141126,山西省,吕梁市,石楼县,official_identity_match,exact_code_and_source_name,r3263821,110.8288519,36.9978088,admin_centre,null,null
141127,山西省,吕梁市,岚县,official_identity_match,exact_code_and_source_name,r3022871,111.6655786,38.2790971,admin_centre,null,null
141128,山西省,吕梁市,方山县,official_identity_match,exact_code_and_source_name,r3263814,111.2380344,37.8943831,admin_centre,null,null
141129,山西省,吕梁市,中阳县,official_identity_match,unique_name_and_parent_geometry,r3263825,111.1726227,37.3572952,admin_centre,null,null
141130,山西省,吕梁市,交口县,official_identity_match,exact_code_and_source_name,r3263817,111.1764312,36.9828776,admin_centre,null,null
141181,山西省,吕梁市,孝义市,official_identity_match,exact_code_and_source_name,r3263823,111.7724751,37.1452884,admin_centre,null,null
141182,山西省,吕梁市,汾阳市,official_identity_match,exact_code_and_source_name,r3263815,111.7830029,37.2683004,admin_centre,null,null
150102,内蒙古自治区,呼和浩特市,新城区,official_identity_match,exact_code_and_source_name,r2752849,111.6588478,40.8562105,label,null,null
150103,内蒙古自治区,呼和浩特市,回民区,official_identity_match,exact_code_and_source_name,r2752844,111.6172239,40.8070394,label,null,null
150104,内蒙古自治区,呼和浩特市,玉泉区,official_identity_match,exact_code_and_source_name,r2752850,111.6506459,40.7201675,label,null,null
150105,内蒙古自治区,呼和浩特市,赛罕区,official_identity_match,exact_code_and_source_name,r2752846,111.6946262,40.7907931,label,null,null
150121,内蒙古自治区,呼和浩特市,土默特左旗,official_identity_match,exact_code_and_source_name,r2752847,111.1570982,40.7271033,label,null,null
150122,内蒙古自治区,呼和浩特市,托克托县,official_identity_match,exact_code_and_source_name,r2127262,111.1875149,40.2766187,label,null,null
150123,内蒙古自治区,呼和浩特市,和林格尔县,official_identity_match,exact_code_and_source_name,r2127235,111.8145461,40.3765193,admin_centre,null,null
150124,内蒙古自治区,呼和浩特市,清水河县,official_identity_match,exact_code_and_source_name,r2752845,111.6407249,39.9206678,label,null,null
150125,内蒙古自治区,呼和浩特市,武川县,official_identity_match,exact_code_and_source_name,r2752848,111.2120779,41.1462044,label,null,null
150202,内蒙古自治区,包头市,东河区,official_identity_match,exact_code_and_source_name,r5660535,110.0378343,40.5738002,label,null,null
150203,内蒙古自治区,包头市,昆都仑区,official_identity_match,exact_code_and_source_name,r5660536,109.834384,40.6550152,label,null,null
150204,内蒙古自治区,包头市,青山区,official_identity_match,exact_code_and_source_name,r5660538,109.8959597,40.6424752,label,null,null
150205,内蒙古自治区,包头市,石拐区,official_identity_match,exact_code_and_source_name,r5660539,110.0552378,40.6755001,label,null,null
150206,内蒙古自治区,包头市,白云鄂博矿区,official_identity_match,exact_code_and_source_name,r2752950,109.9678014,41.7678492,admin_centre,null,null
150207,内蒙古自治区,包头市,九原区,official_identity_match,exact_code_and_source_name,r5660537,109.9615247,40.6092069,admin_centre,null,null
150221,内蒙古自治区,包头市,土默特右旗,official_identity_match,exact_code_and_source_name,r2752953,110.5182596,40.5678681,label,null,null
150222,内蒙古自治区,包头市,固阳县,official_identity_match,exact_code_and_source_name,r2752952,110.0539954,41.0325989,label,null,null
150223,内蒙古自治区,包头市,达尔罕茂明安联合旗,official_identity_match,exact_code_and_source_name,r2752951,110.4263234,41.6965544,admin_centre,null,null
150302,内蒙古自治区,乌海市,海勃湾区,official_identity_match,exact_code_and_source_name,r5661673,106.8177375,39.6905523,label,null,null
150303,内蒙古自治区,乌海市,海南区,official_identity_match,exact_code_and_source_name,r5661715,106.8868507,39.4404504,label,null,null
150304,内蒙古自治区,乌海市,乌达区,official_identity_match,exact_code_and_source_name,r5661723,106.7019803,39.5279836,label,null,null
150402,内蒙古自治区,赤峰市,红山区,official_identity_match,exact_code_and_source_name,r2753356,118.950116,42.2922841,admin_centre,null,null
150403,内蒙古自治区,赤峰市,元宝山区,official_identity_match,exact_code_and_source_name,r2753362,119.2861043,42.035817,admin_centre,null,null
150404,内蒙古自治区,赤峰市,松山区,official_identity_match,exact_code_and_source_name,r2753361,118.9133771,42.2948264,label,null,null
150421,内蒙古自治区,赤峰市,阿鲁科尔沁旗,official_identity_match,exact_code_and_source_name,r2753352,120.0592232,43.8689717,admin_centre,null,null
150422,内蒙古自治区,赤峰市,巴林左旗,official_identity_match,exact_code_and_source_name,r2753353,119.3791752,43.9750704,admin_centre,null,null
150423,内蒙古自治区,赤峰市,巴林右旗,official_identity_match,exact_code_and_source_name,r2753354,118.6583575,43.5300883,admin_centre,null,null
150424,内蒙古自治区,赤峰市,林西县,official_identity_match,exact_code_and_source_name,r2753358,118.049795,43.6141467,admin_centre,null,null
150425,内蒙古自治区,赤峰市,克什克腾旗,official_identity_match,exact_code_and_source_name,r2753355,117.5376754,43.2594773,admin_centre,null,null
150426,内蒙古自治区,赤峰市,翁牛特旗,official_identity_match,exact_code_and_source_name,r2753360,118.9999435,42.9330866,admin_centre,null,null
150428,内蒙古自治区,赤峰市,喀喇沁旗,official_identity_match,exact_code_and_source_name,r2753357,118.6979851,41.9190529,admin_centre,null,null
150429,内蒙古自治区,赤峰市,宁城县,official_identity_match,exact_code_and_source_name,r2753359,119.3144594,41.5968435,admin_centre,null,null
150430,内蒙古自治区,赤峰市,敖汉旗,official_identity_match,exact_code_and_source_name,r2753351,119.905402,42.2866585,admin_centre,null,null
150502,内蒙古自治区,通辽市,科尔沁区,official_identity_match,exact_code_and_source_name,r2753401,122.2499685,43.6202867,admin_centre,null,null
150521,内蒙古自治区,通辽市,科尔沁左翼中旗,official_identity_match,exact_code_and_source_name,r2753403,123.3136249,44.1228274,admin_centre,null,null
150522,内蒙古自治区,通辽市,科尔沁左翼后旗,official_identity_match,exact_code_and_source_name,r2753402,122.340567,42.9531164,admin_centre,null,null
150523,内蒙古自治区,通辽市,开鲁县,official_identity_match,exact_code_and_source_name,r2753406,121.3130929,43.598169,admin_centre,null,null
150524,内蒙古自治区,通辽市,库伦旗,official_identity_match,exact_code_and_source_name,r2753404,121.8050789,42.7347533,admin_centre,null,null
150525,内蒙古自治区,通辽市,奈曼旗,official_identity_match,exact_code_and_source_name,r2753407,120.6524402,42.8494679,admin_centre,null,null
150526,内蒙古自治区,通辽市,扎鲁特旗,official_identity_match,unique_name_and_parent_geometry,r2753405,120.9035476,44.556055,admin_centre,null,null
150581,内蒙古自治区,通辽市,霍林郭勒市,official_identity_match,exact_code_and_source_name,r2753400,119.6519625,45.5233407,admin_centre,null,null
150602,内蒙古自治区,鄂尔多斯市,东胜区,official_identity_match,exact_code_and_source_name,r2752775,109.9577645,39.820393,admin_centre,null,null
150603,内蒙古自治区,鄂尔多斯市,康巴什区,official_identity_match,exact_code_and_source_name,r7507797,109.8546245,39.606782,label,null,null
150621,内蒙古自治区,鄂尔多斯市,达拉特旗,official_identity_match,exact_code_and_source_name,r2752774,109.8914298,40.2192006,label,null,null
150622,内蒙古自治区,鄂尔多斯市,准格尔旗,official_identity_match,exact_code_and_source_name,r2105193,111.2675248,40.0902628,admin_centre,null,null
150623,内蒙古自治区,鄂尔多斯市,鄂托克前旗,official_identity_match,exact_code_and_source_name,r2752779,107.4763123,38.1819916,admin_centre,null,null
150624,内蒙古自治区,鄂尔多斯市,鄂托克旗,official_identity_match,exact_code_and_source_name,r2752778,107.9798417,39.0915293,admin_centre,null,null
150625,内蒙古自治区,鄂尔多斯市,杭锦旗,official_identity_match,exact_code_and_source_name,r2752777,108.7308421,39.8318867,admin_centre,null,null
150626,内蒙古自治区,鄂尔多斯市,乌审旗,official_identity_match,exact_code_and_source_name,r2752780,108.834648,38.6072683,admin_centre,null,null
150627,内蒙古自治区,鄂尔多斯市,伊金霍洛旗,official_identity_match,exact_code_and_source_name,r2752776,109.7428221,39.5623825,admin_centre,null,null
150702,内蒙古自治区,呼伦贝尔市,海拉尔区,official_identity_match,exact_code_and_source_name,r161676,119.817227,49.2321432,admin_centre,null,null
150703,内蒙古自治区,呼伦贝尔市,扎赉诺尔区,official_identity_match,exact_code_and_source_name,r10587395,117.6849182,49.4699466,admin_centre,null,null
150721,内蒙古自治区,呼伦贝尔市,阿荣旗,official_identity_match,exact_code_and_source_name,r1247004,123.4585282,48.1286523,admin_centre,null,null
150722,内蒙古自治区,呼伦贝尔市,莫力达瓦达斡尔族自治旗,official_identity_match,exact_code_and_source_name,r1247005,124.4887489,48.4710543,admin_centre,null,null
150723,内蒙古自治区,呼伦贝尔市,鄂伦春自治旗,official_identity_match,exact_code_and_source_name,r161773,123.71817,50.5902344,admin_centre,null,null
150724,内蒙古自治区,呼伦贝尔市,鄂温克族自治旗,official_identity_match,exact_code_and_source_name,r161771,119.7444019,49.1379949,admin_centre,null,null
150725,内蒙古自治区,呼伦贝尔市,陈巴尔虎旗,official_identity_match,exact_code_and_source_name,r161728,119.4370345,49.3282532,admin_centre,null,null
150726,内蒙古自治区,呼伦贝尔市,新巴尔虎左旗,official_identity_match,exact_code_and_source_name,r161671,118.2631198,48.2164788,admin_centre,null,null
150727,内蒙古自治区,呼伦贝尔市,新巴尔虎右旗,official_identity_match,exact_code_and_source_name,r161722,116.8161169,48.6705416,admin_centre,null,null
150781,内蒙古自治区,呼伦贝尔市,满洲里市,official_identity_match,exact_code_and_source_name,r161724,117.4464324,49.5914042,admin_centre,null,null
150782,内蒙古自治区,呼伦贝尔市,牙克石市,official_identity_match,exact_code_and_source_name,r1246934,120.7283079,49.285437,admin_centre,null,null
150783,内蒙古自治区,呼伦贝尔市,扎兰屯市,official_identity_match,exact_code_and_source_name,r161800,122.737009,47.9954052,admin_centre,null,null
150784,内蒙古自治区,呼伦贝尔市,额尔古纳市,official_identity_match,exact_code_and_source_name,r161784,120.781386,51.67179,label,null,null
150785,内蒙古自治区,呼伦贝尔市,根河市,official_identity_match,exact_code_and_source_name,r161781,121.5251639,50.7811626,admin_centre,null,null
150802,内蒙古自治区,巴彦淖尔市,临河区,official_identity_match,exact_code_and_source_name,r2752808,107.3706989,40.7513297,label,null,null
150821,内蒙古自治区,巴彦淖尔市,五原县,official_identity_match,exact_code_and_source_name,r2752812,108.2625049,41.086203,admin_centre,null,null
150822,内蒙古自治区,巴彦淖尔市,磴口县,official_identity_match,unique_name_and_parent_geometry,r2752806,107.0032274,40.3289264,admin_centre,null,null
150823,内蒙古自治区,巴彦淖尔市,乌拉特前旗,official_identity_match,exact_code_and_source_name,r2752809,108.6599938,40.7278962,admin_centre,null,null
150824,内蒙古自治区,巴彦淖尔市,乌拉特中旗,official_identity_match,exact_code_and_source_name,r2752810,108.5070065,41.5755665,admin_centre,null,null
150825,内蒙古自治区,巴彦淖尔市,乌拉特后旗,official_identity_match,exact_code_and_source_name,r2752811,107.0737956,41.081805,admin_centre,null,null
150826,内蒙古自治区,巴彦淖尔市,杭锦后旗,official_identity_match,exact_code_and_source_name,r2752807,107.1418596,40.8881718,admin_centre,null,null
150902,内蒙古自治区,乌兰察布市,集宁区,official_identity_match,exact_code_and_source_name,r2103640,113.1600076,40.9973725,label,null,null
150921,内蒙古自治区,乌兰察布市,卓资县,official_identity_match,exact_code_and_source_name,r2752976,112.5716318,40.891897,label,null,null
150922,内蒙古自治区,乌兰察布市,化德县,official_identity_match,exact_code_and_source_name,r2752971,114.0027192,41.9004261,label,null,null
150923,内蒙古自治区,乌兰察布市,商都县,official_identity_match,exact_code_and_source_name,r2752973,113.5679484,41.5557508,label,null,null
150924,内蒙古自治区,乌兰察布市,兴和县,official_identity_match,exact_code_and_source_name,r2752975,113.8274553,40.8691529,admin_centre,null,null
150925,内蒙古自治区,乌兰察布市,凉城县,official_identity_match,exact_code_and_source_name,r2752972,112.5651,40.503069,label,null,null
150926,内蒙古自治区,乌兰察布市,察哈尔右翼前旗,official_identity_match,exact_code_and_source_name,r2103639,113.2048574,40.784897,admin_centre,null,null
150927,内蒙古自治区,乌兰察布市,察哈尔右翼中旗,official_identity_match,exact_code_and_source_name,r2752969,112.6288508,41.2750706,label,null,null
150928,内蒙古自治区,乌兰察布市,察哈尔右翼后旗,official_identity_match,exact_code_and_source_name,r2752968,113.1829742,41.4363858,label,null,null
150929,内蒙古自治区,乌兰察布市,四子王旗,official_identity_match,exact_code_and_source_name,r2752974,111.7014544,41.5258999,admin_centre,null,null
150981,内蒙古自治区,乌兰察布市,丰镇市,official_identity_match,exact_code_and_source_name,r2752970,113.1570814,40.4346408,admin_centre,null,null
152201,内蒙古自治区,兴安盟,乌兰浩特市,official_identity_match,unique_name_and_parent_geometry,r2753441,122.0873444,46.0698111,admin_centre,null,null
152202,内蒙古自治区,兴安盟,阿尔山市,official_identity_match,exact_code_and_source_name,r2753436,119.9366805,47.1705631,admin_centre,null,null
152221,内蒙古自治区,兴安盟,科尔沁右翼前旗,official_identity_match,exact_code_and_source_name,r2753437,121.9476625,46.076607,admin_centre,null,null
152222,内蒙古自治区,兴安盟,科尔沁右翼中旗,official_identity_match,exact_code_and_source_name,r2753438,121.4586179,45.0481684,admin_centre,null,null
152223,内蒙古自治区,兴安盟,扎赉特旗,official_identity_match,exact_code_and_source_name,r2753439,122.8995357,46.7239509,admin_centre,null,null
152224,内蒙古自治区,兴安盟,突泉县,official_identity_match,exact_code_and_source_name,r2753440,121.5588716,45.3790584,admin_centre,null,null
152501,内蒙古自治区,锡林郭勒盟,二连浩特市,official_identity_match,unique_name_and_parent_geometry,r2753021,111.943519,43.6407813,admin_centre,null,null
152502,内蒙古自治区,锡林郭勒盟,锡林浩特市,official_identity_match,exact_code_and_source_name,r2753028,116.0789127,43.9312058,admin_centre,null,null
152522,内蒙古自治区,锡林郭勒盟,阿巴嘎旗,official_identity_match,exact_code_and_source_name,r2753017,114.9659302,44.01804,admin_centre,null,null
152523,内蒙古自治区,锡林郭勒盟,苏尼特左旗,official_identity_match,exact_code_and_source_name,r2753024,113.6599321,43.8574929,admin_centre,null,null
152524,内蒙古自治区,锡林郭勒盟,苏尼特右旗,official_identity_match,exact_code_and_source_name,r2753025,112.6351367,42.7408502,admin_centre,null,null
152525,内蒙古自治区,锡林郭勒盟,东乌珠穆沁旗,official_identity_match,exact_code_and_source_name,r2753020,116.9602058,45.5070228,admin_centre,null,null
152526,内蒙古自治区,锡林郭勒盟,西乌珠穆沁旗,official_identity_match,exact_code_and_source_name,r2753027,117.6101869,44.5808599,admin_centre,null,null
152527,内蒙古自治区,锡林郭勒盟,太仆寺旗,official_identity_match,exact_code_and_source_name,r2753026,115.2726952,41.8926225,admin_centre,null,null
152528,内蒙古自治区,锡林郭勒盟,镶黄旗,official_identity_match,exact_code_and_source_name,r2753018,113.82967,42.2335645,admin_centre,null,null
152529,内蒙古自治区,锡林郭勒盟,正镶白旗,official_identity_match,exact_code_and_source_name,r2753023,115.0242935,42.2840713,admin_centre,null,null
152530,内蒙古自治区,锡林郭勒盟,正蓝旗,official_identity_match,exact_code_and_source_name,r2753022,115.9857361,42.2394236,admin_centre,null,null
152531,内蒙古自治区,锡林郭勒盟,多伦县,official_identity_match,exact_code_and_source_name,r2753019,116.4792165,42.1997357,admin_centre,null,null
152921,内蒙古自治区,阿拉善盟,阿拉善左旗,official_identity_match,exact_code_and_source_name,r2752740,105.6605393,38.832365,admin_centre,null,null
152922,内蒙古自治区,阿拉善盟,阿拉善右旗,official_identity_match,exact_code_and_source_name,r2752741,101.6660798,39.2097789,admin_centre,null,null
152923,内蒙古自治区,阿拉善盟,额济纳旗,official_identity_match,exact_code_and_source_name,r2752742,101.0536786,41.9502024,admin_centre,null,null
210102,辽宁省,沈阳市,和平区,official_identity_match,exact_code_and_source_name,r3292239,123.4129094,41.7852505,admin_centre,null,null
210103,辽宁省,沈阳市,沈河区,official_identity_match,exact_code_and_source_name,r3292241,123.4521673,41.7933286,admin_centre,null,null
210104,辽宁省,沈阳市,大东区,official_identity_match,exact_code_and_source_name,r3292238,123.463776,41.8028722,admin_centre,null,null
210105,辽宁省,沈阳市,皇姑区,official_identity_match,unique_name_and_parent_geometry,r3292240,123.4354132,41.8224189,admin_centre,null,null
210106,辽宁省,沈阳市,铁西区,official_identity_match,exact_code_and_source_name,r3292242,123.3502179,41.7989084,admin_centre,null,null
210111,辽宁省,沈阳市,苏家屯区,official_identity_match,exact_code_and_source_name,r2769601,123.3379327,41.6626981,label,null,null
210112,辽宁省,沈阳市,浑南区,official_identity_match,exact_code_and_source_name,r2769594,123.4510455,41.7143118,admin_centre,null,null
210113,辽宁省,沈阳市,沈北新区,official_identity_match,exact_code_and_source_name,r2769600,123.5785812,41.9101776,label,null,null
210114,辽宁省,沈阳市,于洪区,official_identity_match,exact_code_and_source_name,r2769603,123.3029934,41.7920489,admin_centre,null,null
210115,辽宁省,沈阳市,辽中区,official_identity_match,exact_code_and_source_name,r2769599,122.728266,41.5126949,admin_centre,null,null
210123,辽宁省,沈阳市,康平县,official_identity_match,unique_name_and_parent_geometry,r2769598,123.3447181,42.7358876,admin_centre,null,null
210124,辽宁省,沈阳市,法库县,official_identity_match,exact_code_and_source_name,r2769595,123.4126646,42.5044898,admin_centre,null,null
210181,辽宁省,沈阳市,新民市,official_identity_match,exact_code_and_source_name,r2769602,122.8233066,41.9939546,admin_centre,null,null
210202,辽宁省,大连市,中山区,official_identity_match,exact_code_and_source_name,r9672077,121.6854548,38.9240478,admin_centre,null,null
210203,辽宁省,大连市,西岗区,official_identity_match,exact_code_and_source_name,r9672024,121.6057529,38.9136895,label,null,null
210204,辽宁省,大连市,沙河口区,official_identity_match,exact_code_and_source_name,r9671680,121.5893322,38.9038452,label,null,null
210211,辽宁省,大连市,甘井子区,official_identity_match,exact_code_and_source_name,r2764566,121.5249561,38.9784098,label,null,null
210212,辽宁省,大连市,旅顺口区,official_identity_match,exact_code_and_source_name,r2764567,121.2568005,38.8509468,admin_centre,null,null
210213,辽宁省,大连市,金州区,official_identity_match,exact_code_and_source_name,r2764629,121.7773315,39.0482026,admin_centre,null,null
210214,辽宁省,大连市,普兰店区,official_identity_match,exact_code_and_source_name,r2764630,121.9678453,39.4035058,label,null,null
210224,辽宁省,大连市,长海县,official_identity_match,exact_code_and_source_name,r2764628,122.5841883,39.2713256,admin_centre,null,null
210281,辽宁省,大连市,瓦房店市,official_identity_match,exact_code_and_source_name,r2764631,122.005039,39.6236752,label,null,null
210283,辽宁省,大连市,庄河市,official_identity_match,exact_code_and_source_name,r2764632,122.9708389,39.6972967,admin_centre,null,null
210302,辽宁省,鞍山市,铁东区,official_identity_match,exact_code_and_source_name,r5684539,123.0802647,41.0451958,label,null,null
210303,辽宁省,鞍山市,铁西区,official_identity_match,exact_code_and_source_name,r5684540,122.9638747,41.1177333,admin_centre,null,null
210304,辽宁省,鞍山市,立山区,official_identity_match,exact_code_and_source_name,r5684538,123.0206182,41.1452706,admin_centre,null,null
210311,辽宁省,鞍山市,千山区,official_identity_match,exact_code_and_source_name,r2769680,122.9324486,40.9847998,label,null,null
210321,辽宁省,鞍山市,台安县,official_identity_match,exact_code_and_source_name,r2769681,122.4268343,41.3785479,admin_centre,null,null
210323,辽宁省,鞍山市,岫岩满族自治县,official_identity_match,exact_code_and_source_name,r2769682,123.2759154,40.2877445,admin_centre,null,null
210381,辽宁省,鞍山市,海城市,official_identity_match,exact_code_and_source_name,r2769679,122.7477959,40.8522995,label,null,null
210402,辽宁省,抚顺市,新抚区,official_identity_match,exact_code_and_source_name,r5658302,123.9086148,41.8598452,admin_centre,null,null
210403,辽宁省,抚顺市,东洲区,official_identity_match,exact_code_and_source_name,r5658299,124.0306122,41.8661827,admin_centre,null,null
210404,辽宁省,抚顺市,望花区,official_identity_match,exact_code_and_source_name,r5658301,123.7788388,41.851918,admin_centre,null,null
210411,辽宁省,抚顺市,顺城区,official_identity_match,exact_code_and_source_name,r5658300,123.9392396,41.8820937,admin_centre,null,null
210421,辽宁省,抚顺市,抚顺县,official_identity_match,exact_code_and_source_name,r2766523,124.1513595,41.6958035,label,null,null
210422,辽宁省,抚顺市,新宾满族自治县,official_identity_match,exact_code_and_source_name,r2766525,125.031536,41.7306635,admin_centre,null,null
210423,辽宁省,抚顺市,清原满族自治县,official_identity_match,exact_code_and_source_name,r2766524,124.9153284,42.0970875,admin_centre,null,null
210502,辽宁省,本溪市,平山区,official_identity_match,unique_name_and_parent_geometry,r2766191,123.7608485,41.284958,admin_centre,null,null
210503,辽宁省,本溪市,溪湖区,official_identity_match,exact_code_and_source_name,r2766192,123.7664788,41.3257799,admin_centre,null,null
210504,辽宁省,本溪市,明山区,official_identity_match,exact_code_and_source_name,r2766189,123.8559575,41.3413163,admin_centre,null,null
210505,辽宁省,本溪市,南芬区,official_identity_match,exact_code_and_source_name,r2766190,123.7459452,41.1076619,admin_centre,null,null
210521,辽宁省,本溪市,本溪满族自治县,official_identity_match,exact_code_and_source_name,r2766187,124.116244,41.3003165,admin_centre,null,null
210522,辽宁省,本溪市,桓仁满族自治县,official_identity_match,exact_code_and_source_name,r2766188,125.3487306,41.2681066,admin_centre,null,null
210602,辽宁省,丹东市,元宝区,official_identity_match,exact_code_and_source_name,r5677166,124.3899533,40.1358411,admin_centre,null,null
210603,辽宁省,丹东市,振兴区,official_identity_match,exact_code_and_source_name,r5677168,124.3061185,40.0580494,label,null,null
210604,辽宁省,丹东市,振安区,official_identity_match,exact_code_and_source_name,r5677167,124.4273755,40.1557863,admin_centre,null,null
210624,辽宁省,丹东市,宽甸满族自治县,official_identity_match,exact_code_and_source_name,r2764860,124.7764357,40.7287994,admin_centre,null,null
210681,辽宁省,丹东市,东港市,official_identity_match,exact_code_and_source_name,r2764858,124.1470292,39.8610119,admin_centre,null,null
210682,辽宁省,丹东市,凤城市,official_identity_match,exact_code_and_source_name,r2764859,124.0637454,40.4500763,admin_centre,null,null
210702,辽宁省,锦州市,古塔区,official_identity_match,exact_code_and_source_name,r5684760,121.1204907,41.1158316,admin_centre,null,null
210703,辽宁省,锦州市,凌河区,official_identity_match,exact_code_and_source_name,r5684762,121.1469265,41.1129864,admin_centre,null,null
210711,辽宁省,锦州市,太和区,official_identity_match,exact_code_and_source_name,r2770975,121.0988614,41.1065195,admin_centre,null,null
210726,辽宁省,锦州市,黑山县,official_identity_match,exact_code_and_source_name,r2770973,122.1872867960167,41.791573400000004,interior_representative_point,null,null
210727,辽宁省,锦州市,义县,official_identity_match,unique_name_and_parent_geometry,r2770976,121.2413806,41.5350225,admin_centre,null,null
210781,辽宁省,锦州市,凌海市,official_identity_match,unique_name_and_parent_geometry,r2770974,121.3540069,41.1704809,admin_centre,null,null
210782,辽宁省,锦州市,北镇市,official_identity_match,exact_code_and_source_name,r2770972,121.792778,41.5961111,admin_centre,null,null
210802,辽宁省,营口市,站前区,official_identity_match,exact_code_and_source_name,r5642664,122.2537863,40.6711344,admin_centre,null,null
210803,辽宁省,营口市,西市区,official_identity_match,exact_code_and_source_name,r5642663,122.2036736,40.6624108,admin_centre,null,null
210804,辽宁省,营口市,鲅鱼圈区,official_identity_match,exact_code_and_source_name,r5642661,122.1781189,40.2682541,label,null,null
210811,辽宁省,营口市,老边区,official_identity_match,exact_code_and_source_name,r5642662,122.3722454,40.6795968,admin_centre,null,null
210881,辽宁省,营口市,盖州市,official_identity_match,exact_code_and_source_name,r2771991,122.3506585,40.4068813,admin_centre,null,null
210882,辽宁省,营口市,大石桥市,official_identity_match,exact_code_and_source_name,r2771990,122.5042794,40.6348183,admin_centre,null,null
210902,辽宁省,阜新市,海州区,official_identity_match,exact_code_and_source_name,r5645095,121.6571962,42.0156434,admin_centre,null,null
210903,辽宁省,阜新市,新邱区,official_identity_match,exact_code_and_source_name,r5645099,121.7868221,42.0854348,admin_centre,null,null
210904,辽宁省,阜新市,太平区,official_identity_match,exact_code_and_source_name,r5645097,121.6731536,42.0085971,admin_centre,null,null
210905,辽宁省,阜新市,清河门区,official_identity_match,exact_code_and_source_name,r5645096,121.4181722,41.7836948,admin_centre,null,null
210911,辽宁省,阜新市,细河区,official_identity_match,exact_code_and_source_name,r5645098,121.6746831,42.0236078,admin_centre,null,null
210921,辽宁省,阜新市,阜新蒙古族自治县,official_identity_match,exact_code_and_source_name,r2769801,121.7521972,42.0631404,admin_centre,null,null
210922,辽宁省,阜新市,彰武县,official_identity_match,exact_code_and_source_name,r2769802,122.5329283,42.3801093,admin_centre,null,null
211002,辽宁省,辽阳市,白塔区,official_identity_match,exact_code_and_source_name,r5658576,123.1752151,41.2657393,admin_centre,null,null
211003,辽宁省,辽阳市,文圣区,official_identity_match,exact_code_and_source_name,r5658579,123.233384,41.2711245,admin_centre,null,null
211004,辽宁省,辽阳市,宏伟区,official_identity_match,exact_code_and_source_name,r5658577,123.1910699,41.2148213,admin_centre,null,null
211005,辽宁省,辽阳市,弓长岭区,official_identity_match,exact_code_and_source_name,r2769641,123.4304534,41.1514514,admin_centre,null,null
211011,辽宁省,辽阳市,太子河区,official_identity_match,exact_code_and_source_name,r5658578,123.1560552,41.2845997,admin_centre,null,null
211021,辽宁省,辽阳市,辽阳县,official_identity_match,exact_code_and_source_name,r2769642,123.0889656,41.2055415,admin_centre,null,null
211081,辽宁省,辽阳市,灯塔市,official_identity_match,exact_code_and_source_name,r2769640,123.3335139,41.4244866,admin_centre,null,null
211102,辽宁省,盘锦市,双台子区,official_identity_match,exact_code_and_source_name,r3834184,122.0464867,41.1936217,label,null,null
211103,辽宁省,盘锦市,兴隆台区,official_identity_match,exact_code_and_source_name,r3834183,122.0636876,41.1243747,admin_centre,null,null
211104,辽宁省,盘锦市,大洼区,official_identity_match,exact_code_and_source_name,r2771967,122.071838,40.9998528,admin_centre,null,null
211122,辽宁省,盘锦市,盘山县,official_identity_match,exact_code_and_source_name,r2771968,121.9911422,41.2392819,admin_centre,null,null
211202,辽宁省,铁岭市,银州区,official_identity_match,exact_code_and_source_name,r2767514,123.8365172,42.2841672,admin_centre,null,null
211204,辽宁省,铁岭市,清河区,official_identity_match,exact_code_and_source_name,r2767511,124.1472733,42.5435302,admin_centre,null,null
211221,辽宁省,铁岭市,铁岭县,official_identity_match,unique_name_and_parent_geometry,r2767512,123.723634,42.2210843,admin_centre,null,null
211223,辽宁省,铁岭市,西丰县,official_identity_match,exact_code_and_source_name,r2767513,124.7187646,42.734509,admin_centre,null,null
211224,辽宁省,铁岭市,昌图县,official_identity_match,unique_name_and_parent_geometry,r2767508,124.0802751,42.7768067,admin_centre,null,null
211281,辽宁省,铁岭市,调兵山市,official_identity_match,exact_code_and_source_name,r2767509,123.5450323,42.4527805,admin_centre,null,null
211282,辽宁省,铁岭市,开原市,official_identity_match,exact_code_and_source_name,r2767510,124.0382894,42.5434674,admin_centre,null,null
211302,辽宁省,朝阳市,双塔区,official_identity_match,exact_code_and_source_name,r2769828,120.4504246,41.5857214,admin_centre,null,null
211303,辽宁省,朝阳市,龙城区,official_identity_match,unique_name_and_parent_geometry,r2769827,120.4257416,41.5912431,admin_centre,null,null
211321,辽宁省,朝阳市,朝阳县,official_identity_match,exact_code_and_source_name,r2769824,120.3847618,41.4947399,admin_centre,null,null
211322,辽宁省,朝阳市,建平县,official_identity_match,exact_code_and_source_name,r2769826,119.6298478,41.3998103,admin_centre,null,null
211324,辽宁省,朝阳市,喀喇沁左翼蒙古族自治县,official_identity_match,exact_code_and_source_name,r2769825,119.7327948,41.1155414,admin_centre,null,null
211381,辽宁省,朝阳市,北票市,official_identity_match,exact_code_and_source_name,r2769823,120.7655332,41.8000713,admin_centre,null,null
211382,辽宁省,朝阳市,凌源市,official_identity_match,exact_code_and_source_name,r2145044,119.3958124,41.240767,admin_centre,null,null
211402,辽宁省,葫芦岛市,连山区,official_identity_match,exact_code_and_source_name,r2769897,120.8647152,40.7737821,admin_centre,null,null
211403,辽宁省,葫芦岛市,龙港区,official_identity_match,unique_name_and_parent_geometry,r2769898,120.8870312,40.7345111,admin_centre,null,null
211404,辽宁省,葫芦岛市,南票区,official_identity_match,unique_name_and_parent_geometry,r2769899,120.7483779,41.1023563,admin_centre,null,null
211421,辽宁省,葫芦岛市,绥中县,official_identity_match,exact_code_and_source_name,r2769900,120.3331747,40.329263,admin_centre,null,null
211422,辽宁省,葫芦岛市,建昌县,official_identity_match,exact_code_and_source_name,r2769896,119.8021383,40.8124003,admin_centre,null,null
211481,辽宁省,葫芦岛市,兴城市,official_identity_match,unique_name_and_parent_geometry,r2769901,120.7112158,40.6203363,admin_centre,null,null
220102,吉林省,长春市,南关区,official_identity_match,exact_code_and_source_name,r5657437,125.343732,43.8612479,label,null,null
220103,吉林省,长春市,宽城区,official_identity_match,exact_code_and_source_name,r5657245,125.3203579,43.940923,label,null,null
220104,吉林省,长春市,朝阳区,official_identity_match,exact_code_and_source_name,r5657436,125.2705444,43.8477471,admin_centre,null,null
220105,吉林省,长春市,二道区,official_identity_match,exact_code_and_source_name,r5657383,125.3682092,43.862787,label,null,null
220106,吉林省,长春市,绿园区,official_identity_match,exact_code_and_source_name,r5657459,125.2497802,43.8783236,label,null,null
220112,吉林省,长春市,双阳区,official_identity_match,exact_code_and_source_name,r2763990,125.6578299,43.5226173,label,null,null
220113,吉林省,长春市,九台区,official_identity_match,exact_code_and_source_name,r2763988,125.8387384,44.1523236,label,null,null
220122,吉林省,长春市,农安县,official_identity_match,exact_code_and_source_name,r2763989,125.0120883,44.448057,label,null,null
220182,吉林省,长春市,榆树市,official_identity_match,exact_code_and_source_name,r2763991,126.5271463,44.8381222,admin_centre,null,null
220183,吉林省,长春市,德惠市,official_identity_match,exact_code_and_source_name,r2763987,125.6954363,44.5350141,label,null,null
220184,吉林省,长春市,公主岭市,official_identity_match,exact_code_and_source_name,r2763789,124.8127196,43.5025009,admin_centre,null,null
220202,吉林省,吉林市,昌邑区,official_identity_match,exact_code_and_source_name,r2764046,126.5649029,43.8800779,admin_centre,null,null
220203,吉林省,吉林市,龙潭区,official_identity_match,unique_name_and_parent_geometry,r2764051,126.5562409,43.9086627,admin_centre,null,null
220204,吉林省,吉林市,船营区,official_identity_match,exact_code_and_source_name,r2764047,126.5348905,43.8315957,admin_centre,null,null
220211,吉林省,吉林市,丰满区,official_identity_match,exact_code_and_source_name,r2764048,126.5558731,43.8191188,label,null,null
220221,吉林省,吉林市,永吉县,official_identity_match,exact_code_and_source_name,r2764054,126.2322987,43.6102539,label,null,null
220281,吉林省,吉林市,蛟河市,official_identity_match,exact_code_and_source_name,r2764050,127.3357057,43.7197211,admin_centre,null,null
220282,吉林省,吉林市,桦甸市,official_identity_match,exact_code_and_source_name,r2764049,126.7425614,42.9692934,admin_centre,null,null
220283,吉林省,吉林市,舒兰市,official_identity_match,exact_code_and_source_name,r2764053,126.9410597,44.4084581,admin_centre,null,null
220284,吉林省,吉林市,磐石市,official_identity_match,exact_code_and_source_name,r2764052,126.0541893,42.9436509,admin_centre,null,null
220302,吉林省,四平市,铁西区,official_identity_match,exact_code_and_source_name,r2763793,124.3635124,43.2232674,label,null,null
220303,吉林省,四平市,铁东区,official_identity_match,exact_code_and_source_name,r2763792,124.5557942,43.0774877,label,null,null
220322,吉林省,四平市,梨树县,official_identity_match,exact_code_and_source_name,r2763790,124.3293671,43.3038227,admin_centre,null,null
220323,吉林省,四平市,伊通满族自治县,official_identity_match,exact_code_and_source_name,r2763794,125.2987802,43.342879,label,null,null
220382,吉林省,四平市,双辽市,official_identity_match,exact_code_and_source_name,r2763791,123.5003448,43.5147427,admin_centre,null,null
220402,吉林省,辽源市,龙山区,official_identity_match,exact_code_and_source_name,r2764067,125.129203,42.8992164,admin_centre,null,null
220403,吉林省,辽源市,西安区,official_identity_match,exact_code_and_source_name,r2764068,125.1431148,42.9245599,admin_centre,null,null
220421,吉林省,辽源市,东丰县,official_identity_match,exact_code_and_source_name,r2764065,125.5249253,42.6748889,admin_centre,null,null
220422,吉林省,辽源市,东辽县,official_identity_match,exact_code_and_source_name,r2764066,124.985327,42.923755,admin_centre,null,null
220502,吉林省,通化市,东昌区,official_identity_match,exact_code_and_source_name,r5658101,125.9214731,41.6995681,admin_centre,null,null
220503,吉林省,通化市,二道江区,official_identity_match,exact_code_and_source_name,r5658102,126.036665,41.7714441,admin_centre,null,null
220521,吉林省,通化市,通化县,official_identity_match,exact_code_and_source_name,r2762953,125.7535564,41.6746739,label,null,null
220523,吉林省,通化市,辉南县,official_identity_match,exact_code_and_source_name,r2762950,126.0392997,42.6820332,admin_centre,null,null
220524,吉林省,通化市,柳河县,official_identity_match,exact_code_and_source_name,r2762951,125.7383656,42.2825657,admin_centre,null,null
220581,吉林省,通化市,梅河口市,official_identity_match,exact_code_and_source_name,r2762952,125.7042411,42.5370506,admin_centre,null,null
220582,吉林省,通化市,集安市,official_identity_match,exact_code_and_source_name,r2072081,126.1831493,41.1241078,admin_centre,null,null
220602,吉林省,白山市,浑江区,official_identity_match,exact_code_and_source_name,r2762621,126.4233899,41.8200527,label,null,null
220605,吉林省,白山市,江源区,official_identity_match,exact_code_and_source_name,r2762622,126.5863814,42.0540425,admin_centre,null,null
220621,吉林省,白山市,抚松县,official_identity_match,exact_code_and_source_name,r2762620,127.2665797,42.3314444,admin_centre,null,null
220622,吉林省,白山市,靖宇县,official_identity_match,exact_code_and_source_name,r2762623,126.8018007,42.3844568,label,null,null
220623,吉林省,白山市,长白朝鲜族自治县,official_identity_match,exact_code_and_source_name,r2762619,128.1947718,41.4177015,admin_centre,null,null
220681,吉林省,白山市,临江市,official_identity_match,exact_code_and_source_name,r2762624,126.9128334,41.8092486,admin_centre,null,null
220702,吉林省,松原市,宁江区,official_identity_match,exact_code_and_source_name,r2763772,124.8206803,45.1735666,admin_centre,null,null
220721,吉林省,松原市,前郭尔罗斯蒙古族自治县,official_identity_match,exact_code_and_source_name,r2763773,124.8172479,45.1157473,admin_centre,null,null
220722,吉林省,松原市,长岭县,official_identity_match,unique_name_and_parent_geometry,r2763770,123.9799267,44.2711815,admin_centre,null,null
220723,吉林省,松原市,乾安县,official_identity_match,unique_name_and_parent_geometry,r2763774,124.0190634,45.0016593,admin_centre,null,null
220781,吉林省,松原市,扶余市,official_identity_match,exact_code_and_source_name,r2763771,125.6310583,45.1570494,label,null,null
220802,吉林省,白城市,洮北区,official_identity_match,exact_code_and_source_name,r2763759,122.8375876,45.6245088,admin_centre,null,null
220821,吉林省,白城市,镇赉县,official_identity_match,exact_code_and_source_name,r2763762,123.1933494,45.8457075,admin_centre,null,null
220822,吉林省,白城市,通榆县,official_identity_match,exact_code_and_source_name,r2763761,123.0847263,44.8072492,admin_centre,null,null
220881,吉林省,白城市,洮南市,official_identity_match,exact_code_and_source_name,r2763760,122.7831976,45.3289825,admin_centre,null,null
220882,吉林省,白城市,大安市,official_identity_match,exact_code_and_source_name,r2763758,124.2787614,45.5055354,admin_centre,null,null
222401,吉林省,延边朝鲜族自治州,延吉市,official_identity_match,exact_code_and_source_name,r2761940,129.5043827,42.9047375,admin_centre,null,null
222402,吉林省,延边朝鲜族自治州,图们市,official_identity_match,exact_code_and_source_name,r2761938,129.8365626,42.9653277,label,null,null
222403,吉林省,延边朝鲜族自治州,敦化市,official_identity_match,exact_code_and_source_name,r2761934,128.2267987,43.3686205,admin_centre,null,null
222404,吉林省,延边朝鲜族自治州,珲春市,official_identity_match,exact_code_and_source_name,r2761936,130.355943,42.865321,admin_centre,null,null
222405,吉林省,延边朝鲜族自治州,龙井市,official_identity_match,exact_code_and_source_name,r2761937,129.419447,42.7644141,label,null,null
222406,吉林省,延边朝鲜族自治州,和龙市,official_identity_match,exact_code_and_source_name,r2761935,129.0043408,42.5437508,admin_centre,null,null
222424,吉林省,延边朝鲜族自治州,汪清县,official_identity_match,exact_code_and_source_name,r2761939,129.7608195,43.3129168,admin_centre,null,null
222426,吉林省,延边朝鲜族自治州,安图县,official_identity_match,exact_code_and_source_name,r2761933,128.9110339,43.1037037,admin_centre,null,null
230102,黑龙江省,哈尔滨市,道里区,official_identity_match,exact_code_and_source_name,r5650561,126.3829968,45.6774716,label,null,null
230103,黑龙江省,哈尔滨市,南岗区,official_identity_match,exact_code_and_source_name,r5650563,126.6626277,45.758085,admin_centre,null,null
230104,黑龙江省,哈尔滨市,道外区,official_identity_match,exact_code_and_source_name,r5650562,126.643335,45.7902733,admin_centre,null,null
230108,黑龙江省,哈尔滨市,平房区,official_identity_match,exact_code_and_source_name,r5650912,126.6662841,45.5846084,label,null,null
230109,黑龙江省,哈尔滨市,松北区,official_identity_match,exact_code_and_source_name,r5650564,126.5085897,45.7929978,admin_centre,null,null
230110,黑龙江省,哈尔滨市,香坊区,official_identity_match,exact_code_and_source_name,r5650913,126.7582647,45.6886351,label,null,null
230111,黑龙江省,哈尔滨市,呼兰区,official_identity_match,exact_code_and_source_name,r2755760,126.8256287,46.1439807,label,null,null
230112,黑龙江省,哈尔滨市,阿城区,official_identity_match,exact_code_and_source_name,r2755756,127.1603971,45.4750756,label,null,null
230113,黑龙江省,哈尔滨市,双城区,official_identity_match,exact_code_and_source_name,r2755762,126.3069129,45.3800637,label,null,null
230123,黑龙江省,哈尔滨市,依兰县,official_identity_match,exact_code_and_source_name,r2755765,129.5650414,46.3208082,admin_centre,null,null
230124,黑龙江省,哈尔滨市,方正县,official_identity_match,exact_code_and_source_name,r2755759,128.9272494,45.7863708,label,null,null
230125,黑龙江省,哈尔滨市,宾县,official_identity_match,exact_code_and_source_name,r2755758,127.4602943,45.7434153,admin_centre,null,null
230126,黑龙江省,哈尔滨市,巴彦县,official_identity_match,exact_code_and_source_name,r2755757,127.3996815,46.0777848,admin_centre,null,null
230127,黑龙江省,哈尔滨市,木兰县,official_identity_match,exact_code_and_source_name,r2755761,128.0377468,45.9490304,admin_centre,null,null
230128,黑龙江省,哈尔滨市,通河县,official_identity_match,exact_code_and_source_name,r2755607,128.7472619,45.9786526,admin_centre,null,null
230129,黑龙江省,哈尔滨市,延寿县,official_identity_match,exact_code_and_source_name,r2755764,128.4536907,45.4930844,label,null,null
230183,黑龙江省,哈尔滨市,尚志市,official_identity_match,exact_code_and_source_name,r2755606,127.9634816,45.2133989,label,null,null
230184,黑龙江省,哈尔滨市,五常市,official_identity_match,exact_code_and_source_name,r2755763,127.160945,44.9299296,label,null,null
230202,黑龙江省,齐齐哈尔市,龙沙区,official_identity_match,unique_name_and_parent_geometry,r2755130,123.9511868,47.3157849,admin_centre,null,null
230203,黑龙江省,齐齐哈尔市,建华区,official_identity_match,exact_code_and_source_name,r2755126,123.9620059,47.352325,admin_centre,null,null
230204,黑龙江省,齐齐哈尔市,铁锋区,official_identity_match,unique_name_and_parent_geometry,r2755135,123.9716139,47.3382841,admin_centre,null,null
230205,黑龙江省,齐齐哈尔市,昂昂溪区,official_identity_match,exact_code_and_source_name,r2755121,123.8018548,47.1571075,admin_centre,null,null
230206,黑龙江省,齐齐哈尔市,富拉尔基区,official_identity_match,exact_code_and_source_name,r2755123,123.6294983,47.2074162,admin_centre,null,null
230207,黑龙江省,齐齐哈尔市,碾子山区,official_identity_match,unique_name_and_parent_geometry,r2755133,122.8809284,47.514833,label,null,null
230208,黑龙江省,齐齐哈尔市,梅里斯达斡尔族区,official_identity_match,exact_code_and_source_name,r2755131,123.7463823,47.3069048,admin_centre,null,null
230221,黑龙江省,齐齐哈尔市,龙江县,official_identity_match,unique_name_and_parent_geometry,r2755129,123.1987884,47.3368513,admin_centre,null,null
230223,黑龙江省,齐齐哈尔市,依安县,official_identity_match,exact_code_and_source_name,r2755136,125.3062119,47.8852992,admin_centre,null,null
230224,黑龙江省,齐齐哈尔市,泰来县,official_identity_match,exact_code_and_source_name,r2755134,123.409346,46.3907951,admin_centre,null,null
230225,黑龙江省,齐齐哈尔市,甘南县,official_identity_match,exact_code_and_source_name,r2755125,123.8597389,47.980015,label,null,null
230227,黑龙江省,齐齐哈尔市,富裕县,official_identity_match,exact_code_and_source_name,r2755124,124.464693,47.7928576,admin_centre,null,null
230229,黑龙江省,齐齐哈尔市,克山县,official_identity_match,unique_name_and_parent_geometry,r2755128,125.8645353,48.0330461,admin_centre,null,null
230230,黑龙江省,齐齐哈尔市,克东县,official_identity_match,exact_code_and_source_name,r2755127,126.2466838,48.0348841,admin_centre,null,null
230231,黑龙江省,齐齐哈尔市,拜泉县,official_identity_match,exact_code_and_source_name,r2755122,126.085015,47.6059986,admin_centre,null,null
230281,黑龙江省,齐齐哈尔市,讷河市,official_identity_match,unique_name_and_parent_geometry,r2755132,124.8768238,48.4812343,admin_centre,null,null
230302,黑龙江省,鸡西市,鸡冠区,official_identity_match,unique_name_and_parent_geometry,r2978851,130.9742213,45.3024982,admin_centre,null,null
230303,黑龙江省,鸡西市,恒山区,official_identity_match,unique_name_and_parent_geometry,r2978850,130.8974599,45.2092356,admin_centre,null,null
230304,黑龙江省,鸡西市,滴道区,official_identity_match,unique_name_and_parent_geometry,r2978849,130.8367458,45.3466325,admin_centre,null,null
230305,黑龙江省,鸡西市,梨树区,official_identity_match,unique_name_and_parent_geometry,r2978852,130.6898801,45.0900079,label,null,null
230306,黑龙江省,鸡西市,城子河区,official_identity_match,exact_code_and_source_name,r2978848,131.0037407,45.3354371,admin_centre,null,null
230307,黑龙江省,鸡西市,麻山区,official_identity_match,exact_code_and_source_name,r2978853,130.4702281,45.209535,label,null,null
230321,黑龙江省,鸡西市,鸡东县,official_identity_match,exact_code_and_source_name,r2757020,131.1335128,45.2528174,admin_centre,null,null
230381,黑龙江省,鸡西市,虎林市,official_identity_match,exact_code_and_source_name,r2757018,132.970081,45.7638077,admin_centre,null,null
230382,黑龙江省,鸡西市,密山市,official_identity_match,exact_code_and_source_name,r2757021,131.8713602,45.5445899,admin_centre,null,null
230402,黑龙江省,鹤岗市,向阳区,official_identity_match,exact_code_and_source_name,r5648512,130.2868008,47.3400604,label,null,null
230403,黑龙江省,鹤岗市,工农区,official_identity_match,exact_code_and_source_name,r5648510,130.2630133,47.3206426,label,null,null
230404,黑龙江省,鹤岗市,南山区,official_identity_match,exact_code_and_source_name,r5648511,130.2783732,47.3126689,label,null,null
230405,黑龙江省,鹤岗市,兴安区,official_identity_match,exact_code_and_source_name,r5648513,130.2315555,47.250405,label,null,null
230406,黑龙江省,鹤岗市,东山区,official_identity_match,exact_code_and_source_name,r5648508,130.3090238,47.3360262,label,null,null
230407,黑龙江省,鹤岗市,兴山区,official_identity_match,exact_code_and_source_name,r5648514,130.2954924,47.3545378,label,null,null
230421,黑龙江省,鹤岗市,萝北县,official_identity_match,exact_code_and_source_name,r2759953,130.8245596,47.5724462,admin_centre,null,null
230422,黑龙江省,鹤岗市,绥滨县,official_identity_match,unique_name_and_parent_geometry,r2759954,131.8478467,47.2860874,admin_centre,null,null
230502,黑龙江省,双鸭山市,尖山区,official_identity_match,exact_code_and_source_name,r5651667,131.150909,46.6392248,admin_centre,null,null
230503,黑龙江省,双鸭山市,岭东区,official_identity_match,exact_code_and_source_name,r5651668,131.1566892,46.5904696,label,null,null
230505,黑龙江省,双鸭山市,四方台区,official_identity_match,exact_code_and_source_name,r5651669,131.3213561,46.5956397,label,null,null
230506,黑龙江省,双鸭山市,宝山区,official_identity_match,exact_code_and_source_name,r5651666,131.4009683,46.5648444,admin_centre,null,null
230521,黑龙江省,双鸭山市,集贤县,official_identity_match,exact_code_and_source_name,r2757095,131.125239,46.7236489,admin_centre,null,null
230522,黑龙江省,双鸭山市,友谊县,official_identity_match,exact_code_and_source_name,r2757097,131.8062411,46.7744349,admin_centre,null,null
230523,黑龙江省,双鸭山市,宝清县,official_identity_match,unique_name_and_parent_geometry,r2757094,132.1986841,46.3235531,admin_centre,null,null
230524,黑龙江省,双鸭山市,饶河县,official_identity_match,unique_name_and_parent_geometry,r2757096,134.0080217,46.7982271,admin_centre,null,null
230602,黑龙江省,大庆市,萨尔图区,official_identity_match,exact_code_and_source_name,r2755194,125.1288194,46.626198,admin_centre,null,null
230603,黑龙江省,大庆市,龙凤区,official_identity_match,exact_code_and_source_name,r2755192,125.1377353,46.5675495,admin_centre,null,null
230604,黑龙江省,大庆市,让胡路区,official_identity_match,exact_code_and_source_name,r2755193,124.8817466,46.6316611,admin_centre,null,null
230605,黑龙江省,大庆市,红岗区,official_identity_match,unique_name_and_parent_geometry,r2755190,124.8844111,46.3966917,admin_centre,null,null
230606,黑龙江省,大庆市,大同区,official_identity_match,exact_code_and_source_name,r2755188,124.68193938806814,46.10712665,interior_representative_point,null,null
230621,黑龙江省,大庆市,肇州县,official_identity_match,unique_name_and_parent_geometry,r2755196,125.2669799,45.7069347,admin_centre,null,null
230622,黑龙江省,大庆市,肇源县,official_identity_match,exact_code_and_source_name,r2755195,125.0778092,45.5189633,admin_centre,null,null
230623,黑龙江省,大庆市,林甸县,official_identity_match,exact_code_and_source_name,r2755191,124.8724132,47.1805263,admin_centre,null,null
230624,黑龙江省,大庆市,杜尔伯特蒙古族自治县,official_identity_match,exact_code_and_source_name,r2755189,124.4358268,46.8604656,admin_centre,null,null
230717,黑龙江省,伊春市,伊美区,official_identity_match,exact_code_and_source_name,r5647184,128.9002435,47.7258868,label,null,null
230718,黑龙江省,伊春市,乌翠区,official_identity_match,exact_code_and_source_name,r5647180,128.4735901,47.661002,label,null,null
230719,黑龙江省,伊春市,友好区,official_identity_match,exact_code_and_source_name,r5647194,128.8234339,47.8430859,label,null,null
230722,黑龙江省,伊春市,嘉荫县,official_identity_match,exact_code_and_source_name,r2759275,130.3947356,48.8859552,admin_centre,null,null
230723,黑龙江省,伊春市,汤旺县,official_identity_match,exact_code_and_source_name,r5647187,129.4222199,48.5107554,label,null,null
230724,黑龙江省,伊春市,丰林县,official_identity_match,exact_code_and_source_name,r5647192,129.525924,48.288143,label,null,null
230725,黑龙江省,伊春市,大箐山县,official_identity_match,exact_code_and_source_name,r5647181,129.0132615,47.025999,label,null,null
230726,黑龙江省,伊春市,南岔县,official_identity_match,exact_code_and_source_name,r5647185,129.2760916,47.1362843,label,null,null
230751,黑龙江省,伊春市,金林区,official_identity_match,exact_code_and_source_name,r5647183,129.6126818,47.5160431,label,null,null
230781,黑龙江省,伊春市,铁力市,official_identity_match,exact_code_and_source_name,r2759276,128.0256684,46.9842249,admin_centre,null,null
230803,黑龙江省,佳木斯市,向阳区,official_identity_match,exact_code_and_source_name,r5651150,130.3429678,46.8093658,admin_centre,null,null
230804,黑龙江省,佳木斯市,前进区,official_identity_match,exact_code_and_source_name,r5651149,130.383602,46.7833475,label,null,null
230805,黑龙江省,佳木斯市,东风区,official_identity_match,exact_code_and_source_name,r5651147,130.3951437,46.8199766,label,null,null
230811,黑龙江省,佳木斯市,郊区,official_identity_match,exact_code_and_source_name,r5651148,130.3173147,46.7938563,admin_centre,null,null
230822,黑龙江省,佳木斯市,桦南县,official_identity_match,exact_code_and_source_name,r2758646,130.5570647,46.2354272,admin_centre,null,null
230826,黑龙江省,佳木斯市,桦川县,official_identity_match,exact_code_and_source_name,r2758645,130.7130303,47.0263328,admin_centre,null,null
230828,黑龙江省,佳木斯市,汤原县,official_identity_match,exact_code_and_source_name,r2758647,129.900464,46.7273801,admin_centre,null,null
230881,黑龙江省,佳木斯市,同江市,official_identity_match,exact_code_and_source_name,r2758648,132.5035071,47.6397564,admin_centre,null,null
230882,黑龙江省,佳木斯市,富锦市,official_identity_match,exact_code_and_source_name,r2758643,132.0251042,47.2398155,admin_centre,null,null
230883,黑龙江省,佳木斯市,抚远市,official_identity_match,exact_code_and_source_name,r2758644,134.2891391,48.3560283,admin_centre,null,null
230902,黑龙江省,七台河市,新兴区,official_identity_match,exact_code_and_source_name,r9470602,130.8677739,45.8155808,admin_centre,null,null
230903,黑龙江省,七台河市,桃山区,official_identity_match,exact_code_and_source_name,r9470601,131.0122204,45.76379,admin_centre,null,null
230904,黑龙江省,七台河市,茄子河区,official_identity_match,exact_code_and_source_name,r2757080,131.0725538,45.7789432,admin_centre,null,null
230921,黑龙江省,七台河市,勃利县,official_identity_match,exact_code_and_source_name,r2757079,130.5678432,45.7512375,admin_centre,null,null
231002,黑龙江省,牡丹江市,东安区,official_identity_match,exact_code_and_source_name,r5651905,129.619555,44.5794333,admin_centre,null,null
231003,黑龙江省,牡丹江市,阳明区,official_identity_match,exact_code_and_source_name,r5651907,129.6285254,44.5939133,admin_centre,null,null
231004,黑龙江省,牡丹江市,爱民区,official_identity_match,exact_code_and_source_name,r5651904,129.5844783,44.5940877,admin_centre,null,null
231005,黑龙江省,牡丹江市,西安区,official_identity_match,exact_code_and_source_name,r5651906,129.6090267,44.5754873,admin_centre,null,null
231025,黑龙江省,牡丹江市,林口县,official_identity_match,exact_code_and_source_name,r2756893,130.2669756,45.2900691,admin_centre,null,null
231081,黑龙江省,牡丹江市,绥芬河市,official_identity_match,exact_code_and_source_name,r2756932,131.1556208,44.3946516,admin_centre,null,null
231083,黑龙江省,牡丹江市,海林市,official_identity_match,exact_code_and_source_name,r2756929,129.3815749,44.5733458,admin_centre,null,null
231084,黑龙江省,牡丹江市,宁安市,official_identity_match,unique_name_and_parent_geometry,r2756931,129.4606832,44.3437943,admin_centre,null,null
231085,黑龙江省,牡丹江市,穆棱市,official_identity_match,exact_code_and_source_name,r2756930,130.517213,44.9170351,admin_centre,null,null
231086,黑龙江省,牡丹江市,东宁市,official_identity_match,exact_code_and_source_name,r2756928,131.1190619,44.0583668,admin_centre,null,null
231102,黑龙江省,黑河市,爱辉区,official_identity_match,exact_code_and_source_name,r2754974,127.4931748,50.2504586,admin_centre,null,null
231123,黑龙江省,黑河市,逊克县,official_identity_match,exact_code_and_source_name,r2754979,128.4712654,49.5622421,admin_centre,null,null
231124,黑龙江省,黑河市,孙吴县,official_identity_match,exact_code_and_source_name,r2754977,127.3238128,49.4212703,admin_centre,null,null
231181,黑龙江省,黑河市,北安市,official_identity_match,exact_code_and_source_name,r2754975,126.5081882,48.2401404,admin_centre,null,null
231182,黑龙江省,黑河市,五大连池市,official_identity_match,exact_code_and_source_name,r2754978,126.1984047,48.5153582,admin_centre,null,null
231183,黑龙江省,黑河市,嫩江市,official_identity_match,exact_code_and_source_name,r2754976,125.231228,49.1734835,admin_centre,null,null
231202,黑龙江省,绥化市,北林区,official_identity_match,unique_name_and_parent_geometry,r2755367,126.978519,46.6364371,admin_centre,null,null
231221,黑龙江省,绥化市,望奎县,official_identity_match,exact_code_and_source_name,r2755374,126.6451331,46.8717014,label,null,null
231222,黑龙江省,绥化市,兰西县,official_identity_match,exact_code_and_source_name,r2755369,126.2814338,46.2536252,admin_centre,null,null
231223,黑龙江省,绥化市,青冈县,official_identity_match,exact_code_and_source_name,r2755372,126.1036315,46.6854223,admin_centre,null,null
231224,黑龙江省,绥化市,庆安县,official_identity_match,exact_code_and_source_name,r2755371,127.5068482,46.877586,admin_centre,null,null
231225,黑龙江省,绥化市,明水县,official_identity_match,unique_name_and_parent_geometry,r2755370,125.8993073,47.171533,admin_centre,null,null
231226,黑龙江省,绥化市,绥棱县,official_identity_match,exact_code_and_source_name,r2755373,127.0989595,47.2457138,admin_centre,null,null
231281,黑龙江省,绥化市,安达市,official_identity_match,unique_name_and_parent_geometry,r2755366,125.3285572,46.4114331,admin_centre,null,null
231282,黑龙江省,绥化市,肇东市,official_identity_match,exact_code_and_source_name,r2755375,125.9860848,46.0719503,admin_centre,null,null
231283,黑龙江省,绥化市,海伦市,official_identity_match,exact_code_and_source_name,r2755368,126.9572246,47.4583585,admin_centre,null,null
232701,黑龙江省,大兴安岭地区,漠河市,official_identity_match,exact_code_and_source_name,r2754957,122.5330029,52.971441,admin_centre,null,null
232721,黑龙江省,大兴安岭地区,呼玛县,official_identity_match,exact_code_and_source_name,r2754955,126.6448202,51.7244745,admin_centre,null,null
232722,黑龙江省,大兴安岭地区,塔河县,official_identity_match,exact_code_and_source_name,r2754958,124.7019932,52.333182,admin_centre,null,null
310101,上海市,上海市,黄浦区,official_identity_match,exact_code_and_source_name,r371650,121.479864,31.2335925,label,null,null
310104,上海市,上海市,徐汇区,official_identity_match,exact_code_and_source_name,r1278188,121.4311138,31.1900943,label,null,null
310105,上海市,上海市,长宁区,official_identity_match,exact_code_and_source_name,r398899,121.4200917,31.2221187,label,null,null
310106,上海市,上海市,静安区,official_identity_match,exact_code_and_source_name,r398353,121.4427835,31.2295183,label,null,null
310107,上海市,上海市,普陀区,official_identity_match,exact_code_and_source_name,r398886,121.3912291,31.2513263,admin_centre,null,null
310109,上海市,上海市,虹口区,official_identity_match,exact_code_and_source_name,r398351,121.5007794,31.2664424,label,null,null
310110,上海市,上海市,杨浦区,official_identity_match,exact_code_and_source_name,r398350,121.5211199,31.261528,label,null,null
310112,上海市,上海市,闵行区,official_identity_match,exact_code_and_source_name,r1278189,121.3769429,31.1147666,admin_centre,null,null
310113,上海市,上海市,宝山区,official_identity_match,exact_code_and_source_name,r398374,121.4848384,31.4073905,label,null,null
310114,上海市,上海市,嘉定区,official_identity_match,exact_code_and_source_name,r1673543,121.2606119,31.377756,label,null,null
310115,上海市,上海市,浦东新区,official_identity_match,unique_name_and_parent_geometry,r398348,121.5397849,31.2232671,label,null,null
310116,上海市,上海市,金山区,official_identity_match,exact_code_and_source_name,r3292756,121.3372571,30.744817,label,null,null
310117,上海市,上海市,松江区,official_identity_match,exact_code_and_source_name,r3293722,121.2232077,31.0344052,label,null,null
310118,上海市,上海市,青浦区,official_identity_match,exact_code_and_source_name,r3292760,121.1194575,31.1520314,label,null,null
310120,上海市,上海市,奉贤区,official_identity_match,unique_name_and_parent_geometry,r3292751,121.4705507,30.9209199,label,null,null
310151,上海市,上海市,崇明区,official_identity_match,exact_code_and_source_name,r3292750,121.5337768,31.6313393,label,null,null
320102,江苏省,南京市,玄武区,official_identity_match,exact_code_and_source_name,r2138698,118.7927049,32.0506772,label,null,null
320104,江苏省,南京市,秦淮区,official_identity_match,exact_code_and_source_name,r2140011,118.7896033,32.0411462,label,null,null
320105,江苏省,南京市,建邺区,official_identity_match,unique_name_and_parent_geometry,r2139809,118.7271009,32.0063836,admin_centre,null,null
320106,江苏省,南京市,鼓楼区,official_identity_match,exact_code_and_source_name,r2139790,118.7647728,32.0690104,label,null,null
320111,江苏省,南京市,浦口区,official_identity_match,exact_code_and_source_name,r2124188,118.6220888,32.0616362,label,null,null
320113,江苏省,南京市,栖霞区,official_identity_match,unique_name_and_parent_geometry,r2140010,118.9041623,32.0985432,admin_centre,null,null
320114,江苏省,南京市,雨花台区,official_identity_match,unique_name_and_parent_geometry,r2139830,118.7739579,31.9931143,label,null,null
320115,江苏省,南京市,江宁区,official_identity_match,exact_code_and_source_name,r2147642,118.8348197,31.9552184,label,null,null
320116,江苏省,南京市,六合区,official_identity_match,unique_name_and_parent_geometry,r2131458,118.816457,32.3252938,label,null,null
320117,江苏省,南京市,溧水区,official_identity_match,unique_name_and_parent_geometry,r2147643,119.0234247,31.6537147,admin_centre,null,null
320118,江苏省,南京市,高淳区,official_identity_match,unique_name_and_parent_geometry,r2147644,118.8872719,31.3304926,label,null,null
320205,江苏省,无锡市,锡山区,official_identity_match,exact_code_and_source_name,r5672137,120.3545373,31.5925742,admin_centre,null,null
320206,江苏省,无锡市,惠山区,official_identity_match,exact_code_and_source_name,r5672132,120.2927392,31.6790964,label,null,null
320211,江苏省,无锡市,滨湖区,official_identity_match,exact_code_and_source_name,r5672129,120.2790814,31.5300441,label,null,null
320213,江苏省,无锡市,梁溪区,official_identity_match,unique_name_and_parent_geometry,r5672134,120.2968594,31.5674206,label,null,null
320214,江苏省,无锡市,新吴区,official_identity_match,exact_code_and_source_name,r5672136,120.3593529,31.491979,label,null,null
320281,江苏省,无锡市,江阴市,official_identity_match,exact_code_and_source_name,r5672133,120.2809,31.9216,admin_centre,null,null
320282,江苏省,无锡市,宜兴市,official_identity_match,exact_code_and_source_name,r5672135,119.817253,31.3495972,label,null,null
320302,江苏省,徐州市,鼓楼区,official_identity_match,unique_name_and_parent_geometry,r3218563,117.1799713,34.2897104,label,null,null
320303,江苏省,徐州市,云龙区,official_identity_match,unique_name_and_parent_geometry,r3218571,117.2457515,34.2544912,label,null,null
320305,江苏省,徐州市,贾汪区,official_identity_match,unique_name_and_parent_geometry,r3218564,117.4592113,34.4372996,label,null,null
320311,江苏省,徐州市,泉山区,official_identity_match,unique_name_and_parent_geometry,r3218567,117.1884578,34.2273368,label,null,null
320312,江苏省,徐州市,铜山区,official_identity_match,unique_name_and_parent_geometry,r3218569,117.1638669,34.1824217,label,null,null
320321,江苏省,徐州市,丰县,official_identity_match,unique_name_and_parent_geometry,r3218562,116.6529821,34.6965125,label,null,null
320322,江苏省,徐州市,沛县,official_identity_match,unique_name_and_parent_geometry,r3218565,116.9311186,34.7617421,label,null,null
320324,江苏省,徐州市,睢宁县,official_identity_match,unique_name_and_parent_geometry,r3218568,117.9358683,33.9151608,label,null,null
320381,江苏省,徐州市,新沂市,official_identity_match,unique_name_and_parent_geometry,r3218570,118.3487597,34.3697015,label,null,null
320382,江苏省,徐州市,邳州市,official_identity_match,unique_name_and_parent_geometry,r3218566,118.0068173,34.3402702,label,null,null
320402,江苏省,常州市,天宁区,official_identity_match,exact_code_and_source_name,r5671326,120.0406848063071,31.798569999999998,interior_representative_point,null,null
320404,江苏省,常州市,钟楼区,official_identity_match,exact_code_and_source_name,r5671328,119.85504872673553,31.7978943,interior_representative_point,null,null
320411,江苏省,常州市,新北区,official_identity_match,exact_code_and_source_name,r3429663,119.8960534500723,31.930810049999998,interior_representative_point,null,null
320412,江苏省,常州市,武进区,official_identity_match,exact_code_and_source_name,r5671327,119.8783094689382,31.5715905,interior_representative_point,null,null
320413,江苏省,常州市,金坛区,official_identity_match,exact_code_and_source_name,r5671324,119.5824379,31.7243133,admin_centre,null,null
320481,江苏省,常州市,溧阳市,official_identity_match,exact_code_and_source_name,r10809733,119.4787471,31.4178958,label,null,null
320505,江苏省,苏州市,虎丘区,official_identity_match,unique_name_and_parent_geometry,r7598901,120.4290851,31.331282,label,null,null
320506,江苏省,苏州市,吴中区,official_identity_match,unique_name_and_parent_geometry,r4591880,120.6279421,31.2654926,admin_centre,null,null
320507,江苏省,苏州市,相城区,official_identity_match,unique_name_and_parent_geometry,r4591881,120.6381618,31.371686,admin_centre,null,null
320508,江苏省,苏州市,姑苏区,official_identity_match,unique_name_and_parent_geometry,r4591876,120.6130077,31.3395107,admin_centre,null,null
320509,江苏省,苏州市,吴江区,official_identity_match,unique_name_and_parent_geometry,r4591879,120.6406744,31.1415158,admin_centre,null,null
320581,江苏省,苏州市,常熟市,official_identity_match,unique_name_and_parent_geometry,r4591597,120.7480757,31.6572954,admin_centre,null,null
320582,江苏省,苏州市,张家港市,official_identity_match,unique_name_and_parent_geometry,r4591596,120.5514595,31.8782976,admin_centre,null,null
320583,江苏省,苏州市,昆山市,official_identity_match,unique_name_and_parent_geometry,r4591878,120.9764683,31.3869323,admin_centre,null,null
320585,江苏省,苏州市,太仓市,official_identity_match,unique_name_and_parent_geometry,r4591593,121.1264772,31.4590371,admin_centre,null,null
320612,江苏省,南通市,通州区,official_identity_match,exact_code_and_source_name,r5670639,121.0690748,32.0679753,admin_centre,null,null
320613,江苏省,南通市,崇川区,official_identity_match,exact_code_and_source_name,r5670633,120.8529494,32.0127069,admin_centre,null,null
320614,江苏省,南通市,海门区,official_identity_match,exact_code_and_source_name,r5670636,121.1771295,31.8729183,admin_centre,null,null
320623,江苏省,南通市,如东县,official_identity_match,exact_code_and_source_name,r5670637,121.1802502,32.3339582,admin_centre,null,null
320681,江苏省,南通市,启东市,official_identity_match,exact_code_and_source_name,r3320332,121.6509342,31.7951489,admin_centre,null,null
320682,江苏省,南通市,如皋市,official_identity_match,exact_code_and_source_name,r5670638,120.5697741,32.3734658,admin_centre,null,null
320685,江苏省,南通市,海安市,official_identity_match,exact_code_and_source_name,r5670635,120.4629239,32.5348763,admin_centre,null,null
320703,江苏省,连云港市,连云区,official_identity_match,exact_code_and_source_name,r4574311,119.3333649,34.7608292,label,null,null
320706,江苏省,连云港市,海州区,official_identity_match,exact_code_and_source_name,r4574684,119.1579052,34.5723543,label,null,null
320707,江苏省,连云港市,赣榆区,official_identity_match,unique_name_and_parent_geometry,r4574136,119.1676605,34.8424744,label,null,null
320722,江苏省,连云港市,东海县,official_identity_match,unique_name_and_parent_geometry,r4574090,118.7474407,34.5431964,label,null,null
320723,江苏省,连云港市,灌云县,official_identity_match,unique_name_and_parent_geometry,r4574301,119.2339019,34.2853648,label,null,null
320724,江苏省,连云港市,灌南县,official_identity_match,unique_name_and_parent_geometry,r4574112,119.3098281,34.0886865,label,null,null
320803,江苏省,淮安市,淮安区,official_identity_match,exact_code_and_source_name,r5669085,119.1393095,33.5071588,label,null,null
320804,江苏省,淮安市,淮阴区,official_identity_match,exact_code_and_source_name,r5669086,119.0293293,33.6332471,label,null,null
320812,江苏省,淮安市,清江浦区,official_identity_match,unique_name_and_parent_geometry,r13084604,119.0210431,33.5537944,label,null,null
320813,江苏省,淮安市,洪泽区,official_identity_match,exact_code_and_source_name,r5669084,118.870429,33.231562,label,null,null
320826,江苏省,淮安市,涟水县,official_identity_match,exact_code_and_source_name,r3492115,119.2552118,33.7834689,label,null,null
320830,江苏省,淮安市,盱眙县,official_identity_match,exact_code_and_source_name,r5669090,118.538657,33.0139547,admin_centre,null,null
320831,江苏省,淮安市,金湖县,official_identity_match,exact_code_and_source_name,r5669087,119.0136509,33.0183453,label,null,null
320902,江苏省,盐城市,亭湖区,official_identity_match,exact_code_and_source_name,r4740168,120.191229,33.3929834,label,null,null
320903,江苏省,盐城市,盐都区,official_identity_match,exact_code_and_source_name,r4740045,120.1483808,33.3398791,label,null,null
320904,江苏省,盐城市,大丰区,official_identity_match,exact_code_and_source_name,r4738920,120.4962375,33.2019845,label,null,null
320921,江苏省,盐城市,响水县,official_identity_match,exact_code_and_source_name,r3473563,119.5730182,34.2013095,label,null,null
320922,江苏省,盐城市,滨海县,official_identity_match,exact_code_and_source_name,r3473562,119.8156792,33.9915336,label,null,null
320923,江苏省,盐城市,阜宁县,official_identity_match,exact_code_and_source_name,r4739955,119.7969364,33.7602868,label,null,null
320924,江苏省,盐城市,射阳县,official_identity_match,exact_code_and_source_name,r4740175,120.3219301,33.7679606,admin_centre,null,null
320925,江苏省,盐城市,建湖县,official_identity_match,exact_code_and_source_name,r4740012,119.7842741,33.4401783,label,null,null
320981,江苏省,盐城市,东台市,official_identity_match,exact_code_and_source_name,r3473531,120.3153607,32.8705885,label,null,null
321002,江苏省,扬州市,广陵区,official_identity_match,exact_code_and_source_name,r5669509,119.4262346,32.3968746,label,null,null
321003,江苏省,扬州市,邗江区,official_identity_match,exact_code_and_source_name,r5669510,119.3952935,32.3735831,label,null,null
321012,江苏省,扬州市,江都区,official_identity_match,unique_name_and_parent_geometry,r5669511,119.5647288,32.4374578,label,null,null
321023,江苏省,扬州市,宝应县,official_identity_match,exact_code_and_source_name,r5669507,119.3529695,33.2423744,admin_centre,null,null
321081,江苏省,扬州市,仪征市,official_identity_match,exact_code_and_source_name,r5669512,119.1790898,32.2750989,label,null,null
321084,江苏省,扬州市,高邮市,official_identity_match,exact_code_and_source_name,r5669508,119.4294614,32.7861134,label,null,null
321102,江苏省,镇江市,京口区,official_identity_match,exact_code_and_source_name,r5670794,119.464467,32.2002307,label,null,null
321111,江苏省,镇江市,润州区,official_identity_match,exact_code_and_source_name,r5670799,119.4056234,32.1978378,label,null,null
321112,江苏省,镇江市,丹徒区,official_identity_match,exact_code_and_source_name,r5670792,119.4284497,32.132661,label,null,null
321181,江苏省,镇江市,丹阳市,official_identity_match,exact_code_and_source_name,r5670793,119.6012702,32.0109736,label,null,null
321182,江苏省,镇江市,扬中市,official_identity_match,exact_code_and_source_name,r3429711,119.7921913,32.2375297,label,null,null
321183,江苏省,镇江市,句容市,official_identity_match,exact_code_and_source_name,r5670798,119.1633971,31.9478237,label,null,null
321202,江苏省,泰州市,海陵区,official_identity_match,exact_code_and_source_name,r5670546,119.9146614,32.493149,label,null,null
321203,江苏省,泰州市,高港区,official_identity_match,exact_code_and_source_name,r5670545,119.8767474,32.3212738,label,null,null
321204,江苏省,泰州市,姜堰区,official_identity_match,unique_name_and_parent_geometry,r5670547,120.1231831,32.5112693,label,null,null
321281,江苏省,泰州市,兴化市,official_identity_match,exact_code_and_source_name,r5669757,119.8476035,32.9139151,label,null,null
321282,江苏省,泰州市,靖江市,official_identity_match,exact_code_and_source_name,r5670548,120.2725083,31.9861352,admin_centre,null,null
321283,江苏省,泰州市,泰兴市,official_identity_match,exact_code_and_source_name,r5670549,120.0165362,32.1684583,admin_centre,null,null
321302,江苏省,宿迁市,宿城区,official_identity_match,unique_name_and_parent_geometry,r3293939,118.2192012,33.9561987,admin_centre,null,null
321311,江苏省,宿迁市,宿豫区,official_identity_match,unique_name_and_parent_geometry,r3293940,118.3170095,33.9605435,admin_centre,null,null
321322,江苏省,宿迁市,沭阳县,official_identity_match,unique_name_and_parent_geometry,r3293936,118.7980201,34.1370163,admin_centre,null,null
321323,江苏省,宿迁市,泗阳县,official_identity_match,unique_name_and_parent_geometry,r3293938,118.655614,33.7284727,admin_centre,null,null
321324,江苏省,宿迁市,泗洪县,official_identity_match,unique_name_and_parent_geometry,r3293937,118.2131682,33.4556045,admin_centre,null,null
330102,浙江省,杭州市,上城区,official_identity_match,unique_name_and_parent_geometry,r4591409,120.1930825,30.228678,label,null,null
330105,浙江省,杭州市,拱墅区,official_identity_match,unique_name_and_parent_geometry,r4591384,120.136706,30.3213481,admin_centre,null,null
330106,浙江省,杭州市,西湖区,official_identity_match,unique_name_and_parent_geometry,r4591410,120.1256628,30.2616958,admin_centre,null,null
330108,浙江省,杭州市,滨江区,official_identity_match,exact_code_and_source_name,r3221179,120.2072296,30.2109815,label,null,null
330109,浙江省,杭州市,萧山区,official_identity_match,unique_name_and_parent_geometry,r3221183,120.2597528,30.1861821,admin_centre,null,null
330110,浙江省,杭州市,余杭区,official_identity_match,exact_code_and_source_name,r12555971,119.9746471,30.2762431,admin_centre,null,null
330111,浙江省,杭州市,富阳区,official_identity_match,unique_name_and_parent_geometry,r3221180,119.9559051,30.0504847,admin_centre,null,null
330112,浙江省,杭州市,临安区,official_identity_match,unique_name_and_parent_geometry,r3221181,119.7192631,30.2371364,admin_centre,null,null
330113,浙江省,杭州市,临平区,official_identity_match,exact_code_and_source_name,r3221184,120.2946532,30.4217049,label,null,null
330114,浙江省,杭州市,钱塘区,official_identity_match,exact_code_and_source_name,r10724589,120.4896291,30.3253338,label,null,null
330122,浙江省,杭州市,桐庐县,official_identity_match,unique_name_and_parent_geometry,r3221182,119.6876858,29.7965627,admin_centre,null,null
330127,浙江省,杭州市,淳安县,official_identity_match,unique_name_and_parent_geometry,r3125919,119.0367741,29.6118467,admin_centre,null,null
330182,浙江省,杭州市,建德市,official_identity_match,unique_name_and_parent_geometry,r3221113,119.2749876,29.4755882,admin_centre,null,null
330203,浙江省,宁波市,海曙区,official_identity_match,unique_name_and_parent_geometry,r4571617,121.5465956,29.8775087,admin_centre,null,null
330205,浙江省,宁波市,江北区,official_identity_match,unique_name_and_parent_geometry,r4571618,121.5517142,29.890276,admin_centre,null,null
330206,浙江省,宁波市,北仑区,official_identity_match,unique_name_and_parent_geometry,r4571794,121.8405972,29.9023893,admin_centre,null,null
330211,浙江省,宁波市,镇海区,official_identity_match,unique_name_and_parent_geometry,r4571619,121.5925117,29.9673857,admin_centre,null,null
330212,浙江省,宁波市,鄞州区,official_identity_match,unique_name_and_parent_geometry,r4571847,121.5428103,29.8197049,admin_centre,null,null
330213,浙江省,宁波市,奉化区,official_identity_match,unique_name_and_parent_geometry,r3316384,121.4017136,29.6575869,admin_centre,null,null
330225,浙江省,宁波市,象山县,official_identity_match,exact_code_and_source_name,r3199281,121.864941,29.4798365,admin_centre,null,null
330226,浙江省,宁波市,宁海县,official_identity_match,unique_name_and_parent_geometry,r3199272,121.4252252,29.2907774,admin_centre,null,null
330281,浙江省,宁波市,余姚市,official_identity_match,unique_name_and_parent_geometry,r4571867,121.1500882,30.0403094,admin_centre,null,null
330282,浙江省,宁波市,慈溪市,official_identity_match,unique_name_and_parent_geometry,r4571866,121.2623259,30.1730437,admin_centre,null,null
330302,浙江省,温州市,鹿城区,official_identity_match,unique_name_and_parent_geometry,r3289416,120.6507202,28.0187987,admin_centre,null,null
330303,浙江省,温州市,龙湾区,official_identity_match,exact_code_and_source_name,r3289415,120.8081747,27.9363908,admin_centre,null,null
330304,浙江省,温州市,瓯海区,official_identity_match,unique_name_and_parent_geometry,r3289417,120.6114239,27.9696586,admin_centre,null,null
330305,浙江省,温州市,洞头区,official_identity_match,exact_code_and_source_name,r3289342,121.1526719,27.838944,admin_centre,null,null
330324,浙江省,温州市,永嘉县,official_identity_match,unique_name_and_parent_geometry,r3218863,120.6879204,28.156278,admin_centre,null,null
330326,浙江省,温州市,平阳县,official_identity_match,exact_code_and_source_name,r3289418,120.5623712,27.6652861,admin_centre,null,null
330327,浙江省,温州市,苍南县,official_identity_match,exact_code_and_source_name,r3239536,120.4232915,27.5184046,label,null,null
330328,浙江省,温州市,文成县,official_identity_match,unique_name_and_parent_geometry,r3289421,120.0870883,27.7904852,admin_centre,null,null
330329,浙江省,温州市,泰顺县,official_identity_match,unique_name_and_parent_geometry,r3289420,119.7126369,27.5594965,admin_centre,null,null
330381,浙江省,温州市,瑞安市,official_identity_match,unique_name_and_parent_geometry,r3289419,120.6511821,27.7809878,admin_centre,null,null
330382,浙江省,温州市,乐清市,official_identity_match,unique_name_and_parent_geometry,r3289422,120.9809977,28.1164115,admin_centre,null,null
330383,浙江省,温州市,龙港市,official_identity_match,exact_code_and_source_name,r10320333,120.549134,27.5815252,label,null,null
330402,浙江省,嘉兴市,南湖区,official_identity_match,unique_name_and_parent_geometry,r4590578,120.7786275,30.7502821,admin_centre,null,null
330411,浙江省,嘉兴市,秀洲区,official_identity_match,unique_name_and_parent_geometry,r4590588,120.704931,30.7668311,admin_centre,null,null
330421,浙江省,嘉兴市,嘉善县,official_identity_match,unique_name_and_parent_geometry,r4590587,120.9217681,30.833495,admin_centre,null,null
330424,浙江省,嘉兴市,海盐县,official_identity_match,unique_name_and_parent_geometry,r4590573,120.9420572,30.5276676,admin_centre,null,null
330481,浙江省,嘉兴市,海宁市,official_identity_match,exact_code_and_source_name,r4590545,120.6759733,30.5142256,admin_centre,null,null
330482,浙江省,嘉兴市,平湖市,official_identity_match,unique_name_and_parent_geometry,r4590572,121.0116196,30.6782402,admin_centre,null,null
330483,浙江省,嘉兴市,桐乡市,official_identity_match,unique_name_and_parent_geometry,r4590513,120.5610365,30.6316971,admin_centre,null,null
330502,浙江省,湖州市,吴兴区,official_identity_match,unique_name_and_parent_geometry,r3149737,120.1809276,30.8588131,admin_centre,null,null
330503,浙江省,湖州市,南浔区,official_identity_match,unique_name_and_parent_geometry,r3149736,120.4154517,30.8539189,admin_centre,null,null
330521,浙江省,湖州市,德清县,official_identity_match,exact_code_and_source_name,r3149735,119.9724332,30.542973,admin_centre,null,null
330522,浙江省,湖州市,长兴县,official_identity_match,unique_name_and_parent_geometry,r3149734,119.9066473,31.0278566,admin_centre,null,null
330523,浙江省,湖州市,安吉县,official_identity_match,unique_name_and_parent_geometry,r3149729,119.6755006,30.6383107,admin_centre,null,null
330602,浙江省,绍兴市,越城区,official_identity_match,unique_name_and_parent_geometry,r3316526,120.6126616,29.9833038,admin_centre,null,null
330603,浙江省,绍兴市,柯桥区,official_identity_match,exact_code_and_source_name,r3316525,120.4908065,30.0847959,admin_centre,null,null
330604,浙江省,绍兴市,上虞区,official_identity_match,unique_name_and_parent_geometry,r3316524,120.8640628,30.0357,admin_centre,null,null
330624,浙江省,绍兴市,新昌县,official_identity_match,unique_name_and_parent_geometry,r3316521,120.8986631,29.5031469,admin_centre,null,null
330681,浙江省,绍兴市,诸暨市,official_identity_match,unique_name_and_parent_geometry,r3058332,120.2419855,29.7112121,admin_centre,null,null
330683,浙江省,绍兴市,嵊州市,official_identity_match,exact_code_and_source_name,r3058331,120.8266704,29.5644007,admin_centre,null,null
330702,浙江省,金华市,婺城区,official_identity_match,exact_code_and_source_name,r4483296,119.566654,29.0896589,admin_centre,null,null
330703,浙江省,金华市,金东区,official_identity_match,unique_name_and_parent_geometry,r4483293,119.688078,29.102852,admin_centre,null,null
330723,浙江省,金华市,武义县,official_identity_match,exact_code_and_source_name,r3411907,119.8115928,28.8965355,admin_centre,null,null
330726,浙江省,金华市,浦江县,official_identity_match,unique_name_and_parent_geometry,r4483295,119.8876407,29.4554441,admin_centre,null,null
330727,浙江省,金华市,磐安县,official_identity_match,unique_name_and_parent_geometry,r3411718,120.4455893,29.0573079,admin_centre,null,null
330781,浙江省,金华市,兰溪市,official_identity_match,unique_name_and_parent_geometry,r4483294,119.455345,29.2117769,admin_centre,null,null
330782,浙江省,金华市,义乌市,official_identity_match,unique_name_and_parent_geometry,r4483297,120.0703805,29.3093002,admin_centre,null,null
330783,浙江省,金华市,东阳市,official_identity_match,unique_name_and_parent_geometry,r3411717,120.2372669,29.2924528,admin_centre,null,null
330784,浙江省,金华市,永康市,official_identity_match,unique_name_and_parent_geometry,r3411719,120.0427838,28.8918967,admin_centre,null,null
330802,浙江省,衢州市,柯城区,official_identity_match,unique_name_and_parent_geometry,r3278464,118.868824,28.9406274,admin_centre,null,null
330803,浙江省,衢州市,衢江区,official_identity_match,unique_name_and_parent_geometry,r3278466,118.954019,28.9839098,admin_centre,null,null
330822,浙江省,衢州市,常山县,official_identity_match,unique_name_and_parent_geometry,r3278461,118.5063585,28.9060233,admin_centre,null,null
330824,浙江省,衢州市,开化县,official_identity_match,unique_name_and_parent_geometry,r3278463,118.4108029,29.1399083,admin_centre,null,null
330825,浙江省,衢州市,龙游县,official_identity_match,unique_name_and_parent_geometry,r3278465,119.1673661,29.0309691,admin_centre,null,null
330881,浙江省,衢州市,江山市,official_identity_match,exact_code_and_source_name,r3278462,118.6226466,28.7417596,admin_centre,null,null
330902,浙江省,舟山市,定海区,official_identity_match,exact_code_and_source_name,r3308118,122.1025956,30.0215992,admin_centre,null,null
330903,浙江省,舟山市,普陀区,official_identity_match,exact_code_and_source_name,r3308119,122.319433,29.9735195,admin_centre,null,null
330921,浙江省,舟山市,岱山县,official_identity_match,exact_code_and_source_name,r3308117,122.2230072,30.2652069,admin_centre,null,null
330922,浙江省,舟山市,嵊泗县,official_identity_match,exact_code_and_source_name,r3308120,122.4469287,30.7278516,label,null,null
331002,浙江省,台州市,椒江区,official_identity_match,unique_name_and_parent_geometry,r3478391,121.4385711,28.6758042,admin_centre,null,null
331003,浙江省,台州市,黄岩区,official_identity_match,unique_name_and_parent_geometry,r3478413,121.2576325,28.65319,admin_centre,null,null
331004,浙江省,台州市,路桥区,official_identity_match,unique_name_and_parent_geometry,r3478390,121.3338807,28.5818718,admin_centre,null,null
331022,浙江省,台州市,三门县,official_identity_match,unique_name_and_parent_geometry,r3478415,121.3911493,29.1074946,admin_centre,null,null
331023,浙江省,台州市,天台县,official_identity_match,unique_name_and_parent_geometry,r3478416,121.0024612,29.1467362,admin_centre,null,null
331024,浙江省,台州市,仙居县,official_identity_match,exact_code_and_source_name,r3478386,120.7251018,28.8499577,admin_centre,null,null
331081,浙江省,台州市,温岭市,official_identity_match,unique_name_and_parent_geometry,r3478385,121.3808408,28.3761941,admin_centre,null,null
331082,浙江省,台州市,临海市,official_identity_match,unique_name_and_parent_geometry,r3478414,121.1402223,28.8616886,admin_centre,null,null
331083,浙江省,台州市,玉环市,official_identity_match,unique_name_and_parent_geometry,r3478417,121.2276288,28.1395469,admin_centre,null,null
331102,浙江省,丽水市,莲都区,official_identity_match,unique_name_and_parent_geometry,r3289203,119.9079603,28.4495941,admin_centre,null,null
331121,浙江省,丽水市,青田县,official_identity_match,unique_name_and_parent_geometry,r3218862,120.285214,28.1427524,admin_centre,null,null
331122,浙江省,丽水市,缙云县,official_identity_match,unique_name_and_parent_geometry,r3289202,120.0869565,28.6615529,admin_centre,null,null
331123,浙江省,丽水市,遂昌县,official_identity_match,unique_name_and_parent_geometry,r3289207,119.2686475,28.595012,admin_centre,null,null
331124,浙江省,丽水市,松阳县,official_identity_match,exact_code_and_source_name,r3289205,119.4764842,28.4508227,admin_centre,null,null
331125,浙江省,丽水市,云和县,official_identity_match,unique_name_and_parent_geometry,r3289208,119.5684002,28.1185318,admin_centre,null,null
331126,浙江省,丽水市,庆元县,official_identity_match,unique_name_and_parent_geometry,r3289206,119.0577095,27.6215904,admin_centre,null,null
331127,浙江省,丽水市,景宁畲族自治县,official_identity_match,unique_name_and_parent_geometry,r3289201,119.6311086,27.9769557,admin_centre,null,null
331181,浙江省,丽水市,龙泉市,official_identity_match,unique_name_and_parent_geometry,r3289204,119.1367968,28.0765137,label,null,null
340102,安徽省,合肥市,瑶海区,official_identity_match,exact_code_and_source_name,r3288964,117.3037396,31.8601612,admin_centre,null,null
340103,安徽省,合肥市,庐阳区,official_identity_match,exact_code_and_source_name,r3288962,117.2592373,31.8805508,admin_centre,null,null
340104,安徽省,合肥市,蜀山区,official_identity_match,exact_code_and_source_name,r3288963,117.2550177,31.8531187,admin_centre,null,null
340111,安徽省,合肥市,包河区,official_identity_match,exact_code_and_source_name,r3288956,117.3052493,31.7955295,admin_centre,null,null
340121,安徽省,合肥市,长丰县,official_identity_match,exact_code_and_source_name,r3288957,117.161884,32.4805394,admin_centre,null,null
340122,安徽省,合肥市,肥东县,official_identity_match,exact_code_and_source_name,r3288959,117.4726242,31.8802641,admin_centre,null,null
340123,安徽省,合肥市,肥西县,official_identity_match,exact_code_and_source_name,r3288960,117.152533,31.7090349,admin_centre,null,null
340124,安徽省,合肥市,庐江县,official_identity_match,exact_code_and_source_name,r3288961,117.2828349,31.259204,admin_centre,null,null
340181,安徽省,合肥市,巢湖市,official_identity_match,exact_code_and_source_name,r3288958,117.8594813,31.600963,admin_centre,null,null
340202,安徽省,芜湖市,镜湖区,official_identity_match,exact_code_and_source_name,r3262029,118.3797326,31.3422958,admin_centre,null,null
340207,安徽省,芜湖市,鸠江区,official_identity_match,exact_code_and_source_name,r3262030,118.3860456,31.3718147,admin_centre,null,null
340209,安徽省,芜湖市,弋江区,official_identity_match,exact_code_and_source_name,r3262035,118.3673017,31.313119,admin_centre,null,null
340210,安徽省,芜湖市,湾沚区,official_identity_match,exact_code_and_source_name,r3262033,118.5705302,31.1367282,admin_centre,null,null
340212,安徽省,芜湖市,繁昌区,official_identity_match,exact_code_and_source_name,r3262028,118.1939852,31.103204,admin_centre,null,null
340223,安徽省,芜湖市,南陵县,official_identity_match,exact_code_and_source_name,r3262031,118.328841,30.9169161,admin_centre,null,null
340281,安徽省,芜湖市,无为市,official_identity_match,exact_code_and_source_name,r3262034,117.9126567,31.2999311,admin_centre,null,null
340302,安徽省,蚌埠市,龙子湖区,official_identity_match,unique_name_and_parent_geometry,r3262331,117.3881282,32.9448624,admin_centre,null,null
340303,安徽省,蚌埠市,蚌山区,official_identity_match,unique_name_and_parent_geometry,r3262327,117.3657427,32.9182043,admin_centre,null,null
340304,安徽省,蚌埠市,禹会区,official_identity_match,unique_name_and_parent_geometry,r3262333,117.3363525,32.9311407,admin_centre,null,null
340311,安徽省,蚌埠市,淮上区,official_identity_match,exact_code_and_source_name,r3262329,117.3537628,32.9647332,label,null,null
340321,安徽省,蚌埠市,怀远县,official_identity_match,exact_code_and_source_name,r3262330,117.1994832,32.9706393,admin_centre,null,null
340322,安徽省,蚌埠市,五河县,official_identity_match,exact_code_and_source_name,r3262332,117.8759223,33.1290757,admin_centre,null,null
340323,安徽省,蚌埠市,固镇县,official_identity_match,exact_code_and_source_name,r3262328,117.3108526,33.3200747,admin_centre,null,null
340402,安徽省,淮南市,大通区,official_identity_match,unique_name_and_parent_geometry,r3262705,117.0471673,32.6335872,admin_centre,null,null
340403,安徽省,淮南市,田家庵区,official_identity_match,unique_name_and_parent_geometry,r3262708,117.0118668,32.6491462,admin_centre,null,null
340404,安徽省,淮南市,谢家集区,official_identity_match,unique_name_and_parent_geometry,r3262709,116.8543839,32.6017288,admin_centre,null,null
340405,安徽省,淮南市,八公山区,official_identity_match,unique_name_and_parent_geometry,r3262704,116.8283129,32.6334388,admin_centre,null,null
340406,安徽省,淮南市,潘集区,official_identity_match,unique_name_and_parent_geometry,r3262707,116.8187599,32.7822968,admin_centre,null,null
340421,安徽省,淮南市,凤台县,official_identity_match,exact_code_and_source_name,r3262706,116.7056723,32.7122938,admin_centre,null,null
340422,安徽省,淮南市,寿县,official_identity_match,unique_name_and_parent_geometry,r3243390,116.7929043,32.5475121,admin_centre,null,null
340503,安徽省,马鞍山市,花山区,official_identity_match,unique_name_and_parent_geometry,r3260814,118.5058733,31.7020193,admin_centre,null,null
340504,安徽省,马鞍山市,雨山区,official_identity_match,unique_name_and_parent_geometry,r3260815,118.4933555,31.6842096,admin_centre,null,null
340506,安徽省,马鞍山市,博望区,official_identity_match,unique_name_and_parent_geometry,r3260810,118.8129481,31.5527904,admin_centre,null,null
340521,安徽省,马鞍山市,当涂县,official_identity_match,unique_name_and_parent_geometry,r3260811,118.4928233,31.5722883,admin_centre,null,null
340522,安徽省,马鞍山市,含山县,official_identity_match,exact_code_and_source_name,r3260812,118.095897,31.7372502,admin_centre,null,null
340523,安徽省,马鞍山市,和县,official_identity_match,exact_code_and_source_name,r3260813,118.3481305,31.7442532,admin_centre,null,null
340602,安徽省,淮北市,杜集区,official_identity_match,unique_name_and_parent_geometry,r3231906,116.8226986,33.9931886,admin_centre,null,null
340603,安徽省,淮北市,相山区,official_identity_match,exact_code_and_source_name,r3231909,116.7898108,33.9612549,admin_centre,null,null
340604,安徽省,淮北市,烈山区,official_identity_match,unique_name_and_parent_geometry,r3231907,116.807632,33.8967068,admin_centre,null,null
340621,安徽省,淮北市,濉溪县,official_identity_match,exact_code_and_source_name,r3231908,116.7640522,33.9166455,admin_centre,null,null
340705,安徽省,铜陵市,铜官区,official_identity_match,exact_code_and_source_name,r3262055,117.8100981,30.9366738,admin_centre,null,null
340706,安徽省,铜陵市,义安区,official_identity_match,exact_code_and_source_name,r3262056,117.9321456,30.9532387,admin_centre,null,null
340711,安徽省,铜陵市,郊区,official_identity_match,exact_code_and_source_name,r3262053,117.8035201,30.9125316,admin_centre,null,null
340722,安徽省,铜陵市,枞阳县,official_identity_match,exact_code_and_source_name,r3220386,117.2448908,30.7078486,admin_centre,null,null
340802,安徽省,安庆市,迎江区,official_identity_match,exact_code_and_source_name,r3220383,117.0571678,30.5077171,admin_centre,null,null
340803,安徽省,安庆市,大观区,official_identity_match,exact_code_and_source_name,r3220376,117.0289484,30.5151307,admin_centre,null,null
340811,安徽省,安庆市,宜秀区,official_identity_match,exact_code_and_source_name,r3220384,116.981974,30.6147552,admin_centre,null,null
340822,安徽省,安庆市,怀宁县,official_identity_match,exact_code_and_source_name,r3220377,116.8245666,30.7368893,admin_centre,null,null
340825,安徽省,安庆市,太湖县,official_identity_match,exact_code_and_source_name,r3220380,116.3036851,30.4568047,admin_centre,null,null
340826,安徽省,安庆市,宿松县,official_identity_match,exact_code_and_source_name,r3220379,116.1292543,30.1734737,admin_centre,null,null
340827,安徽省,安庆市,望江县,official_identity_match,exact_code_and_source_name,r3220382,116.7013688,30.1309811,admin_centre,null,null
340828,安徽省,安庆市,岳西县,official_identity_match,exact_code_and_source_name,r3220385,116.3546524,30.8518572,admin_centre,null,null
340881,安徽省,安庆市,桐城市,official_identity_match,exact_code_and_source_name,r3220381,116.9689629,31.0382269,admin_centre,null,null
340882,安徽省,安庆市,潜山市,official_identity_match,exact_code_and_source_name,r3220378,116.5767197,30.6397295,admin_centre,null,null
341002,安徽省,黄山市,屯溪区,official_identity_match,unique_name_and_parent_geometry,r2992495,118.3098695,29.6986901,admin_centre,null,null
341003,安徽省,黄山市,黄山区,official_identity_match,unique_name_and_parent_geometry,r2992491,118.1299559,30.2841703,admin_centre,null,null
341004,安徽省,黄山市,徽州区,official_identity_match,unique_name_and_parent_geometry,r2992492,118.331614,29.8298053,admin_centre,null,null
341021,安徽省,黄山市,歙县,official_identity_match,exact_code_and_source_name,r2992494,118.4101129,29.8635777,admin_centre,null,null
341022,安徽省,黄山市,休宁县,official_identity_match,exact_code_and_source_name,r2992496,118.188278,29.7864338,admin_centre,null,null
341023,安徽省,黄山市,黟县,official_identity_match,exact_code_and_source_name,r2992497,117.9345987,29.9265985,admin_centre,null,null
341024,安徽省,黄山市,祁门县,official_identity_match,exact_code_and_source_name,r2992493,117.710248,29.8573141,admin_centre,null,null
341102,安徽省,滁州市,琅琊区,official_identity_match,exact_code_and_source_name,r3231583,118.3157349,32.334425,admin_centre,null,null
341103,安徽省,滁州市,南谯区,official_identity_match,exact_code_and_source_name,r3231585,118.4112744,32.2019663,admin_centre,null,null
341122,安徽省,滁州市,来安县,official_identity_match,exact_code_and_source_name,r3231582,118.4268809,32.4180044,admin_centre,null,null
341124,安徽省,滁州市,全椒县,official_identity_match,unique_name_and_parent_geometry,r3231586,118.2687495,32.0881937,admin_centre,null,null
341125,安徽省,滁州市,定远县,official_identity_match,exact_code_and_source_name,r3231580,117.6930223,32.5331628,admin_centre,null,null
341126,安徽省,滁州市,凤阳县,official_identity_match,exact_code_and_source_name,r3231581,117.5260591,32.8754208,admin_centre,null,null
341181,安徽省,滁州市,天长市,official_identity_match,exact_code_and_source_name,r3231587,118.9994478,32.669149,admin_centre,null,null
341182,安徽省,滁州市,明光市,official_identity_match,exact_code_and_source_name,r3231584,118.0127491,32.7840083,label,null,null
341202,安徽省,阜阳市,颍州区,official_identity_match,exact_code_and_source_name,r3246003,115.75807061681039,32.86151985,interior_representative_point,null,null
341203,安徽省,阜阳市,颍东区,official_identity_match,unique_name_and_parent_geometry,r3246000,116.00112189582833,32.928736650000005,interior_representative_point,null,null
341204,安徽省,阜阳市,颍泉区,official_identity_match,exact_code_and_source_name,r3246001,115.8018761,32.9271204,admin_centre,null,null
341221,安徽省,阜阳市,临泉县,official_identity_match,exact_code_and_source_name,r3245998,115.2575586,33.0421611,admin_centre,null,null
341222,安徽省,阜阳市,太和县,official_identity_match,exact_code_and_source_name,r3245999,115.6180556,33.1673007,admin_centre,null,null
341225,安徽省,阜阳市,阜南县,official_identity_match,exact_code_and_source_name,r3245996,115.5836827,32.6405654,admin_centre,null,null
341226,安徽省,阜阳市,颍上县,official_identity_match,exact_code_and_source_name,r3246002,116.2515365,32.6531452,admin_centre,null,null
341282,安徽省,阜阳市,界首市,official_identity_match,exact_code_and_source_name,r3245997,115.3540362,33.2619055,admin_centre,null,null
341302,安徽省,宿州市,埇桥区,official_identity_match,unique_name_and_parent_geometry,r3231857,116.9720556,33.6434399,label,null,null
341321,安徽省,宿州市,砀山县,official_identity_match,exact_code_and_source_name,r3231853,116.3609227,34.4432154,admin_centre,null,null
341322,安徽省,宿州市,萧县,official_identity_match,exact_code_and_source_name,r3231856,116.9417055,34.1903523,admin_centre,null,null
341323,安徽省,宿州市,灵璧县,official_identity_match,unique_name_and_parent_geometry,r3231854,117.5529641,33.5428567,admin_centre,null,null
341324,安徽省,宿州市,泗县,official_identity_match,unique_name_and_parent_geometry,r3231855,117.9047846,33.4853207,admin_centre,null,null
341502,安徽省,六安市,金安区,official_identity_match,exact_code_and_source_name,r3243388,116.534208,31.7517806,admin_centre,null,null
341503,安徽省,六安市,裕安区,official_identity_match,exact_code_and_source_name,r3243392,116.4745286,31.7401713,admin_centre,null,null
341504,安徽省,六安市,叶集区,official_identity_match,exact_code_and_source_name,r5921582,115.9200262,31.8653198,admin_centre,null,null
341522,安徽省,六安市,霍邱县,official_identity_match,exact_code_and_source_name,r3243386,116.2746107,32.3525728,admin_centre,null,null
341523,安徽省,六安市,舒城县,official_identity_match,exact_code_and_source_name,r3243391,116.9438806,31.466037,admin_centre,null,null
341524,安徽省,六安市,金寨县,official_identity_match,exact_code_and_source_name,r3243389,115.9289147,31.7297166,admin_centre,null,null
341525,安徽省,六安市,霍山县,official_identity_match,exact_code_and_source_name,r3243387,116.3422767,31.4112814,admin_centre,null,null
341602,安徽省,亳州市,谯城区,official_identity_match,exact_code_and_source_name,r3245949,115.8207305,33.766536,label,null,null
341621,安徽省,亳州市,涡阳县,official_identity_match,exact_code_and_source_name,r3245946,116.2106663,33.4949926,admin_centre,null,null
341622,安徽省,亳州市,蒙城县,official_identity_match,exact_code_and_source_name,r3245948,116.5655183,33.2579409,admin_centre,null,null
341623,安徽省,亳州市,利辛县,official_identity_match,exact_code_and_source_name,r3245947,116.2011952,33.1603023,admin_centre,null,null
341702,安徽省,池州市,贵池区,official_identity_match,exact_code_and_source_name,r3164667,117.5630095,30.6900702,admin_centre,null,null
341721,安徽省,池州市,东至县,official_identity_match,exact_code_and_source_name,r3164666,117.0220973,30.1129671,admin_centre,null,null
341722,安徽省,池州市,石台县,official_identity_match,exact_code_and_source_name,r3164668,117.4807881,30.2127053,admin_centre,null,null
341723,安徽省,池州市,青阳县,official_identity_match,exact_code_and_source_name,r3164650,117.8421796,30.6414611,admin_centre,null,null
341802,安徽省,宣城市,宣州区,official_identity_match,exact_code_and_source_name,r3222247,118.7514279,30.9486697,admin_centre,null,null
341821,安徽省,宣城市,郎溪县,official_identity_match,unique_name_and_parent_geometry,r3222245,119.1788331,31.1446927,admin_centre,null,null
341823,安徽省,宣城市,泾县,official_identity_match,exact_code_and_source_name,r3164905,118.4142688,30.6908834,admin_centre,null,null
341824,安徽省,宣城市,绩溪县,official_identity_match,exact_code_and_source_name,r3222244,118.5747847,30.0695974,label,null,null
341825,安徽省,宣城市,旌德县,official_identity_match,exact_code_and_source_name,r3222243,118.544915,30.2991569,admin_centre,null,null
341881,安徽省,宣城市,宁国市,official_identity_match,exact_code_and_source_name,r3222246,118.9867301,30.6353605,admin_centre,null,null
341882,安徽省,宣城市,广德市,official_identity_match,exact_code_and_source_name,r3222242,119.4154062,30.8791255,admin_centre,null,null
350102,福建省,福州市,鼓楼区,official_identity_match,unique_name_and_parent_geometry,r3263967,119.2990881,26.0850844,admin_centre,null,null
350103,福建省,福州市,台江区,official_identity_match,unique_name_and_parent_geometry,r3263975,119.3091467,26.0559339,admin_centre,null,null
350104,福建省,福州市,仓山区,official_identity_match,unique_name_and_parent_geometry,r3263964,119.2685656,26.0499778,admin_centre,null,null
350105,福建省,福州市,马尾区,official_identity_match,unique_name_and_parent_geometry,r3263971,119.434338,26.0016129,admin_centre,null,null
350111,福建省,福州市,晋安区,official_identity_match,unique_name_and_parent_geometry,r3263968,119.3236694,26.0850862,admin_centre,null,null
350112,福建省,福州市,长乐区,official_identity_match,exact_code_and_source_name,r3263965,119.5185643,25.9660393,label,null,null
350121,福建省,福州市,闽侯县,official_identity_match,exact_code_and_source_name,r3263972,119.0758082,26.2276316,label,null,null
350122,福建省,福州市,连江县,official_identity_match,exact_code_and_source_name,r3263969,119.535017,26.1993064,admin_centre,null,null
350123,福建省,福州市,罗源县,official_identity_match,exact_code_and_source_name,r3263970,119.5448198,26.4929647,admin_centre,null,null
350124,福建省,福州市,闽清县,official_identity_match,exact_code_and_source_name,r3263973,118.8594063,26.2252529,admin_centre,null,null
350125,福建省,福州市,永泰县,official_identity_match,unique_name_and_parent_geometry,r3263976,118.9278013,25.8706124,admin_centre,null,null
350128,福建省,福州市,平潭县,official_identity_match,exact_code_and_source_name,r3263974,119.7863991,25.5016433,label,null,null
350181,福建省,福州市,福清市,official_identity_match,unique_name_and_parent_geometry,r3263966,119.3795377,25.7237321,admin_centre,null,null
350203,福建省,厦门市,思明区,official_identity_match,unique_name_and_parent_geometry,r3243085,118.0778032,24.4482931,label,null,null
350205,福建省,厦门市,海沧区,official_identity_match,unique_name_and_parent_geometry,r3243082,118.0265918,24.4885227,admin_centre,null,null
350206,福建省,厦门市,湖里区,official_identity_match,unique_name_and_parent_geometry,r3243083,118.1420561,24.5146456,label,null,null
350211,福建省,厦门市,集美区,official_identity_match,unique_name_and_parent_geometry,r3243084,118.0922581,24.5780219,label,null,null
350212,福建省,厦门市,同安区,official_identity_match,unique_name_and_parent_geometry,r3243086,118.146788,24.7261173,admin_centre,null,null
350213,福建省,厦门市,翔安区,official_identity_match,unique_name_and_parent_geometry,r3243087,118.2432023,24.6219765,label,null,null
350302,福建省,莆田市,城厢区,official_identity_match,exact_code_and_source_name,r3276843,118.9898242,25.4215461,admin_centre,null,null
350303,福建省,莆田市,涵江区,official_identity_match,exact_code_and_source_name,r3276844,119.1114965,25.4609641,admin_centre,null,null
350304,福建省,莆田市,荔城区,official_identity_match,exact_code_and_source_name,r3276845,119.0100317,25.4354976,admin_centre,null,null
350305,福建省,莆田市,秀屿区,official_identity_match,exact_code_and_source_name,r3276847,119.1003477,25.3199576,admin_centre,null,null
350322,福建省,莆田市,仙游县,official_identity_match,exact_code_and_source_name,r3276846,118.6868364,25.3634907,admin_centre,null,null
350404,福建省,三明市,三元区,official_identity_match,exact_code_and_source_name,r3181474,117.603111,26.2374327,admin_centre,null,null
350405,福建省,三明市,沙县区,official_identity_match,exact_code_and_source_name,r3181475,117.7877666,26.3997157,admin_centre,null,null
350421,福建省,三明市,明溪县,official_identity_match,exact_code_and_source_name,r3181472,117.1967922,26.359355,admin_centre,null,null
350423,福建省,三明市,清流县,official_identity_match,exact_code_and_source_name,r3181473,116.8120935,26.1811866,admin_centre,null,null
350424,福建省,三明市,宁化县,official_identity_match,exact_code_and_source_name,r3181096,116.6497871,26.2652762,admin_centre,null,null
350425,福建省,三明市,大田县,official_identity_match,exact_code_and_source_name,r3181468,117.8411002,25.6917842,admin_centre,null,null
350426,福建省,三明市,尤溪县,official_identity_match,exact_code_and_source_name,r3181478,118.1854509,26.1725168,admin_centre,null,null
350428,福建省,三明市,将乐县,official_identity_match,exact_code_and_source_name,r3181469,117.4658998,26.7322257,admin_centre,null,null
350429,福建省,三明市,泰宁县,official_identity_match,exact_code_and_source_name,r3181476,117.1705536,26.9030136,admin_centre,null,null
350430,福建省,三明市,建宁县,official_identity_match,exact_code_and_source_name,r3181470,116.841406,26.8342826,admin_centre,null,null
350481,福建省,三明市,永安市,official_identity_match,exact_code_and_source_name,r3181477,117.3599501,25.9441979,admin_centre,null,null
350502,福建省,泉州市,鲤城区,official_identity_match,exact_code_and_source_name,r4078786,118.5822144,24.910564,admin_centre,null,null
350503,福建省,泉州市,丰泽区,official_identity_match,exact_code_and_source_name,r4430443,118.6089651,24.8933758,label,null,null
350504,福建省,泉州市,洛江区,official_identity_match,exact_code_and_source_name,r4430446,118.6667332,24.94276,label,null,null
350505,福建省,泉州市,泉港区,official_identity_match,exact_code_and_source_name,r4430447,118.911768,25.1363983,admin_centre,null,null
350521,福建省,泉州市,惠安县,official_identity_match,exact_code_and_source_name,r4430444,118.7919514,25.0340507,label,null,null
350524,福建省,泉州市,安溪县,official_identity_match,exact_code_and_source_name,r2666979,118.1817065,25.0582843,admin_centre,null,null
350525,福建省,泉州市,永春县,official_identity_match,unique_name_and_parent_geometry,r2666967,118.2895752,25.3242046,admin_centre,null,null
350526,福建省,泉州市,德化县,official_identity_match,exact_code_and_source_name,r2666980,118.2362336,25.4945484,admin_centre,null,null
350527,福建省,泉州市,金门县,official_identity_match,not_required_service_unavailable,,,,,null,null
350581,福建省,泉州市,石狮市,official_identity_match,exact_code_and_source_name,r4430448,118.6439351,24.7337639,admin_centre,null,null
350582,福建省,泉州市,晋江市,official_identity_match,exact_code_and_source_name,r4430445,118.5477505,24.784435,admin_centre,null,null
350583,福建省,泉州市,南安市,official_identity_match,exact_code_and_source_name,r3225833,118.3842852,24.9633929,admin_centre,null,null
350602,福建省,漳州市,芗城区,official_identity_match,unique_name_and_parent_geometry,r3242118,117.6491194,24.5136973,admin_centre,null,null
350603,福建省,漳州市,龙文区,official_identity_match,unique_name_and_parent_geometry,r3242115,117.7046682,24.5047728,admin_centre,null,null
350604,福建省,漳州市,龙海区,official_identity_match,exact_code_and_source_name,r3242114,117.8132438,24.4490237,admin_centre,null,null
350605,福建省,漳州市,长泰区,official_identity_match,unique_name_and_parent_geometry,r3242111,117.7541918,24.6284169,admin_centre,null,null
350622,福建省,漳州市,云霄县,official_identity_match,exact_code_and_source_name,r3242119,117.335616,23.9603823,admin_centre,null,null
350623,福建省,漳州市,漳浦县,official_identity_match,unique_name_and_parent_geometry,r3242120,117.6088518,24.1202344,admin_centre,null,null
350624,福建省,漳州市,诏安县,official_identity_match,exact_code_and_source_name,r3242121,117.1702032,23.7143684,admin_centre,null,null
350626,福建省,漳州市,东山县,official_identity_match,unique_name_and_parent_geometry,r3242112,117.4248448,23.7036247,admin_centre,null,null
350627,福建省,漳州市,南靖县,official_identity_match,unique_name_and_parent_geometry,r3242116,117.3523949,24.5167811,admin_centre,null,null
350628,福建省,漳州市,平和县,official_identity_match,exact_code_and_source_name,r3242117,117.3095011,24.3659798,admin_centre,null,null
350629,福建省,漳州市,华安县,official_identity_match,unique_name_and_parent_geometry,r3242113,117.5300437,25.0074201,admin_centre,null,null
350702,福建省,南平市,延平区,official_identity_match,unique_name_and_parent_geometry,r3206299,118.1778773,26.6408323,label,null,null
350703,福建省,南平市,建阳区,official_identity_match,exact_code_and_source_name,r3206293,118.1153328,27.3352843,label,null,null
350721,福建省,南平市,顺昌县,official_identity_match,exact_code_and_source_name,r3206296,117.8049564,26.7966607,admin_centre,null,null
350722,福建省,南平市,浦城县,official_identity_match,exact_code_and_source_name,r3206294,118.5364676,27.920665,admin_centre,null,null
350723,福建省,南平市,光泽县,official_identity_match,exact_code_and_source_name,r3206291,117.3295996,27.5440539,admin_centre,null,null
350724,福建省,南平市,松溪县,official_identity_match,exact_code_and_source_name,r3206297,118.7830986,27.5309475,admin_centre,null,null
350725,福建省,南平市,政和县,official_identity_match,exact_code_and_source_name,r3206300,118.852995,27.3694537,admin_centre,null,null
350781,福建省,南平市,邵武市,official_identity_match,exact_code_and_source_name,r3206295,117.4903849,27.3471464,admin_centre,null,null
350782,福建省,南平市,武夷山市,official_identity_match,exact_code_and_source_name,r3206298,118.0297688,27.7590448,admin_centre,null,null
350783,福建省,南平市,建瓯市,official_identity_match,exact_code_and_source_name,r3206292,118.2999166,27.0261059,admin_centre,null,null
350802,福建省,龙岩市,新罗区,official_identity_match,exact_code_and_source_name,r3144721,117.0322636,25.1010314,admin_centre,null,null
350803,福建省,龙岩市,永定区,official_identity_match,exact_code_and_source_name,r3144722,116.7269188,24.7264405,admin_centre,null,null
350821,福建省,龙岩市,长汀县,official_identity_match,exact_code_and_source_name,r3144717,116.3528512,25.8365297,admin_centre,null,null
350823,福建省,龙岩市,上杭县,official_identity_match,exact_code_and_source_name,r3144719,116.4149744,25.0512017,admin_centre,null,null
350824,福建省,龙岩市,武平县,official_identity_match,exact_code_and_source_name,r3144720,116.0956689,25.0980757,admin_centre,null,null
350825,福建省,龙岩市,连城县,official_identity_match,exact_code_and_source_name,r3144718,116.74956,25.7125573,admin_centre,null,null
350881,福建省,龙岩市,漳平市,official_identity_match,exact_code_and_source_name,r3144723,117.4145306,25.2933473,admin_centre,null,null
350902,福建省,宁德市,蕉城区,official_identity_match,exact_code_and_source_name,r3241357,119.5217603,26.6637689,admin_centre,null,null
350921,福建省,宁德市,霞浦县,official_identity_match,exact_code_and_source_name,r3277232,120.0009531,26.8885275,admin_centre,null,null
350922,福建省,宁德市,古田县,official_identity_match,unique_name_and_parent_geometry,r3277229,118.7414422,26.581454,admin_centre,null,null
350923,福建省,宁德市,屏南县,official_identity_match,exact_code_and_source_name,r3277230,118.981458,26.9120598,admin_centre,null,null
350924,福建省,宁德市,寿宁县,official_identity_match,exact_code_and_source_name,r3277231,119.5101439,27.4569839,admin_centre,null,null
350925,福建省,宁德市,周宁县,official_identity_match,exact_code_and_source_name,r3277234,119.3339545,27.1072041,admin_centre,null,null
350926,福建省,宁德市,柘荣县,official_identity_match,exact_code_and_source_name,r3277233,119.8962904,27.2377615,admin_centre,null,null
350981,福建省,宁德市,福安市,official_identity_match,unique_name_and_parent_geometry,r3277228,119.6433621,27.0909995,admin_centre,null,null
350982,福建省,宁德市,福鼎市,official_identity_match,unique_name_and_parent_geometry,r3239346,120.2125652,27.3279195,admin_centre,null,null
360102,江西省,南昌市,东湖区,official_identity_match,exact_code_and_source_name,r3170007,115.898211,28.7014804,label,null,null
360103,江西省,南昌市,西湖区,official_identity_match,exact_code_and_source_name,r3170011,115.8719978,28.6592167,admin_centre,null,null
360104,江西省,南昌市,青云谱区,official_identity_match,exact_code_and_source_name,r3170019,115.9206902,28.625041,label,null,null
360111,江西省,南昌市,青山湖区,official_identity_match,unique_name_and_parent_geometry,r3170024,115.9572763,28.6851715,label,null,null
360112,江西省,南昌市,新建区,official_identity_match,exact_code_and_source_name,r3170064,115.8090938,28.6958362,admin_centre,null,null
360113,江西省,南昌市,红谷滩区,official_identity_match,exact_code_and_source_name,r3474630,115.853252,28.7015612,admin_centre,null,null
360121,江西省,南昌市,南昌县,official_identity_match,exact_code_and_source_name,r3170091,115.9286959,28.5592231,admin_centre,null,null
360123,江西省,南昌市,安义县,official_identity_match,exact_code_and_source_name,r3170059,115.5444471,28.8477345,admin_centre,null,null
360124,江西省,南昌市,进贤县,official_identity_match,unique_name_and_parent_geometry,r3170100,116.2375292,28.3790889,admin_centre,null,null
360202,江西省,景德镇市,昌江区,official_identity_match,exact_code_and_source_name,r3299074,117.1783412,29.2760767,admin_centre,null,null
360203,江西省,景德镇市,珠山区,official_identity_match,unique_name_and_parent_geometry,r3299125,117.1981129,29.3029409,admin_centre,null,null
360222,江西省,景德镇市,浮梁县,official_identity_match,exact_code_and_source_name,r3299133,117.2099191,29.3544265,admin_centre,null,null
360281,江西省,景德镇市,乐平市,official_identity_match,exact_code_and_source_name,r3224296,117.1482986,28.9800529,admin_centre,null,null
360302,江西省,萍乡市,安源区,official_identity_match,exact_code_and_source_name,r3189979,113.8671885,27.6189173,label,null,null
360313,江西省,萍乡市,湘东区,official_identity_match,exact_code_and_source_name,r3189983,113.727789,27.6424851,admin_centre,null,null
360321,江西省,萍乡市,莲花县,official_identity_match,exact_code_and_source_name,r3189980,113.956146,27.1309075,admin_centre,null,null
360322,江西省,萍乡市,上栗县,official_identity_match,exact_code_and_source_name,r3189982,113.7909483,27.8835479,admin_centre,null,null
360323,江西省,萍乡市,芦溪县,official_identity_match,exact_code_and_source_name,r3189981,114.0256286,27.6314668,admin_centre,null,null
360402,江西省,九江市,濂溪区,official_identity_match,exact_code_and_source_name,r3190445,115.9876261,29.6688213,admin_centre,null,null
360403,江西省,九江市,浔阳区,official_identity_match,exact_code_and_source_name,r3190451,115.9967539,29.7077367,admin_centre,null,null
360404,江西省,九江市,柴桑区,official_identity_match,exact_code_and_source_name,r3190444,115.9051317,29.6125482,admin_centre,null,null
360423,江西省,九江市,武宁县,official_identity_match,exact_code_and_source_name,r3190448,115.0871035,29.2504202,admin_centre,null,null
360424,江西省,九江市,修水县,official_identity_match,unique_name_and_parent_geometry,r3190450,114.5422454,29.0275532,admin_centre,null,null
360425,江西省,九江市,永修县,official_identity_match,exact_code_and_source_name,r3190452,115.8271029,29.012988,admin_centre,null,null
360426,江西省,九江市,德安县,official_identity_match,exact_code_and_source_name,r3190440,115.7634011,29.3039152,admin_centre,null,null
360428,江西省,九江市,都昌县,official_identity_match,exact_code_and_source_name,r3190441,116.1989696,29.2757384,admin_centre,null,null
360429,江西省,九江市,湖口县,official_identity_match,exact_code_and_source_name,r3190443,116.2473706,29.7332458,admin_centre,null,null
360430,江西省,九江市,彭泽县,official_identity_match,exact_code_and_source_name,r3190446,116.5593278,29.8795555,admin_centre,null,null
360481,江西省,九江市,瑞昌市,official_identity_match,exact_code_and_source_name,r3190447,115.676396,29.6765809,admin_centre,null,null
360482,江西省,九江市,共青城市,official_identity_match,exact_code_and_source_name,r3190442,115.7795008,29.2375504,label,null,null
360483,江西省,九江市,庐山市,official_identity_match,exact_code_and_source_name,r3190449,115.9428552,29.3595966,label,null,null
360502,江西省,新余市,渝水区,official_identity_match,exact_code_and_source_name,r3182930,114.9397801,27.8034942,admin_centre,null,null
360521,江西省,新余市,分宜县,official_identity_match,exact_code_and_source_name,r3182929,114.6852982,27.8180748,admin_centre,null,null
360602,江西省,鹰潭市,月湖区,official_identity_match,exact_code_and_source_name,r3245898,117.0971203,28.2692004,admin_centre,null,null
360603,江西省,鹰潭市,余江区,official_identity_match,exact_code_and_source_name,r3245899,116.8498058,28.2021776,admin_centre,null,null
360681,江西省,鹰潭市,贵溪市,official_identity_match,exact_code_and_source_name,r3245897,117.2401238,28.2947694,admin_centre,null,null
360702,江西省,赣州市,章贡区,official_identity_match,unique_name_and_parent_geometry,r3180946,114.916017,25.8210644,admin_centre,null,null
360703,江西省,赣州市,南康区,official_identity_match,exact_code_and_source_name,r3180937,114.7606438,25.6637996,admin_centre,null,null
360704,江西省,赣州市,赣县区,official_identity_match,exact_code_and_source_name,r3180935,115.0166116,25.8567802,admin_centre,null,null
360722,江西省,赣州市,信丰县,official_identity_match,unique_name_and_parent_geometry,r3180942,114.918333,25.3888742,admin_centre,null,null
360723,江西省,赣州市,大余县,official_identity_match,exact_code_and_source_name,r3180934,114.3566689,25.403041,admin_centre,null,null
360724,江西省,赣州市,上犹县,official_identity_match,exact_code_and_source_name,r3180940,114.5471228,25.7877741,admin_centre,null,null
360725,江西省,赣州市,崇义县,official_identity_match,exact_code_and_source_name,r3180933,114.3031824,25.6865274,admin_centre,null,null
360726,江西省,赣州市,安远县,official_identity_match,exact_code_and_source_name,r3180932,115.3883773,25.1392165,admin_centre,null,null
360728,江西省,赣州市,定南县,official_identity_match,unique_name_and_parent_geometry,r2221863,115.0227923,24.7858018,admin_centre,null,null
360729,江西省,赣州市,全南县,official_identity_match,exact_code_and_source_name,r2221865,114.525425,24.7453487,admin_centre,null,null
360730,江西省,赣州市,宁都县,official_identity_match,exact_code_and_source_name,r3180938,116.0069523,26.4745502,admin_centre,null,null
360731,江西省,赣州市,于都县,official_identity_match,unique_name_and_parent_geometry,r3180945,115.4103071,25.9547156,admin_centre,null,null
360732,江西省,赣州市,兴国县,official_identity_match,exact_code_and_source_name,r3180943,115.3579845,26.3412212,admin_centre,null,null
360733,江西省,赣州市,会昌县,official_identity_match,exact_code_and_source_name,r3180936,115.8042992,25.5890137,admin_centre,null,null
360734,江西省,赣州市,寻乌县,official_identity_match,exact_code_and_source_name,r3180944,115.634799,24.9716435,admin_centre,null,null
360735,江西省,赣州市,石城县,official_identity_match,exact_code_and_source_name,r3180941,116.3413908,26.3154117,admin_centre,null,null
360781,江西省,赣州市,瑞金市,official_identity_match,exact_code_and_source_name,r3180939,116.022088,25.8886054,admin_centre,null,null
360783,江西省,赣州市,龙南市,official_identity_match,exact_code_and_source_name,r2221864,114.7997774,24.9046618,admin_centre,null,null
360802,江西省,吉安市,吉州区,official_identity_match,exact_code_and_source_name,r2950511,114.9903727,27.145536,admin_centre,null,null
360803,江西省,吉安市,青原区,official_identity_match,exact_code_and_source_name,r2949891,115.0073057,27.0864579,admin_centre,null,null
360821,江西省,吉安市,吉安县,official_identity_match,exact_code_and_source_name,r2950509,114.9034181,27.0431288,admin_centre,null,null
360822,江西省,吉安市,吉水县,official_identity_match,exact_code_and_source_name,r2949890,115.1292681,27.2327762,admin_centre,null,null
360823,江西省,吉安市,峡江县,official_identity_match,exact_code_and_source_name,r2949892,115.3112808,27.5854058,admin_centre,null,null
360824,江西省,吉安市,新干县,official_identity_match,exact_code_and_source_name,r2949893,115.3808881,27.7419805,admin_centre,null,null
360825,江西省,吉安市,永丰县,official_identity_match,exact_code_and_source_name,r2950514,115.4176205,27.3188556,admin_centre,null,null
360826,江西省,吉安市,泰和县,official_identity_match,exact_code_and_source_name,r1226696,114.9167963,26.8029102,admin_centre,null,null
360827,江西省,吉安市,遂川县,official_identity_match,exact_code_and_source_name,r2950512,114.516576,26.3157141,admin_centre,null,null
360828,江西省,吉安市,万安县,official_identity_match,exact_code_and_source_name,r2950513,114.7563126,26.4615789,admin_centre,null,null
360829,江西省,吉安市,安福县,official_identity_match,exact_code_and_source_name,r2950508,114.6154315,27.394517,admin_centre,null,null
360830,江西省,吉安市,永新县,official_identity_match,exact_code_and_source_name,r2950515,114.2379641,26.9483401,admin_centre,null,null
360881,江西省,吉安市,井冈山市,official_identity_match,exact_code_and_source_name,r2950510,114.2845942,26.7505198,admin_centre,null,null
360902,江西省,宜春市,袁州区,official_identity_match,exact_code_and_source_name,r3182921,114.4227232,27.79875,admin_centre,null,null
360921,江西省,宜春市,奉新县,official_identity_match,exact_code_and_source_name,r3182914,115.3948252,28.6908931,admin_centre,null,null
360922,江西省,宜春市,万载县,official_identity_match,unique_name_and_parent_geometry,r3182919,114.4408498,28.1084634,admin_centre,null,null
360923,江西省,宜春市,上高县,official_identity_match,exact_code_and_source_name,r3182917,114.9423902,28.2399297,admin_centre,null,null
360924,江西省,宜春市,宜丰县,official_identity_match,exact_code_and_source_name,r3182920,114.798217,28.3973634,admin_centre,null,null
360925,江西省,宜春市,靖安县,official_identity_match,exact_code_and_source_name,r3182916,115.3564822,28.8634245,admin_centre,null,null
360926,江西省,宜春市,铜鼓县,official_identity_match,exact_code_and_source_name,r3182918,114.3498892,28.5152624,admin_centre,null,null
360981,江西省,宜春市,丰城市,official_identity_match,exact_code_and_source_name,r3182913,115.7660799,28.1608671,admin_centre,null,null
360982,江西省,宜春市,樟树市,official_identity_match,unique_name_and_parent_geometry,r3182922,115.5409818,28.0593779,admin_centre,null,null
360983,江西省,宜春市,高安市,official_identity_match,exact_code_and_source_name,r3182915,115.3732877,28.4210741,admin_centre,null,null
361002,江西省,抚州市,临川区,official_identity_match,unique_name_and_parent_geometry,r3182600,116.3069893,27.9362786,admin_centre,null,null
361003,江西省,抚州市,东乡区,official_identity_match,exact_code_and_source_name,r3182595,116.5985201,28.2496951,admin_centre,null,null
361021,江西省,抚州市,南城县,official_identity_match,exact_code_and_source_name,r3182601,116.6330209,27.5722894,admin_centre,null,null
361022,江西省,抚州市,黎川县,official_identity_match,exact_code_and_source_name,r3182599,116.9023892,27.2846257,admin_centre,null,null
361023,江西省,抚州市,南丰县,official_identity_match,exact_code_and_source_name,r3182602,116.5202101,27.2213228,admin_centre,null,null
361024,江西省,抚州市,崇仁县,official_identity_match,exact_code_and_source_name,r3182594,116.0712926,27.7564194,admin_centre,null,null
361025,江西省,抚州市,乐安县,official_identity_match,exact_code_and_source_name,r3182598,115.8255668,27.4303322,admin_centre,null,null
361026,江西省,抚州市,宜黄县,official_identity_match,exact_code_and_source_name,r3182603,116.2313963,27.5565956,admin_centre,null,null
361027,江西省,抚州市,金溪县,official_identity_match,exact_code_and_source_name,r3182597,116.7492151,27.9211117,admin_centre,null,null
361028,江西省,抚州市,资溪县,official_identity_match,exact_code_and_source_name,r3182604,117.0557929,27.7093568,admin_centre,null,null
361030,江西省,抚州市,广昌县,official_identity_match,exact_code_and_source_name,r3182596,116.3309761,26.8454403,admin_centre,null,null
361102,江西省,上饶市,信州区,official_identity_match,exact_code_and_source_name,r3046785,117.9611065,28.4344798,admin_centre,null,null
361103,江西省,上饶市,广丰区,official_identity_match,exact_code_and_source_name,r3046779,118.1795171,28.4383494,admin_centre,null,null
361104,江西省,上饶市,广信区,official_identity_match,exact_code_and_source_name,r3046782,117.903535,28.4531644,admin_centre,null,null
361123,江西省,上饶市,玉山县,official_identity_match,exact_code_and_source_name,r3046789,118.2402868,28.6839525,admin_centre,null,null
361124,江西省,上饶市,铅山县,official_identity_match,exact_code_and_source_name,r3046786,117.7038467,28.3145829,admin_centre,null,null
361125,江西省,上饶市,横峰县,official_identity_match,exact_code_and_source_name,r3046780,117.5914478,28.4080126,admin_centre,null,null
361126,江西省,上饶市,弋阳县,official_identity_match,exact_code_and_source_name,r3046787,117.4444862,28.3803502,admin_centre,null,null
361127,江西省,上饶市,余干县,official_identity_match,exact_code_and_source_name,r3046788,116.6898958,28.704072,admin_centre,null,null
361128,江西省,上饶市,鄱阳县,official_identity_match,exact_code_and_source_name,r3046781,116.6951582,29.0092369,admin_centre,null,null
361129,江西省,上饶市,万年县,official_identity_match,exact_code_and_source_name,r3046783,117.0538647,28.6963061,admin_centre,null,null
361130,江西省,上饶市,婺源县,official_identity_match,exact_code_and_source_name,r3046784,117.8558318,29.2506588,admin_centre,null,null
361181,江西省,上饶市,德兴市,official_identity_match,exact_code_and_source_name,r3046285,117.5891497,28.9323994,admin_centre,null,null
370102,山东省,济南市,历下区,official_identity_match,exact_code_and_source_name,r5676877,117.0701896,36.6664043,admin_centre,null,null
370103,山东省,济南市,市中区,official_identity_match,exact_code_and_source_name,r5676878,116.9837594,36.6513057,admin_centre,null,null
370104,山东省,济南市,槐荫区,official_identity_match,exact_code_and_source_name,r5676875,116.8846094,36.6715457,admin_centre,null,null
370105,山东省,济南市,天桥区,official_identity_match,exact_code_and_source_name,r5676879,116.9719816,36.6837525,admin_centre,null,null
370112,山东省,济南市,历城区,official_identity_match,exact_code_and_source_name,r5676876,117.0502729,36.67373,admin_centre,null,null
370113,山东省,济南市,长清区,official_identity_match,exact_code_and_source_name,r5676874,116.7461293,36.5598627,admin_centre,null,null
370114,山东省,济南市,章丘区,official_identity_match,unique_name_and_parent_geometry,r3486472,117.5420876,36.6855427,admin_centre,null,null
370115,山东省,济南市,济阳区,official_identity_match,unique_name_and_parent_geometry,r3486471,117.1672097,36.9779626,admin_centre,null,null
370116,山东省,济南市,莱芜区,official_identity_match,exact_code_and_source_name,r5676439,117.6698329,36.2150252,admin_centre,null,null
370117,山东省,济南市,钢城区,official_identity_match,exact_code_and_source_name,r5676438,117.8053635,36.0597837,admin_centre,null,null
370124,山东省,济南市,平阴县,official_identity_match,exact_code_and_source_name,r3486452,116.4241576,36.2655044,admin_centre,null,null
370126,山东省,济南市,商河县,official_identity_match,unique_name_and_parent_geometry,r3486470,117.1515267,37.3096329,admin_centre,null,null
370202,山东省,青岛市,市南区,official_identity_match,exact_code_and_source_name,r5655440,120.4056631,36.0758752,label,null,null
370203,山东省,青岛市,市北区,official_identity_match,exact_code_and_source_name,r5655439,120.3696639,36.0873176,label,null,null
370211,山东省,青岛市,黄岛区,official_identity_match,exact_code_and_source_name,r5655345,120.1930928,35.9589567,label,null,null
370212,山东省,青岛市,崂山区,official_identity_match,exact_code_and_source_name,r5655516,120.4645782,36.1059695,label,null,null
370213,山东省,青岛市,李沧区,official_identity_match,exact_code_and_source_name,r5655558,120.4270377,36.1453955,label,null,null
370214,山东省,青岛市,城阳区,official_identity_match,exact_code_and_source_name,r5655557,120.3913784,36.3042163,label,null,null
370215,山东省,青岛市,即墨区,official_identity_match,exact_code_and_source_name,r5655231,120.4420675,36.3890288,label,null,null
370281,山东省,青岛市,胶州市,official_identity_match,exact_code_and_source_name,r5655340,120.0284928,36.2640866,label,null,null
370283,山东省,青岛市,平度市,official_identity_match,exact_code_and_source_name,r5655170,119.9648885,36.7534005,admin_centre,null,null
370285,山东省,青岛市,莱西市,official_identity_match,exact_code_and_source_name,r5655202,120.5158492,36.8618279,label,null,null
370302,山东省,淄博市,淄川区,official_identity_match,exact_code_and_source_name,r3468502,118.04156014680039,36.56248495,interior_representative_point,null,null
370303,山东省,淄博市,张店区,official_identity_match,unique_name_and_parent_geometry,r3468500,118.0118881,36.806232,label,null,null
370304,山东省,淄博市,博山区,official_identity_match,unique_name_and_parent_geometry,r3468495,117.8567023,36.494716,label,null,null
370305,山东省,淄博市,临淄区,official_identity_match,unique_name_and_parent_geometry,r3468498,118.325278,36.794167,label,null,null
370306,山东省,淄博市,周村区,official_identity_match,unique_name_and_parent_geometry,r3468501,117.90019675249377,36.77473485,interior_representative_point,null,null
370321,山东省,淄博市,桓台县,official_identity_match,unique_name_and_parent_geometry,r3468497,118.01359078833076,36.9839061,interior_representative_point,null,null
370322,山东省,淄博市,高青县,official_identity_match,unique_name_and_parent_geometry,r3468496,117.8204107,37.1707264,admin_centre,null,null
370323,山东省,淄博市,沂源县,official_identity_match,unique_name_and_parent_geometry,r3468499,118.1586017,36.1819283,admin_centre,null,null
370402,山东省,枣庄市,市中区,official_identity_match,unique_name_and_parent_geometry,r3246757,117.5504,34.8650512,label,null,null
370403,山东省,枣庄市,薛城区,official_identity_match,unique_name_and_parent_geometry,r3246760,117.2803557,34.7838416,label,null,null
370404,山东省,枣庄市,峄城区,official_identity_match,unique_name_and_parent_geometry,r3246761,117.5851134,34.7738797,admin_centre,null,null
370405,山东省,枣庄市,台儿庄区,official_identity_match,unique_name_and_parent_geometry,r3246758,117.7279367,34.5638897,admin_centre,null,null
370406,山东省,枣庄市,山亭区,official_identity_match,unique_name_and_parent_geometry,r3246756,117.4551974,35.1005834,admin_centre,null,null
370481,山东省,枣庄市,滕州市,official_identity_match,unique_name_and_parent_geometry,r3246759,117.155367,35.0843171,admin_centre,null,null
370502,山东省,东营市,东营区,official_identity_match,exact_code_and_source_name,r5678407,118.5809312,37.4476074,label,null,null
370503,山东省,东营市,河口区,official_identity_match,exact_code_and_source_name,r5678409,118.5196832,37.8856476,label,null,null
370505,山东省,东营市,垦利区,official_identity_match,exact_code_and_source_name,r5678410,118.5696505,37.5714983,label,null,null
370522,山东省,东营市,利津县,official_identity_match,exact_code_and_source_name,r5678411,118.2420463,37.4964272,label,null,null
370523,山东省,东营市,广饶县,official_identity_match,exact_code_and_source_name,r5678408,118.4129962,37.0486917,admin_centre,null,null
370602,山东省,烟台市,芝罘区,official_identity_match,exact_code_and_source_name,r5653048,121.3950498,37.5404322,label,null,null
370611,山东省,烟台市,福山区,official_identity_match,exact_code_and_source_name,r5653486,121.2549984,37.5076152,admin_centre,null,null
370612,山东省,烟台市,牟平区,official_identity_match,exact_code_and_source_name,r5653933,121.5956195,37.3870896,label,null,null
370613,山东省,烟台市,莱山区,official_identity_match,exact_code_and_source_name,r5654121,121.4415279,37.4942016,admin_centre,null,null
370614,山东省,烟台市,蓬莱区,official_identity_match,exact_code_and_source_name,r11246458,120.8352496,37.7993552,admin_centre,null,null
370681,山东省,烟台市,龙口市,official_identity_match,exact_code_and_source_name,r5654313,120.4708629,37.6443474,label,null,null
370682,山东省,烟台市,莱阳市,official_identity_match,exact_code_and_source_name,r5654962,120.7068644,36.9786591,admin_centre,null,null
370683,山东省,烟台市,莱州市,official_identity_match,exact_code_and_source_name,r5654336,119.9370943,37.1773133,label,null,null
370685,山东省,烟台市,招远市,official_identity_match,exact_code_and_source_name,r5654933,120.4281727,37.3538319,label,null,null
370686,山东省,烟台市,栖霞市,official_identity_match,exact_code_and_source_name,r5654957,120.8266563,37.3050586,admin_centre,null,null
370687,山东省,烟台市,海阳市,official_identity_match,exact_code_and_source_name,r5654961,121.168464,36.6884947,admin_centre,null,null
370702,山东省,潍坊市,潍城区,official_identity_match,unique_name_and_parent_geometry,r3468768,119.0191186,36.7277965,admin_centre,null,null
370703,山东省,潍坊市,寒亭区,official_identity_match,unique_name_and_parent_geometry,r3468763,119.2054018,36.7553782,label,null,null
370704,山东省,潍坊市,坊子区,official_identity_match,unique_name_and_parent_geometry,r3468761,119.1605221,36.6542543,admin_centre,null,null
370705,山东省,潍坊市,奎文区,official_identity_match,unique_name_and_parent_geometry,r3468764,119.1268375,36.7066306,label,null,null
370724,山东省,潍坊市,临朐县,official_identity_match,unique_name_and_parent_geometry,r3468765,118.5384882,36.5156772,admin_centre,null,null
370725,山东省,潍坊市,昌乐县,official_identity_match,unique_name_and_parent_geometry,r3468759,118.8353847,36.6869923,admin_centre,null,null
370781,山东省,潍坊市,青州市,official_identity_match,unique_name_and_parent_geometry,r3468766,118.4738118,36.6843271,admin_centre,null,null
370782,山东省,潍坊市,诸城市,official_identity_match,unique_name_and_parent_geometry,r3468769,119.4041185,35.9957253,admin_centre,null,null
370783,山东省,潍坊市,寿光市,official_identity_match,unique_name_and_parent_geometry,r3468767,118.7322549,36.8762356,admin_centre,null,null
370784,山东省,潍坊市,安丘市,official_identity_match,unique_name_and_parent_geometry,r3468758,119.2129818,36.4794705,admin_centre,null,null
370785,山东省,潍坊市,高密市,official_identity_match,unique_name_and_parent_geometry,r3468762,119.8005385,36.3654065,admin_centre,null,null
370786,山东省,潍坊市,昌邑市,official_identity_match,unique_name_and_parent_geometry,r3468760,119.4013261,36.8394346,label,null,null
370811,山东省,济宁市,任城区,official_identity_match,exact_code_and_source_name,r3286953,116.6000801,35.4421741,label,null,null
370812,山东省,济宁市,兖州区,official_identity_match,exact_code_and_source_name,r3286958,116.7780517,35.5520437,admin_centre,null,null
370826,山东省,济宁市,微山县,official_identity_match,exact_code_and_source_name,r3286956,117.1230989,34.8071864,label,null,null
370827,山东省,济宁市,鱼台县,official_identity_match,exact_code_and_source_name,r3286959,116.6450258,35.0135864,admin_centre,null,null
370828,山东省,济宁市,金乡县,official_identity_match,exact_code_and_source_name,r3286950,116.3141927,35.074498,admin_centre,null,null
370829,山东省,济宁市,嘉祥县,official_identity_match,exact_code_and_source_name,r3286949,116.3368106,35.4089574,admin_centre,null,null
370830,山东省,济宁市,汶上县,official_identity_match,exact_code_and_source_name,r3286957,116.4914646,35.7115565,admin_centre,null,null
370831,山东省,济宁市,泗水县,official_identity_match,unique_name_and_parent_geometry,r3286955,117.2685877,35.6556748,admin_centre,null,null
370832,山东省,济宁市,梁山县,official_identity_match,unique_name_and_parent_geometry,r3286951,116.11509191416273,35.7968075,interior_representative_point,null,null
370881,山东省,济宁市,曲阜市,official_identity_match,exact_code_and_source_name,r3286952,116.987543,35.5956915,admin_centre,null,null
370883,山东省,济宁市,邹城市,official_identity_match,exact_code_and_source_name,r3286960,117.0017252,35.403211,admin_centre,null,null
370902,山东省,泰安市,泰山区,official_identity_match,exact_code_and_source_name,r5676299,117.1441054,36.192971,admin_centre,null,null
370911,山东省,泰安市,岱岳区,official_identity_match,exact_code_and_source_name,r5676296,117.056129,36.1854637,admin_centre,null,null
370921,山东省,泰安市,宁阳县,official_identity_match,exact_code_and_source_name,r5676298,116.800091,35.7591944,admin_centre,null,null
370923,山东省,泰安市,东平县,official_identity_match,exact_code_and_source_name,r4602410,116.4646998,35.9364734,admin_centre,null,null
370982,山东省,泰安市,新泰市,official_identity_match,exact_code_and_source_name,r5676301,117.7620286,35.9094557,admin_centre,null,null
370983,山东省,泰安市,肥城市,official_identity_match,exact_code_and_source_name,r5676297,116.7653466,36.1841443,admin_centre,null,null
371002,山东省,威海市,环翠区,official_identity_match,exact_code_and_source_name,r5652860,122.118165,37.5006278,label,null,null
371003,山东省,威海市,文登区,official_identity_match,exact_code_and_source_name,r5652862,121.96980263140863,36.63481865,interior_representative_point,"{""method"": ""missing_admin_level_from_official_county_identity"", ""sourceSha256"": ""40526d291894aaededae5bb81a16ba90128ebfc6701e50ca472a23c8406f1072"", ""parentSourceSha256"": ""c3c03b41b6a72d38f70558b9ab64bbc8a0baf92e6e99d1b5f12f95e208ec71d4""}",null
371082,山东省,威海市,荣成市,official_identity_match,exact_code_and_source_name,r3307447,122.482296,37.1649467,label,null,null
371083,山东省,威海市,乳山市,official_identity_match,exact_code_and_source_name,r5652861,121.5346952,36.9199831,label,null,null
371102,山东省,日照市,东港区,official_identity_match,exact_code_and_source_name,r5656078,119.4565498,35.4265777,label,null,null
371103,山东省,日照市,岚山区,official_identity_match,exact_code_and_source_name,r5656079,119.3131286,35.1220034,label,null,null
371121,山东省,日照市,五莲县,official_identity_match,exact_code_and_source_name,r5656045,119.2024296,35.7575847,label,null,null
371122,山东省,日照市,莒县,official_identity_match,exact_code_and_source_name,r5656034,118.8269753,35.5867424,label,null,null
371302,山东省,临沂市,兰山区,official_identity_match,unique_name_and_parent_geometry,r2812928,118.3418084,35.0535022,admin_centre,null,null
371311,山东省,临沂市,罗庄区,official_identity_match,unique_name_and_parent_geometry,r2813096,118.279238,34.9976234,label,null,null
371312,山东省,临沂市,河东区,official_identity_match,unique_name_and_parent_geometry,r2812973,118.3972545,35.0900603,admin_centre,null,null
371321,山东省,临沂市,沂南县,official_identity_match,unique_name_and_parent_geometry,r2813540,118.4591472,35.5500144,admin_centre,null,null
371322,山东省,临沂市,郯城县,official_identity_match,unique_name_and_parent_geometry,r2813154,118.3612047,34.6117371,admin_centre,null,null
371323,山东省,临沂市,沂水县,official_identity_match,exact_code_and_source_name,r2813535,118.6227646,35.7911764,admin_centre,null,null
371324,山东省,临沂市,兰陵县,official_identity_match,unique_name_and_parent_geometry,r2813657,118.0413403,34.854874,admin_centre,null,null
371325,山东省,临沂市,费县,official_identity_match,unique_name_and_parent_geometry,r2813696,117.9721788,35.2662953,admin_centre,null,null
371326,山东省,临沂市,平邑县,official_identity_match,unique_name_and_parent_geometry,r2813629,117.6097303,35.5177818,admin_centre,null,null
371327,山东省,临沂市,莒南县,official_identity_match,unique_name_and_parent_geometry,r2813428,118.8315575,35.1760539,admin_centre,null,null
371328,山东省,临沂市,蒙阴县,official_identity_match,unique_name_and_parent_geometry,r2813628,117.9462238,35.7200664,admin_centre,null,null
371329,山东省,临沂市,临沭县,official_identity_match,unique_name_and_parent_geometry,r2813438,118.6441033,34.9202826,admin_centre,null,null
371402,山东省,德州市,德城区,official_identity_match,exact_code_and_source_name,r5679926,116.2936979,37.4501076,label,null,null
371403,山东省,德州市,陵城区,official_identity_match,exact_code_and_source_name,r5679927,116.5706208,37.3358724,admin_centre,null,null
371422,山东省,德州市,宁津县,official_identity_match,exact_code_and_source_name,r5679929,116.7997725,37.6329213,admin_centre,null,null
371423,山东省,德州市,庆云县,official_identity_match,exact_code_and_source_name,r3513345,117.3777228,37.7734342,admin_centre,null,null
371424,山东省,德州市,临邑县,official_identity_match,exact_code_and_source_name,r5679928,116.91254708057085,37.261817199999996,interior_representative_point,null,null
371425,山东省,德州市,齐河县,official_identity_match,exact_code_and_source_name,r5679931,116.743889,36.799444,admin_centre,null,null
371426,山东省,德州市,平原县,official_identity_match,exact_code_and_source_name,r5679930,116.435,37.165833,admin_centre,null,null
371427,山东省,德州市,夏津县,official_identity_match,exact_code_and_source_name,r5679933,115.9957995,36.9478323,admin_centre,null,null
371428,山东省,德州市,武城县,official_identity_match,exact_code_and_source_name,r5679932,116.0640109,37.2130919,admin_centre,null,null
371481,山东省,德州市,乐陵市,official_identity_match,exact_code_and_source_name,r3513344,117.2135729,37.7289733,admin_centre,null,null
371482,山东省,德州市,禹城市,official_identity_match,exact_code_and_source_name,r5679934,116.6329789,36.933782,admin_centre,null,null
371502,山东省,聊城市,东昌府区,official_identity_match,exact_code_and_source_name,r5675850,116.0007625,36.4128622,label,null,null
371503,山东省,聊城市,茌平区,official_identity_match,exact_code_and_source_name,r5675848,116.2406737,36.5865512,admin_centre,null,null
371521,山东省,聊城市,阳谷县,official_identity_match,exact_code_and_source_name,r5675855,115.87916127217437,36.11363885,interior_representative_point,null,null
371522,山东省,聊城市,莘县,official_identity_match,exact_code_and_source_name,r5675854,115.6667421,36.23788,admin_centre,null,null
371524,山东省,聊城市,东阿县,official_identity_match,exact_code_and_source_name,r5675849,116.31089512903525,36.32556745,interior_representative_point,null,null
371525,山东省,聊城市,冠县,official_identity_match,exact_code_and_source_name,r5675852,115.4446073,36.4827737,admin_centre,null,null
371526,山东省,聊城市,高唐县,official_identity_match,exact_code_and_source_name,r5675851,116.2221056,36.856717,admin_centre,null,null
371581,山东省,聊城市,临清市,official_identity_match,exact_code_and_source_name,r5675853,115.7118439,36.8459198,admin_centre,null,null
371602,山东省,滨州市,滨城区,official_identity_match,exact_code_and_source_name,r5678249,118.0136196,37.4311343,label,null,null
371603,山东省,滨州市,沾化区,official_identity_match,exact_code_and_source_name,r5678254,118.0927749,37.6985497,label,null,null
371621,山东省,滨州市,惠民县,official_identity_match,exact_code_and_source_name,r5678251,117.5034499,37.4892875,admin_centre,null,null
371622,山东省,滨州市,阳信县,official_identity_match,exact_code_and_source_name,r5678253,117.5974413,37.6319379,admin_centre,null,null
371623,山东省,滨州市,无棣县,official_identity_match,exact_code_and_source_name,r5678252,117.6199106,37.7699483,label,null,null
371625,山东省,滨州市,博兴县,official_identity_match,exact_code_and_source_name,r5678250,118.1046769,37.1535401,admin_centre,null,null
371681,山东省,滨州市,邹平市,official_identity_match,exact_code_and_source_name,r4434114,117.736995,36.8629315,label,null,null
371702,山东省,菏泽市,牡丹区,official_identity_match,unique_name_and_parent_geometry,r3284915,115.4107298,35.2510986,label,null,null
371703,山东省,菏泽市,定陶区,official_identity_match,unique_name_and_parent_geometry,r3284911,115.565062,35.0758996,label,null,null
371721,山东省,菏泽市,曹县,official_identity_match,exact_code_and_source_name,r3284909,115.5508246,34.8587459,admin_centre,null,null
371722,山东省,菏泽市,单县,official_identity_match,unique_name_and_parent_geometry,r3284916,116.1008931,34.7805434,admin_centre,null,null
371723,山东省,菏泽市,成武县,official_identity_match,unique_name_and_parent_geometry,r3284910,115.8843008,34.9533967,label,null,null
371724,山东省,菏泽市,巨野县,official_identity_match,unique_name_and_parent_geometry,r3284914,116.056912,35.3887802,label,null,null
371725,山东省,菏泽市,郓城县,official_identity_match,exact_code_and_source_name,r3284917,115.9334944,35.5759752,admin_centre,null,null
371726,山东省,菏泽市,鄄城县,official_identity_match,exact_code_and_source_name,r3284913,115.5387841,35.5344257,admin_centre,null,null
371728,山东省,菏泽市,东明县,official_identity_match,unique_name_and_parent_geometry,r3284912,115.09232960857665,35.1978429,interior_representative_point,null,null
410102,河南省,郑州市,中原区,official_identity_match,exact_code_and_source_name,r4566388,113.6069899,34.7493622,admin_centre,null,null
410103,河南省,郑州市,二七区,official_identity_match,exact_code_and_source_name,r4566386,113.6341181,34.7255239,admin_centre,null,null
410104,河南省,郑州市,管城回族区,official_identity_match,exact_code_and_source_name,r4566254,113.6713332,34.7552651,admin_centre,null,null
410105,河南省,郑州市,金水区,official_identity_match,unique_name_and_parent_geometry,r4566400,113.654504,34.8016429,label,null,null
410106,河南省,郑州市,上街区,official_identity_match,exact_code_and_source_name,r4566389,113.2925023,34.8129699,admin_centre,null,null
410108,河南省,郑州市,惠济区,official_identity_match,exact_code_and_source_name,r4566399,113.6107904,34.8676735,admin_centre,null,null
410122,河南省,郑州市,中牟县,official_identity_match,exact_code_and_source_name,r4566253,113.9818305,34.7207718,admin_centre,null,null
410181,河南省,郑州市,巩义市,official_identity_match,exact_code_and_source_name,r4566214,113.0160586,34.749075,admin_centre,null,null
410182,河南省,郑州市,荥阳市,official_identity_match,exact_code_and_source_name,r4566390,113.3732183,34.7882287,admin_centre,null,null
410183,河南省,郑州市,新密市,official_identity_match,unique_name_and_parent_geometry,r4566223,113.3761237,34.5307313,admin_centre,null,null
410184,河南省,郑州市,新郑市,official_identity_match,exact_code_and_source_name,r4566225,113.7336778,34.3971133,admin_centre,null,null
410185,河南省,郑州市,登封市,official_identity_match,exact_code_and_source_name,r3283763,113.0444455,34.4551772,admin_centre,null,null
410202,河南省,开封市,龙亭区,official_identity_match,exact_code_and_source_name,r4568453,114.3511988,34.8028143,admin_centre,null,null
410203,河南省,开封市,顺河回族区,official_identity_match,exact_code_and_source_name,r4568528,114.3550618,34.796656,admin_centre,null,null
410204,河南省,开封市,鼓楼区,official_identity_match,exact_code_and_source_name,r4568527,114.3466204,34.7907681,admin_centre,null,null
410205,河南省,开封市,禹王台区,official_identity_match,exact_code_and_source_name,r4568529,114.3426025,34.7787865,admin_centre,null,null
410212,河南省,开封市,祥符区,official_identity_match,exact_code_and_source_name,r4568336,114.4348705,34.7581412,admin_centre,null,null
410221,河南省,开封市,杞县,official_identity_match,exact_code_and_source_name,r4568305,114.7750938,34.5506962,admin_centre,null,null
410222,河南省,开封市,通许县,official_identity_match,exact_code_and_source_name,r4568292,114.4768409,34.4811978,admin_centre,null,null
410223,河南省,开封市,尉氏县,official_identity_match,exact_code_and_source_name,r4568279,114.18708,34.4135905,admin_centre,null,null
410225,河南省,开封市,兰考县,official_identity_match,exact_code_and_source_name,r3283912,114.8131028,34.817906,admin_centre,null,null
410302,河南省,洛阳市,老城区,official_identity_match,exact_code_and_source_name,r3246481,112.4404639,34.6989797,admin_centre,null,null
410303,河南省,洛阳市,西工区,official_identity_match,exact_code_and_source_name,r3246487,112.421734,34.6611912,admin_centre,null,null
410304,河南省,洛阳市,瀍河回族区,official_identity_match,exact_code_and_source_name,r3246478,112.493892,34.6810925,admin_centre,null,null
410305,河南省,洛阳市,涧西区,official_identity_match,exact_code_and_source_name,r3246479,112.3893731,34.6589228,admin_centre,null,null
410307,河南省,洛阳市,偃师区,official_identity_match,exact_code_and_source_name,r3246488,112.7677155,34.7333075,admin_centre,null,null
410308,河南省,洛阳市,孟津区,official_identity_match,unique_name_and_parent_geometry,r3246484,112.4383457,34.8270022,admin_centre,null,null
410311,河南省,洛阳市,洛龙区,official_identity_match,exact_code_and_source_name,r3246482,112.4577664,34.6198199,admin_centre,null,null
410323,河南省,洛阳市,新安县,official_identity_match,exact_code_and_source_name,r2993026,112.1259282,34.7274992,admin_centre,null,null
410324,河南省,洛阳市,栾川县,official_identity_match,exact_code_and_source_name,r2992168,111.6166183,33.7848107,admin_centre,null,null
410325,河南省,洛阳市,嵩县,official_identity_match,exact_code_and_source_name,r3246486,112.0782208,34.1289855,admin_centre,null,null
410326,河南省,洛阳市,汝阳县,official_identity_match,exact_code_and_source_name,r3246485,112.4632777,34.1496382,admin_centre,null,null
410327,河南省,洛阳市,宜阳县,official_identity_match,exact_code_and_source_name,r3246490,112.1713232,34.5178279,admin_centre,null,null
410328,河南省,洛阳市,洛宁县,official_identity_match,exact_code_and_source_name,r3246483,111.6451039,34.3912521,admin_centre,null,null
410329,河南省,洛阳市,伊川县,official_identity_match,exact_code_and_source_name,r3246489,112.4195494,34.4230598,admin_centre,null,null
410402,河南省,平顶山市,新华区,official_identity_match,exact_code_and_source_name,r3259446,113.2904271,33.7385253,admin_centre,null,null
410403,河南省,平顶山市,卫东区,official_identity_match,exact_code_and_source_name,r3259444,113.3289238,33.7369071,admin_centre,null,null
410404,河南省,平顶山市,石龙区,official_identity_match,exact_code_and_source_name,r3259443,112.8909752,33.904195,admin_centre,null,null
410411,河南省,平顶山市,湛河区,official_identity_match,exact_code_and_source_name,r3259448,113.3034372,33.7174223,admin_centre,null,null
410421,河南省,平顶山市,宝丰县,official_identity_match,exact_code_and_source_name,r3259439,113.0635092,33.8714581,admin_centre,null,null
410422,河南省,平顶山市,叶县,official_identity_match,exact_code_and_source_name,r3259447,113.3657279,33.6270127,admin_centre,null,null
410423,河南省,平顶山市,鲁山县,official_identity_match,exact_code_and_source_name,r3259441,112.9083413,33.74349,admin_centre,null,null
410425,河南省,平顶山市,郏县,official_identity_match,exact_code_and_source_name,r3259440,113.2062565,33.9753148,admin_centre,null,null
410481,河南省,平顶山市,舞钢市,official_identity_match,exact_code_and_source_name,r3259445,113.4864164,33.2828949,admin_centre,null,null
410482,河南省,平顶山市,汝州市,official_identity_match,exact_code_and_source_name,r3259442,112.8383831,34.1686311,admin_centre,null,null
410502,河南省,安阳市,文峰区,official_identity_match,exact_code_and_source_name,r4485608,114.3512634,36.0940024,admin_centre,null,null
410503,河南省,安阳市,北关区,official_identity_match,unique_name_and_parent_geometry,r4485606,114.3573754,36.1090342,admin_centre,null,null
410505,河南省,安阳市,殷都区,official_identity_match,exact_code_and_source_name,r4485609,114.2976373,36.1118078,admin_centre,null,null
410506,河南省,安阳市,龙安区,official_identity_match,exact_code_and_source_name,r4485607,114.2935174,36.0774077,admin_centre,null,null
410522,河南省,安阳市,安阳县,official_identity_match,exact_code_and_source_name,r4485471,114.4664226,36.0837844,admin_centre,null,null
410523,河南省,安阳市,汤阴县,official_identity_match,exact_code_and_source_name,r4485472,114.360134,35.9162635,admin_centre,null,null
410526,河南省,安阳市,滑县,official_identity_match,unique_name_and_parent_geometry,r3060560,114.5184726,35.5765029,admin_centre,null,null
410527,河南省,安阳市,内黄县,official_identity_match,exact_code_and_source_name,r3060563,114.9005399,35.9540544,admin_centre,null,null
410581,河南省,安阳市,林州市,official_identity_match,exact_code_and_source_name,r4433331,113.8105402,36.0673949,admin_centre,null,null
410602,河南省,鹤壁市,鹤山区,official_identity_match,exact_code_and_source_name,r5672391,114.1520684,35.9535538,admin_centre,null,null
410603,河南省,鹤壁市,山城区,official_identity_match,exact_code_and_source_name,r5672394,114.1775878,35.8981112,admin_centre,null,null
410611,河南省,鹤壁市,淇滨区,official_identity_match,exact_code_and_source_name,r5672393,114.2919155,35.7420148,admin_centre,null,null
410621,河南省,鹤壁市,浚县,official_identity_match,exact_code_and_source_name,r5672395,114.470698,35.695624,label,null,null
410622,河南省,鹤壁市,淇县,official_identity_match,exact_code_and_source_name,r5672392,114.2027583,35.6217454,admin_centre,null,null
410702,河南省,新乡市,红旗区,official_identity_match,exact_code_and_source_name,r3237003,113.869064,35.3044906,admin_centre,null,null
410703,河南省,新乡市,卫滨区,official_identity_match,exact_code_and_source_name,r3237006,113.8598287,35.3028595,admin_centre,null,null
410704,河南省,新乡市,凤泉区,official_identity_match,unique_name_and_parent_geometry,r3237002,113.90799837459704,35.394765050000004,interior_representative_point,null,null
410711,河南省,新乡市,牧野区,official_identity_match,exact_code_and_source_name,r3237005,113.89727,35.3217465,admin_centre,null,null
410721,河南省,新乡市,新乡县,official_identity_match,exact_code_and_source_name,r3237008,113.8012826,35.1944763,admin_centre,null,null
410724,河南省,新乡市,获嘉县,official_identity_match,exact_code_and_source_name,r3237004,113.6433269,35.258,admin_centre,null,null
410725,河南省,新乡市,原阳县,official_identity_match,exact_code_and_source_name,r3237010,113.94129545488778,35.0335989,interior_representative_point,null,null
410726,河南省,新乡市,延津县,official_identity_match,exact_code_and_source_name,r3237009,114.1946384,35.1491109,admin_centre,null,null
410727,河南省,新乡市,封丘县,official_identity_match,exact_code_and_source_name,r3237001,114.42108,35.0432308,admin_centre,null,null
410781,河南省,新乡市,卫辉市,official_identity_match,exact_code_and_source_name,r3237007,114.0633095,35.4126425,admin_centre,null,null
410782,河南省,新乡市,辉县市,official_identity_match,exact_code_and_source_name,r3236754,113.7976228,35.4625141,admin_centre,null,null
410783,河南省,新乡市,长垣市,official_identity_match,unique_name_and_parent_geometry,r3237000,114.6629926,35.2000381,admin_centre,null,null
410802,河南省,焦作市,解放区,official_identity_match,exact_code_and_source_name,r5656463,113.2152587,35.2422958,admin_centre,null,null
410803,河南省,焦作市,中站区,official_identity_match,exact_code_and_source_name,r3237723,113.1741469,35.2373516,admin_centre,null,null
410804,河南省,焦作市,马村区,official_identity_match,exact_code_and_source_name,r5656464,113.3157938,35.2569776,admin_centre,null,null
410811,河南省,焦作市,山阳区,official_identity_match,exact_code_and_source_name,r5656465,113.2780938,35.210455,admin_centre,null,null
410821,河南省,焦作市,修武县,official_identity_match,exact_code_and_source_name,r3237562,113.4415477,35.2289285,admin_centre,null,null
410822,河南省,焦作市,博爱县,official_identity_match,exact_code_and_source_name,r3237557,113.0668539,35.1704956,admin_centre,null,null
410823,河南省,焦作市,武陟县,official_identity_match,exact_code_and_source_name,r3237561,113.4011621,35.0984028,admin_centre,null,null
410825,河南省,焦作市,温县,official_identity_match,exact_code_and_source_name,r3237560,113.0755846,34.9370595,admin_centre,null,null
410882,河南省,焦作市,沁阳市,official_identity_match,exact_code_and_source_name,r3237559,112.942221,35.0856355,admin_centre,null,null
410883,河南省,焦作市,孟州市,official_identity_match,exact_code_and_source_name,r3237558,112.7920963,34.9065165,admin_centre,null,null
410902,河南省,濮阳市,华龙区,official_identity_match,unique_name_and_parent_geometry,r3060561,115.0683893,35.7776658,label,null,null
410922,河南省,濮阳市,清丰县,official_identity_match,exact_code_and_source_name,r3060565,115.0983351,35.8910681,admin_centre,null,null
410923,河南省,濮阳市,南乐县,official_identity_match,exact_code_and_source_name,r3060562,115.1994079,36.0757936,admin_centre,null,null
410926,河南省,濮阳市,范县,official_identity_match,unique_name_and_parent_geometry,r3060559,115.4984522,35.8512482,admin_centre,null,null
410927,河南省,濮阳市,台前县,official_identity_match,unique_name_and_parent_geometry,r3060566,115.8664298,35.9687678,admin_centre,null,null
410928,河南省,濮阳市,濮阳县,official_identity_match,unique_name_and_parent_geometry,r3060564,115.1583869493088,35.5653471,interior_representative_point,null,null
411002,河南省,许昌市,魏都区,official_identity_match,exact_code_and_source_name,r3283882,113.8209973,34.0340422,admin_centre,null,null
411003,河南省,许昌市,建安区,official_identity_match,unique_name_and_parent_geometry,r3283884,113.8168859,34.124682,admin_centre,null,null
411024,河南省,许昌市,鄢陵县,official_identity_match,unique_name_and_parent_geometry,r3283885,114.1671725,34.1095328,admin_centre,null,null
411025,河南省,许昌市,襄城县,official_identity_match,exact_code_and_source_name,r3283883,113.5004829,33.8524551,admin_centre,null,null
411081,河南省,许昌市,禹州市,official_identity_match,exact_code_and_source_name,r3283886,113.4666612,34.1598968,admin_centre,null,null
411082,河南省,许昌市,长葛市,official_identity_match,exact_code_and_source_name,r3283881,113.7676736,34.2156961,admin_centre,null,null
411102,河南省,漯河市,源汇区,official_identity_match,exact_code_and_source_name,r4567450,113.9783596,33.5739241,admin_centre,null,null
411103,河南省,漯河市,郾城区,official_identity_match,exact_code_and_source_name,r4567449,114.0120492,33.6014756,admin_centre,null,null
411104,河南省,漯河市,召陵区,official_identity_match,exact_code_and_source_name,r4567448,114.0878567,33.5870785,admin_centre,null,null
411121,河南省,漯河市,舞阳县,official_identity_match,exact_code_and_source_name,r4434404,113.6158544,33.4587825,admin_centre,null,null
411122,河南省,漯河市,临颍县,official_identity_match,exact_code_and_source_name,r4567430,113.9344444,33.815351,admin_centre,null,null
411202,河南省,三门峡市,湖滨区,official_identity_match,exact_code_and_source_name,r2992279,111.2035124,34.779345,admin_centre,null,null
411203,河南省,三门峡市,陕州区,official_identity_match,exact_code_and_source_name,r2992282,111.0963108,34.7218231,admin_centre,null,null
411221,河南省,三门峡市,渑池县,official_identity_match,exact_code_and_source_name,r2992281,111.7516047,34.7693164,admin_centre,null,null
411224,河南省,三门峡市,卢氏县,official_identity_match,exact_code_and_source_name,r2992178,111.0566287,34.0533941,admin_centre,null,null
411281,河南省,三门峡市,义马市,official_identity_match,exact_code_and_source_name,r2992283,111.8661916,34.7454924,admin_centre,null,null
411282,河南省,三门峡市,灵宝市,official_identity_match,exact_code_and_source_name,r2992280,110.8795605,34.5453526,admin_centre,null,null
411302,河南省,南阳市,宛城区,official_identity_match,unique_name_and_parent_geometry,r3206847,112.53702,33.006811,admin_centre,null,null
411303,河南省,南阳市,卧龙区,official_identity_match,unique_name_and_parent_geometry,r3206848,112.5200606,32.9893246,admin_centre,null,null
411321,河南省,南阳市,南召县,official_identity_match,exact_code_and_source_name,r3206843,112.4280693,33.4915839,admin_centre,null,null
411322,河南省,南阳市,方城县,official_identity_match,unique_name_and_parent_geometry,r3206842,113.0001059,33.2593594,admin_centre,null,null
411323,河南省,南阳市,西峡县,official_identity_match,exact_code_and_source_name,r2991438,111.4785731,33.2971104,admin_centre,null,null
411324,河南省,南阳市,镇平县,official_identity_match,exact_code_and_source_name,r3206851,112.2298021,33.0368537,admin_centre,null,null
411325,河南省,南阳市,内乡县,official_identity_match,exact_code_and_source_name,r2992026,111.8362274,33.0489046,admin_centre,null,null
411326,河南省,南阳市,淅川县,official_identity_match,exact_code_and_source_name,r3206849,111.4820499,33.137962,admin_centre,null,null
411327,河南省,南阳市,社旗县,official_identity_match,exact_code_and_source_name,r3206844,112.9353332,33.057414,admin_centre,null,null
411328,河南省,南阳市,唐河县,official_identity_match,unique_name_and_parent_geometry,r3206845,112.8332499,32.6923715,admin_centre,null,null
411329,河南省,南阳市,新野县,official_identity_match,exact_code_and_source_name,r3206850,112.3633342,32.5257537,admin_centre,null,null
411330,河南省,南阳市,桐柏县,official_identity_match,exact_code_and_source_name,r3206846,113.4009463,32.3716785,admin_centre,null,null
411381,河南省,南阳市,邓州市,official_identity_match,unique_name_and_parent_geometry,r3206841,112.0818901,32.6880537,admin_centre,null,null
411402,河南省,商丘市,梁园区,official_identity_match,exact_code_and_source_name,r3218277,115.6081585,34.4458552,admin_centre,null,null
411403,河南省,商丘市,睢阳区,official_identity_match,exact_code_and_source_name,r3218280,115.6477885,34.3906182,admin_centre,null,null
411421,河南省,商丘市,民权县,official_identity_match,exact_code_and_source_name,r3218278,115.1381153,34.6453668,admin_centre,null,null
411422,河南省,商丘市,睢县,official_identity_match,exact_code_and_source_name,r3218279,115.0636189,34.4277215,admin_centre,null,null
411423,河南省,商丘市,宁陵县,official_identity_match,exact_code_and_source_name,r4435292,115.3083302,34.4612994,admin_centre,null,null
411424,河南省,商丘市,柘城县,official_identity_match,exact_code_and_source_name,r3218284,115.3081679,34.0832983,admin_centre,null,null
411425,河南省,商丘市,虞城县,official_identity_match,exact_code_and_source_name,r3218283,115.8228547,34.3992551,admin_centre,null,null
411426,河南省,商丘市,夏邑县,official_identity_match,unique_name_and_parent_geometry,r3218281,116.1392666,34.2382689,admin_centre,null,null
411481,河南省,商丘市,永城市,official_identity_match,exact_code_and_source_name,r3218282,116.4440806,33.9311614,admin_centre,null,null
411502,河南省,信阳市,浉河区,official_identity_match,exact_code_and_source_name,r3218102,114.052661,32.1190292,admin_centre,null,null
411503,河南省,信阳市,平桥区,official_identity_match,exact_code_and_source_name,r3218100,114.1207742,32.09913,admin_centre,null,null
411521,河南省,信阳市,罗山县,official_identity_match,exact_code_and_source_name,r3218099,114.5075758,32.2061023,admin_centre,null,null
411522,河南省,信阳市,光山县,official_identity_match,exact_code_and_source_name,r3218096,114.8977873,32.0131752,admin_centre,null,null
411523,河南省,信阳市,新县,official_identity_match,exact_code_and_source_name,r3058651,114.880012,31.6462976,admin_centre,null,null
411524,河南省,信阳市,商城县,official_identity_match,exact_code_and_source_name,r3218101,115.4002849,31.8039251,admin_centre,null,null
411525,河南省,信阳市,固始县,official_identity_match,exact_code_and_source_name,r2418140,115.6488813,32.1711564,admin_centre,null,null
411526,河南省,信阳市,潢川县,official_identity_match,exact_code_and_source_name,r3218098,115.0410674,32.1319046,admin_centre,null,null
411527,河南省,信阳市,淮滨县,official_identity_match,exact_code_and_source_name,r3218097,115.4140835,32.4737762,admin_centre,null,null
411528,河南省,信阳市,息县,official_identity_match,exact_code_and_source_name,r3218103,114.727466,32.3468553,admin_centre,null,null
411602,河南省,周口市,川汇区,official_identity_match,unique_name_and_parent_geometry,r4568200,114.650556,33.620556,admin_centre,null,null
411603,河南省,周口市,淮阳区,official_identity_match,unique_name_and_parent_geometry,r14371762,114.91236460421729,33.6709202,interior_representative_point,null,null
411621,河南省,周口市,扶沟县,official_identity_match,exact_code_and_source_name,r4568165,114.3890051,34.0560556,admin_centre,null,null
411622,河南省,周口市,西华县,official_identity_match,exact_code_and_source_name,r4568193,114.5256383,33.7901383,admin_centre,null,null
411623,河南省,周口市,商水县,official_identity_match,exact_code_and_source_name,r3291493,114.6029189,33.5427337,admin_centre,null,null
411624,河南省,周口市,沈丘县,official_identity_match,exact_code_and_source_name,r4435236,115.089554,33.3961047,admin_centre,null,null
411625,河南省,周口市,郸城县,official_identity_match,unique_name_and_parent_geometry,r4435234,115.1943501,33.6406649,admin_centre,null,null
411627,河南省,周口市,太康县,official_identity_match,exact_code_and_source_name,r4568148,114.8323878,34.0664561,admin_centre,null,null
411628,河南省,周口市,鹿邑县,official_identity_match,exact_code_and_source_name,r4435235,115.4821629,33.8629228,admin_centre,null,null
411681,河南省,周口市,项城市,official_identity_match,exact_code_and_source_name,r3291494,114.9031316,33.4430697,admin_centre,null,null
411702,河南省,驻马店市,驿城区,official_identity_match,exact_code_and_source_name,r3259364,114.0289174,32.9746758,admin_centre,null,null
411721,河南省,驻马店市,西平县,official_identity_match,exact_code_and_source_name,r3259363,114.0209155,33.3833188,admin_centre,null,null
411722,河南省,驻马店市,上蔡县,official_identity_match,exact_code_and_source_name,r3259360,114.2660044,33.2694098,admin_centre,null,null
411723,河南省,驻马店市,平舆县,official_identity_match,exact_code_and_source_name,r3259357,114.6303073,32.958377,admin_centre,null,null
411724,河南省,驻马店市,正阳县,official_identity_match,unique_name_and_parent_geometry,r3259365,114.3857958,32.6053396,admin_centre,null,null
411725,河南省,驻马店市,确山县,official_identity_match,exact_code_and_source_name,r3259358,114.0102203,32.80532,admin_centre,null,null
411726,河南省,驻马店市,泌阳县,official_identity_match,exact_code_and_source_name,r3259356,113.3206292,32.7264312,admin_centre,null,null
411727,河南省,驻马店市,汝南县,official_identity_match,exact_code_and_source_name,r3259359,114.3433966,33.0058562,admin_centre,null,null
411728,河南省,驻马店市,遂平县,official_identity_match,exact_code_and_source_name,r3259361,113.999748,33.1442038,admin_centre,null,null
411729,河南省,驻马店市,新蔡县,official_identity_match,exact_code_and_source_name,r3259362,114.9555949,32.7579396,admin_centre,null,null
419001,河南省,济源市,济源市,official_identity_match,exact_code_and_source_name,r3010773,112.5810521,35.0945453,admin_centre,null,null
420102,湖北省,武汉市,江岸区,official_identity_match,unique_name_and_parent_geometry,r3077255,114.2776595,30.6356082,admin_centre,null,null
420103,湖北省,武汉市,江汉区,official_identity_match,exact_code_and_source_name,r3077256,114.2653804,30.6040412,label,null,null
420104,湖北省,武汉市,硚口区,official_identity_match,unique_name_and_parent_geometry,r3077257,114.2093718,30.5848089,admin_centre,null,null
420105,湖北省,武汉市,汉阳区,official_identity_match,unique_name_and_parent_geometry,r3076295,114.2131725,30.5566655,label,null,null
420106,湖北省,武汉市,武昌区,official_identity_match,unique_name_and_parent_geometry,r3076297,114.3109847,30.5566998,label,null,null
420107,湖北省,武汉市,青山区,official_identity_match,exact_code_and_source_name,r3079613,114.3797804,30.6421206,label,null,null
420111,湖北省,武汉市,洪山区,official_identity_match,exact_code_and_source_name,r3080399,114.3382615,30.5025732,admin_centre,null,null
420112,湖北省,武汉市,东西湖区,official_identity_match,unique_name_and_parent_geometry,r3076293,114.1307616,30.6208329,admin_centre,null,null
420113,湖北省,武汉市,汉南区,official_identity_match,exact_code_and_source_name,r3076294,114.04000318921291,30.2800174,interior_representative_point,"{""method"": ""union_of_four_official_county_street_candidates"", ""sourceRelationIds"": [""r8667530"", ""r17345597"", ""r17345598"", ""r17345599""], ""sourceSha256"": ""40526d291894aaededae5bb81a16ba90128ebfc6701e50ca472a23c8406f1072"", ""parentSourceSha256"": ""c3c03b41b6a72d38f70558b9ab64bbc8a0baf92e6e99d1b5f12f95e208ec71d4"", ""officialScopeUrl"": ""https://www.whkfq.gov.cn/xxgk/zc/qtzdgk/gwhqzf/202201/t20220124_1912899.html"", ""officialScopeSha256"": ""54f836a2e1996b048b5fa30e5bacdb9dc9cdcdb4f61d1e9b559288594f6f2de7"", ""excludedFunctionalZone"": ""r3076294""}",null
420114,湖北省,武汉市,蔡甸区,official_identity_match,unique_name_and_parent_geometry,r3076292,114.0809096,30.5374879,label,null,null
420115,湖北省,武汉市,江夏区,official_identity_match,exact_code_and_source_name,r3080417,114.3161693,30.3780494,admin_centre,null,null
420116,湖北省,武汉市,黄陂区,official_identity_match,unique_name_and_parent_geometry,r3076296,114.370128,30.884551,admin_centre,null,null
420117,湖北省,武汉市,新洲区,official_identity_match,unique_name_and_parent_geometry,r3076298,114.7960013,30.8437702,admin_centre,null,null
420202,湖北省,黄石市,黄石港区,official_identity_match,exact_code_and_source_name,r3216464,115.0604721,30.2254279,label,null,null
420203,湖北省,黄石市,西塞山区,official_identity_match,exact_code_and_source_name,r3216463,115.1043136,30.2072954,label,null,null
420204,湖北省,黄石市,下陆区,official_identity_match,exact_code_and_source_name,r3216462,114.9562843,30.175614,label,null,null
420205,湖北省,黄石市,铁山区,official_identity_match,exact_code_and_source_name,r3086572,114.8865998,30.2056586,label,null,null
420222,湖北省,黄石市,阳新县,official_identity_match,unique_name_and_parent_geometry,r3086394,115.2098439,29.8328153,admin_centre,null,null
420281,湖北省,黄石市,大冶市,official_identity_match,exact_code_and_source_name,r3086512,114.8876077371505,30.0910145,interior_representative_point,null,null
420302,湖北省,十堰市,茅箭区,official_identity_match,unique_name_and_parent_geometry,r3206791,110.783333,32.566667,label,null,null
420303,湖北省,十堰市,张湾区,official_identity_match,exact_code_and_source_name,r3206793,110.7653616,32.6533956,admin_centre,null,null
420304,湖北省,十堰市,郧阳区,official_identity_match,exact_code_and_source_name,r3206792,110.8068432,32.8367072,admin_centre,null,null
420322,湖北省,十堰市,郧西县,official_identity_match,unique_name_and_parent_geometry,r2137350,110.4205904,32.9947828,admin_centre,null,null
420323,湖北省,十堰市,竹山县,official_identity_match,exact_code_and_source_name,r3206794,110.2237412,32.2268143,admin_centre,null,null
420324,湖北省,十堰市,竹溪县,official_identity_match,exact_code_and_source_name,r3206795,109.7103815,32.3204783,admin_centre,null,null
420325,湖北省,十堰市,房县,official_identity_match,exact_code_and_source_name,r3206790,110.7355442,32.0549883,admin_centre,null,null
420381,湖北省,十堰市,丹江口市,official_identity_match,exact_code_and_source_name,r3206789,111.5070101,32.5429981,admin_centre,null,null
420502,湖北省,宜昌市,西陵区,official_identity_match,exact_code_and_source_name,r2983917,111.2800777,30.7132273,admin_centre,null,null
420503,湖北省,宜昌市,伍家岗区,official_identity_match,unique_name_and_parent_geometry,r2983915,111.3550079,30.646169,admin_centre,null,null
420504,湖北省,宜昌市,点军区,official_identity_match,unique_name_and_parent_geometry,r2983913,111.2510956,30.6811494,admin_centre,null,null
420505,湖北省,宜昌市,猇亭区,official_identity_match,exact_code_and_source_name,r2983916,111.4288779,30.5329956,admin_centre,null,null
420506,湖北省,宜昌市,夷陵区,official_identity_match,exact_code_and_source_name,r2983920,111.3208333,30.7718542,admin_centre,null,null
420525,湖北省,宜昌市,远安县,official_identity_match,unique_name_and_parent_geometry,r2983921,111.6349447,31.0634758,admin_centre,null,null
420526,湖北省,宜昌市,兴山县,official_identity_match,unique_name_and_parent_geometry,r2983918,110.7425077,31.3500778,admin_centre,null,null
420527,湖北省,宜昌市,秭归县,official_identity_match,unique_name_and_parent_geometry,r2719052,110.9725264,30.8275925,admin_centre,null,null
420528,湖北省,宜昌市,长阳土家族自治县,official_identity_match,unique_name_and_parent_geometry,r2983911,111.2015265,30.4752105,admin_centre,null,null
420529,湖北省,宜昌市,五峰土家族自治县,official_identity_match,unique_name_and_parent_geometry,r2983914,111.0691891,30.156416,admin_centre,null,null
420581,湖北省,宜昌市,宜都市,official_identity_match,exact_code_and_source_name,r2983919,111.4436927,30.3819696,admin_centre,null,null
420582,湖北省,宜昌市,当阳市,official_identity_match,exact_code_and_source_name,r2983912,111.7823966,30.8238636,admin_centre,null,null
420583,湖北省,宜昌市,枝江市,official_identity_match,unique_name_and_parent_geometry,r2983922,111.7546868,30.4283835,admin_centre,null,null
420602,湖北省,襄阳市,襄城区,official_identity_match,exact_code_and_source_name,r3216586,112.1279761,32.0118349,admin_centre,null,null
420606,湖北省,襄阳市,樊城区,official_identity_match,exact_code_and_source_name,r3216582,112.1296298,32.046749,admin_centre,null,null
420607,湖北省,襄阳市,襄州区,official_identity_match,exact_code_and_source_name,r3216587,112.2060065,32.0898234,admin_centre,null,null
420624,湖北省,襄阳市,南漳县,official_identity_match,unique_name_and_parent_geometry,r3216585,111.8331767,31.7769206,admin_centre,null,null
420625,湖北省,襄阳市,谷城县,official_identity_match,unique_name_and_parent_geometry,r3216583,111.6474338,32.2656451,admin_centre,null,null
420626,湖北省,襄阳市,保康县,official_identity_match,unique_name_and_parent_geometry,r3216581,111.2555853,31.8799338,admin_centre,null,null
420682,湖北省,襄阳市,老河口市,official_identity_match,unique_name_and_parent_geometry,r3216584,111.6791987,32.3615609,admin_centre,null,null
420683,湖北省,襄阳市,枣阳市,official_identity_match,exact_code_and_source_name,r3216589,112.7665716,32.1307686,admin_centre,null,null
420684,湖北省,襄阳市,宜城市,official_identity_match,unique_name_and_parent_geometry,r3216588,112.2527375,31.7210346,admin_centre,null,null
420702,湖北省,鄂州市,梁子湖区,official_identity_match,exact_code_and_source_name,r4570745,114.6795062,30.102755,label,null,null
420703,湖北省,鄂州市,华容区,official_identity_match,exact_code_and_source_name,r4570744,114.7246379,30.5373381,label,null,null
420704,湖北省,鄂州市,鄂城区,official_identity_match,exact_code_and_source_name,r4570743,114.8863775,30.4032944,label,null,null
420802,湖北省,荆门市,东宝区,official_identity_match,unique_name_and_parent_geometry,r3219960,112.1955767,31.05406,admin_centre,null,null
420804,湖北省,荆门市,掇刀区,official_identity_match,unique_name_and_parent_geometry,r3219961,112.2024364,30.97622,admin_centre,null,null
420822,湖北省,荆门市,沙洋县,official_identity_match,unique_name_and_parent_geometry,r3219963,112.5861986,30.7091521,admin_centre,null,null
420881,湖北省,荆门市,钟祥市,official_identity_match,unique_name_and_parent_geometry,r3219964,112.5823331,31.1702322,admin_centre,null,null
420882,湖北省,荆门市,京山市,official_identity_match,unique_name_and_parent_geometry,r3219962,113.1280679,31.0161047,admin_centre,null,null
420902,湖北省,孝感市,孝南区,official_identity_match,exact_code_and_source_name,r3216403,113.9052522,30.9193736,admin_centre,null,null
420921,湖北省,孝感市,孝昌县,official_identity_match,exact_code_and_source_name,r3216402,113.9930034,31.2594031,admin_centre,null,null
420922,湖北省,孝感市,大悟县,official_identity_match,exact_code_and_source_name,r3216400,114.1208053,31.5628405,admin_centre,null,null
420923,湖北省,孝感市,云梦县,official_identity_match,exact_code_and_source_name,r3216405,113.7469482,31.0238483,admin_centre,null,null
420981,湖北省,孝感市,应城市,official_identity_match,exact_code_and_source_name,r3216404,113.5664812,30.9333642,admin_centre,null,null
420982,湖北省,孝感市,安陆市,official_identity_match,exact_code_and_source_name,r3216399,113.683285,31.2578483,admin_centre,null,null
420984,湖北省,孝感市,汉川市,official_identity_match,exact_code_and_source_name,r3216401,113.8329583,30.6562575,admin_centre,null,null
421002,湖北省,荆州市,沙市区,official_identity_match,exact_code_and_source_name,r2709810,112.2524983,30.3144274,label,null,null
421003,湖北省,荆州市,荆州区,official_identity_match,exact_code_and_source_name,r2709809,112.1843255,30.3551941,admin_centre,null,null
421022,湖北省,荆州市,公安县,official_identity_match,exact_code_and_source_name,r2709805,112.2240645,30.0609391,admin_centre,null,null
421024,湖北省,荆州市,江陵县,official_identity_match,exact_code_and_source_name,r2709807,112.4188256,30.0446204,admin_centre,null,null
421081,湖北省,荆州市,石首市,official_identity_match,exact_code_and_source_name,r2709811,112.4066943,29.7207649,admin_centre,null,null
421083,湖北省,荆州市,洪湖市,official_identity_match,exact_code_and_source_name,r2709806,113.470658,29.8287254,admin_centre,null,null
421087,湖北省,荆州市,松滋市,official_identity_match,exact_code_and_source_name,r2709812,111.7512714,30.1750972,admin_centre,null,null
421088,湖北省,荆州市,监利市,official_identity_match,exact_code_and_source_name,r2709808,112.9009393,29.83187,admin_centre,null,null
421102,湖北省,黄冈市,黄州区,official_identity_match,unique_name_and_parent_geometry,r3144165,114.8750766,30.4369576,admin_centre,null,null
421121,湖北省,黄冈市,团风县,official_identity_match,unique_name_and_parent_geometry,r3144167,114.8671587,30.6460528,admin_centre,null,null
421122,湖北省,黄冈市,红安县,official_identity_match,exact_code_and_source_name,r3144163,114.6131561,31.2904434,admin_centre,null,null
421123,湖北省,黄冈市,罗田县,official_identity_match,exact_code_and_source_name,r3143811,115.3936315,30.7849306,admin_centre,null,null
421124,湖北省,黄冈市,英山县,official_identity_match,exact_code_and_source_name,r3143812,115.6760185,30.7377995,admin_centre,null,null
421125,湖北省,黄冈市,浠水县,official_identity_match,exact_code_and_source_name,r3217293,115.2601218,30.4543063,admin_centre,null,null
421126,湖北省,黄冈市,蕲春县,official_identity_match,exact_code_and_source_name,r3011687,115.4381272,30.2421506,admin_centre,null,null
421127,湖北省,黄冈市,黄梅县,official_identity_match,exact_code_and_source_name,r3144164,115.9344837,30.0754675,admin_centre,null,null
421181,湖北省,黄冈市,麻城市,official_identity_match,exact_code_and_source_name,r3144166,115.0159244,31.1708218,admin_centre,null,null
421182,湖北省,黄冈市,武穴市,official_identity_match,exact_code_and_source_name,r3144168,115.5562861,29.847035,admin_centre,null,null
421202,湖北省,咸宁市,咸安区,official_identity_match,exact_code_and_source_name,r3210409,114.2932605,29.855163,admin_centre,null,null
421221,湖北省,咸宁市,嘉鱼县,official_identity_match,unique_name_and_parent_geometry,r3210406,113.9335326,29.9724209,admin_centre,null,null
421222,湖北省,咸宁市,通城县,official_identity_match,exact_code_and_source_name,r3210407,113.8116319,29.2481666,admin_centre,null,null
421223,湖北省,咸宁市,崇阳县,official_identity_match,exact_code_and_source_name,r3210405,114.0338289,29.5588253,admin_centre,null,null
421224,湖北省,咸宁市,通山县,official_identity_match,exact_code_and_source_name,r3210408,114.4775062,29.6081986,admin_centre,null,null
421281,湖北省,咸宁市,赤壁市,official_identity_match,exact_code_and_source_name,r3084896,113.8951222,29.72817,admin_centre,null,null
421303,湖北省,随州市,曾都区,official_identity_match,unique_name_and_parent_geometry,r3216519,113.3651519,31.71801,admin_centre,null,null
421321,湖北省,随州市,随县,official_identity_match,exact_code_and_source_name,r3216518,113.2878388,31.8779901,admin_centre,null,null
421381,湖北省,随州市,广水市,official_identity_match,exact_code_and_source_name,r3216517,113.8203522,31.6190052,admin_centre,null,null
422801,湖北省,恩施土家族苗族自治州,恩施市,official_identity_match,exact_code_and_source_name,r2984068,109.4746431,30.2974854,admin_centre,null,null
422802,湖北省,恩施土家族苗族自治州,利川市,official_identity_match,exact_code_and_source_name,r2984072,108.9322926,30.2937431,admin_centre,null,null
422822,湖北省,恩施土家族苗族自治州,建始县,official_identity_match,exact_code_and_source_name,r2984070,109.7172296,30.6047481,admin_centre,null,null
422823,湖北省,恩施土家族苗族自治州,巴东县,official_identity_match,unique_name_and_parent_geometry,r2983956,110.3352957,31.0446443,admin_centre,null,null
422825,湖北省,恩施土家族苗族自治州,宣恩县,official_identity_match,exact_code_and_source_name,r2984074,109.485079,29.990512,admin_centre,null,null
422826,湖北省,恩施土家族苗族自治州,咸丰县,official_identity_match,exact_code_and_source_name,r2984073,109.1351706,29.6678692,admin_centre,null,null
422827,湖北省,恩施土家族苗族自治州,来凤县,official_identity_match,exact_code_and_source_name,r2984071,109.402662,29.507613,admin_centre,null,null
422828,湖北省,恩施土家族苗族自治州,鹤峰县,official_identity_match,exact_code_and_source_name,r2984069,110.0290311,29.8924108,admin_centre,null,null
429004,湖北省,仙桃市,仙桃市,official_identity_match,exact_code_and_source_name,r3258834,113.4486702,30.364029,label,null,null
429005,湖北省,潜江市,潜江市,official_identity_match,exact_code_and_source_name,r3258831,112.8940372,30.4049826,label,null,null
429006,湖北省,天门市,天门市,official_identity_match,exact_code_and_source_name,r3258833,113.1605599,30.6659683,label,null,null
429021,湖北省,神农架林区,神农架林区,official_identity_match,exact_code_and_source_name,r2984052,110.681307,31.7426228,admin_centre,null,null
430102,湖南省,长沙市,芙蓉区,official_identity_match,unique_name_and_parent_geometry,r3202704,113.0268336,28.1888541,admin_centre,null,null
430103,湖南省,长沙市,天心区,official_identity_match,exact_code_and_source_name,r3202707,112.9842016,28.1170956,admin_centre,null,null
430104,湖南省,长沙市,岳麓区,official_identity_match,exact_code_and_source_name,r3202709,112.9259348,28.238606,admin_centre,null,null
430105,湖南省,长沙市,开福区,official_identity_match,unique_name_and_parent_geometry,r3202705,112.980669,28.2593076,admin_centre,null,null
430111,湖南省,长沙市,雨花区,official_identity_match,unique_name_and_parent_geometry,r3202710,113.0306832,28.1389648,admin_centre,null,null
430112,湖南省,长沙市,望城区,official_identity_match,exact_code_and_source_name,r3202708,112.8258318,28.3567618,admin_centre,null,null
430121,湖南省,长沙市,长沙县,official_identity_match,exact_code_and_source_name,r3202703,113.0748296,28.2491934,admin_centre,null,null
430181,湖南省,长沙市,浏阳市,official_identity_match,exact_code_and_source_name,r3200778,113.6375778,28.166416,admin_centre,null,null
430182,湖南省,长沙市,宁乡市,official_identity_match,exact_code_and_source_name,r3202706,112.5465696,28.2794129,admin_centre,null,null
430202,湖南省,株洲市,荷塘区,official_identity_match,exact_code_and_source_name,r2972712,113.1674387,27.8596128,admin_centre,null,null
430203,湖南省,株洲市,芦淞区,official_identity_match,exact_code_and_source_name,r2972714,113.155946,27.816199,admin_centre,null,null
430204,湖南省,株洲市,石峰区,official_identity_match,exact_code_and_source_name,r2972715,113.1118793,27.8781801,admin_centre,null,null
430211,湖南省,株洲市,天元区,official_identity_match,exact_code_and_source_name,r2972716,113.0758021,27.8310574,admin_centre,null,null
430212,湖南省,株洲市,渌口区,official_identity_match,exact_code_and_source_name,r2972719,113.1380117,27.7009794,label,null,null
430223,湖南省,株洲市,攸县,official_identity_match,exact_code_and_source_name,r2972718,113.3389415,27.0043925,admin_centre,null,null
430224,湖南省,株洲市,茶陵县,official_identity_match,unique_name_and_parent_geometry,r2972711,113.5337662,26.7809492,admin_centre,null,null
430225,湖南省,株洲市,炎陵县,official_identity_match,exact_code_and_source_name,r2972717,113.768124,26.4930141,admin_centre,null,null
430281,湖南省,株洲市,醴陵市,official_identity_match,unique_name_and_parent_geometry,r2972713,113.4923249,27.6500795,admin_centre,null,null
430302,湖南省,湘潭市,雨湖区,official_identity_match,exact_code_and_source_name,r3202623,112.9020187,27.8597768,admin_centre,null,null
430304,湖南省,湘潭市,岳塘区,official_identity_match,exact_code_and_source_name,r3202622,112.963849,27.8754453,admin_centre,null,null
430321,湖南省,湘潭市,湘潭县,official_identity_match,exact_code_and_source_name,r3202620,112.9455981,27.7827319,admin_centre,null,null
430381,湖南省,湘潭市,湘乡市,official_identity_match,exact_code_and_source_name,r3202621,112.5255933,27.7517719,admin_centre,null,null
430382,湖南省,湘潭市,韶山市,official_identity_match,exact_code_and_source_name,r3202619,112.5217128,27.9182616,admin_centre,null,null
430405,湖南省,衡阳市,珠晖区,official_identity_match,unique_name_and_parent_geometry,r3156152,112.6150775,26.8982861,admin_centre,null,null
430406,湖南省,衡阳市,雁峰区,official_identity_match,exact_code_and_source_name,r3156544,112.6100573,26.8442013,admin_centre,null,null
430407,湖南省,衡阳市,石鼓区,official_identity_match,unique_name_and_parent_geometry,r3156151,112.5928527,26.9469844,label,null,null
430408,湖南省,衡阳市,蒸湘区,official_identity_match,exact_code_and_source_name,r3156545,112.5617874,26.9149334,admin_centre,null,null
430412,湖南省,衡阳市,南岳区,official_identity_match,exact_code_and_source_name,r3156149,112.7326546,27.2354303,admin_centre,null,null
430421,湖南省,衡阳市,衡阳县,official_identity_match,exact_code_and_source_name,r3156147,112.365024,26.9729743,admin_centre,null,null
430422,湖南省,衡阳市,衡南县,official_identity_match,exact_code_and_source_name,r3156145,112.6724339,26.7423145,admin_centre,null,null
430423,湖南省,衡阳市,衡山县,official_identity_match,exact_code_and_source_name,r3156146,112.8629887,27.2337305,admin_centre,null,null
430424,湖南省,衡阳市,衡东县,official_identity_match,exact_code_and_source_name,r3156144,112.9480217,27.0843342,admin_centre,null,null
430426,湖南省,衡阳市,祁东县,official_identity_match,unique_name_and_parent_geometry,r3156150,112.0847511,26.8007069,admin_centre,null,null
430481,湖南省,衡阳市,耒阳市,official_identity_match,exact_code_and_source_name,r2096017,112.8545783,26.4255243,admin_centre,null,null
430482,湖南省,衡阳市,常宁市,official_identity_match,exact_code_and_source_name,r3156143,112.3943209,26.4247142,admin_centre,null,null
430502,湖南省,邵阳市,双清区,official_identity_match,exact_code_and_source_name,r3075374,111.4913022,27.2363873,admin_centre,null,null
430503,湖南省,邵阳市,大祥区,official_identity_match,unique_name_and_parent_geometry,r3075370,111.4334252,27.2245893,admin_centre,null,null
430511,湖南省,邵阳市,北塔区,official_identity_match,exact_code_and_source_name,r3075368,111.4464692,27.2488849,admin_centre,null,null
430522,湖南省,邵阳市,新邵县,official_identity_match,exact_code_and_source_name,r3070614,111.4541228,27.3245604,admin_centre,null,null
430523,湖南省,邵阳市,邵阳县,official_identity_match,exact_code_and_source_name,r3075373,111.2684212,26.993991,admin_centre,null,null
430524,湖南省,邵阳市,隆回县,official_identity_match,exact_code_and_source_name,r3075372,111.0271777,27.1175905,admin_centre,null,null
430525,湖南省,邵阳市,洞口县,official_identity_match,exact_code_and_source_name,r3075371,110.5713034,27.0637711,admin_centre,null,null
430527,湖南省,邵阳市,绥宁县,official_identity_match,exact_code_and_source_name,r3075375,110.1511319,26.5854939,admin_centre,null,null
430528,湖南省,邵阳市,新宁县,official_identity_match,exact_code_and_source_name,r3075377,110.8518642,26.4370826,admin_centre,null,null
430529,湖南省,邵阳市,城步苗族自治县,official_identity_match,exact_code_and_source_name,r3075369,110.3075494,26.3607528,admin_centre,null,null
430581,湖南省,邵阳市,武冈市,official_identity_match,exact_code_and_source_name,r3075376,110.6282775,26.7296979,admin_centre,null,null
430582,湖南省,邵阳市,邵东市,official_identity_match,exact_code_and_source_name,r3070613,111.738595,27.2632446,admin_centre,null,null
430602,湖南省,岳阳市,岳阳楼区,official_identity_match,unique_name_and_parent_geometry,r4483941,113.1242542,29.3741113,admin_centre,null,null
430603,湖南省,岳阳市,云溪区,official_identity_match,exact_code_and_source_name,r4483942,113.2663895,29.4753398,admin_centre,null,null
430611,湖南省,岳阳市,君山区,official_identity_match,exact_code_and_source_name,r4483938,113.0009667,29.4642866,admin_centre,null,null
430621,湖南省,岳阳市,岳阳县,official_identity_match,unique_name_and_parent_geometry,r4483940,113.1104561,29.1461421,admin_centre,null,null
430623,湖南省,岳阳市,华容县,official_identity_match,exact_code_and_source_name,r4483937,112.5361951,29.5309299,admin_centre,null,null
430624,湖南省,岳阳市,湘阴县,official_identity_match,exact_code_and_source_name,r3202466,112.9037813,28.6926426,admin_centre,null,null
430626,湖南省,岳阳市,平江县,official_identity_match,exact_code_and_source_name,r3202465,113.5759597,28.7052848,admin_centre,null,null
430681,湖南省,岳阳市,汨罗市,official_identity_match,exact_code_and_source_name,r3202464,113.0613336,28.8101339,admin_centre,null,null
430682,湖南省,岳阳市,临湘市,official_identity_match,exact_code_and_source_name,r4483939,113.4454266,29.4769835,admin_centre,null,null
430702,湖南省,常德市,武陵区,official_identity_match,exact_code_and_source_name,r3161359,111.6775679,29.0572367,admin_centre,null,null
430703,湖南省,常德市,鼎城区,official_identity_match,exact_code_and_source_name,r3161351,111.6744305,29.0213741,admin_centre,null,null
430721,湖南省,常德市,安乡县,official_identity_match,exact_code_and_source_name,r3161350,112.1652707,29.4135596,admin_centre,null,null
430722,湖南省,常德市,汉寿县,official_identity_match,exact_code_and_source_name,r3161352,111.964919,28.908264,admin_centre,null,null
430723,湖南省,常德市,澧县,official_identity_match,exact_code_and_source_name,r3161357,111.7529491,29.6361798,admin_centre,null,null
430724,湖南省,常德市,临澧县,official_identity_match,exact_code_and_source_name,r3161358,111.6419854,29.4435515,admin_centre,null,null
430725,湖南省,常德市,桃源县,official_identity_match,exact_code_and_source_name,r3152417,111.4831705,28.9056122,admin_centre,null,null
430726,湖南省,常德市,石门县,official_identity_match,exact_code_and_source_name,r3152925,111.3733138,29.5873467,admin_centre,null,null
430781,湖南省,常德市,津市市,official_identity_match,exact_code_and_source_name,r3161356,111.8839166,29.6378752,admin_centre,null,null
430802,湖南省,张家界市,永定区,official_identity_match,unique_name_and_parent_geometry,r3152587,110.5324834,29.123281,admin_centre,null,null
430811,湖南省,张家界市,武陵源区,official_identity_match,exact_code_and_source_name,r3152586,110.5457064,29.3487871,admin_centre,null,null
430821,湖南省,张家界市,慈利县,official_identity_match,exact_code_and_source_name,r3152584,111.1339552,29.4327439,admin_centre,null,null
430822,湖南省,张家界市,桑植县,official_identity_match,exact_code_and_source_name,r3152585,110.1999197,29.4165081,admin_centre,null,null
430902,湖南省,益阳市,资阳区,official_identity_match,unique_name_and_parent_geometry,r3202592,112.3185824,28.5947729,admin_centre,null,null
430903,湖南省,益阳市,赫山区,official_identity_match,unique_name_and_parent_geometry,r3202588,112.3684291,28.5821773,admin_centre,null,null
430921,湖南省,益阳市,南县,official_identity_match,exact_code_and_source_name,r3202589,112.3905651,29.3644727,admin_centre,null,null
430922,湖南省,益阳市,桃江县,official_identity_match,unique_name_and_parent_geometry,r3202590,112.148511,28.5200908,admin_centre,null,null
430923,湖南省,益阳市,安化县,official_identity_match,exact_code_and_source_name,r3202587,111.2073838,28.3777832,admin_centre,null,null
430981,湖南省,益阳市,沅江市,official_identity_match,unique_name_and_parent_geometry,r3202591,112.3487701,28.8479285,admin_centre,null,null
431002,湖南省,郴州市,北湖区,official_identity_match,exact_code_and_source_name,r3123963,113.0053603,25.7874447,admin_centre,null,null
431003,湖南省,郴州市,苏仙区,official_identity_match,unique_name_and_parent_geometry,r3123968,113.106742,25.7990322,admin_centre,null,null
431021,湖南省,郴州市,桂阳县,official_identity_match,exact_code_and_source_name,r3123964,112.72964,25.7561647,admin_centre,null,null
431022,湖南省,郴州市,宜章县,official_identity_match,exact_code_and_source_name,r3123969,112.943435,25.4029813,admin_centre,null,null
431023,湖南省,郴州市,永兴县,official_identity_match,exact_code_and_source_name,r3123970,113.1106639,26.1302811,admin_centre,null,null
431024,湖南省,郴州市,嘉禾县,official_identity_match,exact_code_and_source_name,r3123965,112.3631549,25.5903939,admin_centre,null,null
431025,湖南省,郴州市,临武县,official_identity_match,exact_code_and_source_name,r3123966,112.5588047,25.2793495,admin_centre,null,null
431026,湖南省,郴州市,汝城县,official_identity_match,exact_code_and_source_name,r3123967,113.6813975,25.5358465,admin_centre,null,null
431027,湖南省,郴州市,桂东县,official_identity_match,exact_code_and_source_name,r2095170,113.9397641,26.0814472,admin_centre,null,null
431028,湖南省,郴州市,安仁县,official_identity_match,exact_code_and_source_name,r3123962,113.2639485,26.7129465,admin_centre,null,null
431081,湖南省,郴州市,资兴市,official_identity_match,exact_code_and_source_name,r3123971,113.2305536,25.9801706,admin_centre,null,null
431102,湖南省,永州市,零陵区,official_identity_match,exact_code_and_source_name,r3149855,111.6244711,26.2254797,admin_centre,null,null
431103,湖南省,永州市,冷水滩区,official_identity_match,exact_code_and_source_name,r3149854,111.5870727,26.464927,admin_centre,null,null
431122,湖南省,永州市,东安县,official_identity_match,exact_code_and_source_name,r3149851,111.3106069,26.3952429,admin_centre,null,null
431123,湖南省,永州市,双牌县,official_identity_match,exact_code_and_source_name,r3124523,111.6557097,25.9661302,admin_centre,null,null
431124,湖南省,永州市,道县,official_identity_match,exact_code_and_source_name,r3149850,111.5952587,25.5294886,admin_centre,null,null
431125,湖南省,永州市,江永县,official_identity_match,exact_code_and_source_name,r2098642,111.3381346,25.2768684,admin_centre,null,null
431126,湖南省,永州市,宁远县,official_identity_match,exact_code_and_source_name,r3149856,111.9408131,25.5732788,admin_centre,null,null
431127,湖南省,永州市,蓝山县,official_identity_match,exact_code_and_source_name,r3149853,112.191748,25.3720755,admin_centre,null,null
431128,湖南省,永州市,新田县,official_identity_match,exact_code_and_source_name,r3149858,112.1979749,25.9070095,admin_centre,null,null
431129,湖南省,永州市,江华瑶族自治县,official_identity_match,exact_code_and_source_name,r3149852,111.5745413,25.1879618,admin_centre,null,null
431181,湖南省,永州市,祁阳市,official_identity_match,exact_code_and_source_name,r3149857,111.8349758,26.5827514,admin_centre,null,null
431202,湖南省,怀化市,鹤城区,official_identity_match,exact_code_and_source_name,r3074572,110.0352784,27.5814523,admin_centre,null,null
431221,湖南省,怀化市,中方县,official_identity_match,exact_code_and_source_name,r3074582,109.9410322,27.4440047,admin_centre,null,null
431222,湖南省,怀化市,沅陵县,official_identity_match,exact_code_and_source_name,r3074580,110.3888859,28.4562916,admin_centre,null,null
431223,湖南省,怀化市,辰溪县,official_identity_match,unique_name_and_parent_geometry,r3074571,110.178916,28.0098203,admin_centre,null,null
431224,湖南省,怀化市,溆浦县,official_identity_match,exact_code_and_source_name,r3074579,110.5902058,27.9120066,admin_centre,null,null
431225,湖南省,怀化市,会同县,official_identity_match,exact_code_and_source_name,r3074574,109.7309308,26.8907234,admin_centre,null,null
431226,湖南省,怀化市,麻阳苗族自治县,official_identity_match,exact_code_and_source_name,r3074576,109.7980553,27.8688663,admin_centre,null,null
431227,湖南省,怀化市,新晃侗族自治县,official_identity_match,exact_code_and_source_name,r3074578,109.1705496,27.3550601,admin_centre,null,null
431228,湖南省,怀化市,芷江侗族自治县,official_identity_match,exact_code_and_source_name,r3074581,109.6800171,27.4467324,admin_centre,null,null
431229,湖南省,怀化市,靖州苗族侗族自治县,official_identity_match,exact_code_and_source_name,r3074575,109.691719,26.578602,admin_centre,null,null
431230,湖南省,怀化市,通道侗族自治县,official_identity_match,exact_code_and_source_name,r3074577,109.7798494,26.1610483,admin_centre,null,null
431281,湖南省,怀化市,洪江市,official_identity_match,exact_code_and_source_name,r3074573,109.8319249,27.2127857,admin_centre,null,null
431302,湖南省,娄底市,娄星区,official_identity_match,exact_code_and_source_name,r3070607,111.9960728,27.7333455,admin_centre,null,null
431321,湖南省,娄底市,双峰县,official_identity_match,exact_code_and_source_name,r3070608,112.1703472,27.458382,admin_centre,null,null
431322,湖南省,娄底市,新化县,official_identity_match,exact_code_and_source_name,r3070609,111.3219045,27.7296662,admin_centre,null,null
431381,湖南省,娄底市,冷水江市,official_identity_match,exact_code_and_source_name,r3070605,111.4534719,27.6581325,admin_centre,null,null
431382,湖南省,娄底市,涟源市,official_identity_match,exact_code_and_source_name,r3070606,111.6593577,27.6958345,admin_centre,null,null
433101,湖南省,湘西土家族苗族自治州,吉首市,official_identity_match,exact_code_and_source_name,r2972164,109.6938658,28.265262,admin_centre,null,null
433122,湖南省,湘西土家族苗族自治州,泸溪县,official_identity_match,unique_name_and_parent_geometry,r2972166,110.2148867,28.2193081,admin_centre,null,null
433123,湖南省,湘西土家族苗族自治州,凤凰县,official_identity_match,exact_code_and_source_name,r2972161,109.5941968,27.9513305,admin_centre,null,null
433124,湖南省,湘西土家族苗族自治州,花垣县,official_identity_match,exact_code_and_source_name,r2972163,109.4769796,28.5755672,admin_centre,null,null
433125,湖南省,湘西土家族苗族自治州,保靖县,official_identity_match,exact_code_and_source_name,r2972160,109.6553961,28.7034254,admin_centre,null,null
433126,湖南省,湘西土家族苗族自治州,古丈县,official_identity_match,unique_name_and_parent_geometry,r2972162,109.9452359,28.6192839,admin_centre,null,null
433127,湖南省,湘西土家族苗族自治州,永顺县,official_identity_match,exact_code_and_source_name,r2972167,109.852374,28.9840364,admin_centre,null,null
433130,湖南省,湘西土家族苗族自治州,龙山县,official_identity_match,exact_code_and_source_name,r2972165,109.4392944,29.4599805,admin_centre,null,null
440103,广东省,广州市,荔湾区,official_identity_match,exact_code_and_source_name,r3287617,113.2136488,23.1100378,label,null,null
440104,广东省,广州市,越秀区,official_identity_match,exact_code_and_source_name,r3987394,113.2614717,23.1312782,label,null,null
440105,广东省,广州市,海珠区,official_identity_match,exact_code_and_source_name,r3287615,113.3119935,23.0859958,label,null,null
440106,广东省,广州市,天河区,official_identity_match,exact_code_and_source_name,r3987435,113.356424,23.12712,label,null,null
440111,广东省,广州市,白云区,official_identity_match,exact_code_and_source_name,r3987393,113.267895,23.1606324,admin_centre,null,null
440112,广东省,广州市,黄埔区,official_identity_match,exact_code_and_source_name,r3987437,113.47493,23.1829382,label,null,null
440113,广东省,广州市,番禺区,official_identity_match,exact_code_and_source_name,r3287618,113.3785422,22.9387253,label,null,null
440114,广东省,广州市,花都区,official_identity_match,exact_code_and_source_name,r3287616,113.2148926,23.4065406,admin_centre,null,null
440115,广东省,广州市,南沙区,official_identity_match,exact_code_and_source_name,r3287345,113.5199407,22.8047523,label,null,null
440117,广东省,广州市,从化区,official_identity_match,exact_code_and_source_name,r3287298,113.5804636,23.5508777,admin_centre,null,null
440118,广东省,广州市,增城区,official_identity_match,exact_code_and_source_name,r3287299,113.8059571,23.2632745,admin_centre,null,null
440203,广东省,韶关市,武江区,official_identity_match,exact_code_and_source_name,r3203991,113.5814834,24.7959001,admin_centre,null,null
440204,广东省,韶关市,浈江区,official_identity_match,exact_code_and_source_name,r3203993,113.6058794,24.8075712,admin_centre,null,null
440205,广东省,韶关市,曲江区,official_identity_match,exact_code_and_source_name,r3203987,113.5994586,24.6857497,admin_centre,null,null
440222,广东省,韶关市,始兴县,official_identity_match,exact_code_and_source_name,r3203989,114.1438496,24.8426155,admin_centre,null,null
440224,广东省,韶关市,仁化县,official_identity_match,exact_code_and_source_name,r3203988,113.7430215,25.088203,admin_centre,null,null
440229,广东省,韶关市,翁源县,official_identity_match,exact_code_and_source_name,r3203990,114.1249566,24.3531085,admin_centre,null,null
440232,广东省,韶关市,乳源瑶族自治县,official_identity_match,exact_code_and_source_name,r3124099,113.2703127,24.7787201,admin_centre,null,null
440233,广东省,韶关市,新丰县,official_identity_match,exact_code_and_source_name,r3203992,114.2018789,24.0624063,admin_centre,null,null
440281,广东省,韶关市,乐昌市,official_identity_match,exact_code_and_source_name,r3124098,113.3421644,25.1336802,admin_centre,null,null
440282,广东省,韶关市,南雄市,official_identity_match,exact_code_and_source_name,r3203986,114.3068156,25.1207363,admin_centre,null,null
440303,广东省,深圳市,罗湖区,official_identity_match,exact_code_and_source_name,r5664194,114.1261389,22.5506391,label,null,null
440304,广东省,深圳市,福田区,official_identity_match,exact_code_and_source_name,r5664191,114.049894,22.5243632,label,null,null
440305,广东省,深圳市,南山区,official_identity_match,exact_code_and_source_name,r5664195,113.9256222,22.5360142,label,null,null
440306,广东省,深圳市,宝安区,official_identity_match,exact_code_and_source_name,r5664101,113.8790334,22.559853,label,null,null
440307,广东省,深圳市,龙岗区,official_identity_match,exact_code_and_source_name,r5664102,114.2426561,22.7230369,label,null,null
440308,广东省,深圳市,盐田区,official_identity_match,exact_code_and_source_name,r5663273,114.2324407,22.5590503,label,null,null
440309,广东省,深圳市,龙华区,official_identity_match,exact_code_and_source_name,r5664193,114.0398603,22.6994309,label,null,null
440310,广东省,深圳市,坪山区,official_identity_match,exact_code_and_source_name,r4590423,114.3461882,22.7113827,label,null,null
440311,广东省,深圳市,光明区,official_identity_match,exact_code_and_source_name,r5664192,113.9300061,22.7516872,label,null,null
440402,广东省,珠海市,香洲区,official_identity_match,exact_code_and_source_name,r5405551,113.5382573,22.2694222,label,null,null
440403,广东省,珠海市,斗门区,official_identity_match,exact_code_and_source_name,r5405557,113.2909793,22.2119876,label,null,null
440404,广东省,珠海市,金湾区,official_identity_match,exact_code_and_source_name,r5405561,113.3575196,22.1176731,label,null,null
440507,广东省,汕头市,龙湖区,official_identity_match,exact_code_and_source_name,r3283308,116.7120999,23.3740077,admin_centre,null,null
440511,广东省,汕头市,金平区,official_identity_match,exact_code_and_source_name,r3283307,116.6989182,23.3685403,label,null,null
440512,广东省,汕头市,濠江区,official_identity_match,exact_code_and_source_name,r3283306,116.7218033,23.2851927,label,null,null
440513,广东省,汕头市,潮阳区,official_identity_match,exact_code_and_source_name,r3283304,116.5969864,23.268449,admin_centre,null,null
440514,广东省,汕头市,潮南区,official_identity_match,exact_code_and_source_name,r3283303,116.434165,23.2423708,label,null,null
440515,广东省,汕头市,澄海区,official_identity_match,exact_code_and_source_name,r3283305,116.7515585,23.4694075,admin_centre,null,null
440523,广东省,汕头市,南澳县,official_identity_match,exact_code_and_source_name,r3283309,117.0189654,23.4240181,admin_centre,null,null
440604,广东省,佛山市,禅城区,official_identity_match,exact_code_and_source_name,r3464714,113.1173438,23.0120197,label,null,null
440605,广东省,佛山市,南海区,official_identity_match,exact_code_and_source_name,r3464716,113.1375151,23.0314096,label,null,null
440606,广东省,佛山市,顺德区,official_identity_match,exact_code_and_source_name,r3464718,113.2894243,22.8054891,label,null,null
440607,广东省,佛山市,三水区,official_identity_match,exact_code_and_source_name,r3464717,112.8919956,23.1591722,label,null,null
440608,广东省,佛山市,高明区,official_identity_match,exact_code_and_source_name,r3464715,112.8866883,22.9032867,label,null,null
440703,广东省,江门市,蓬江区,official_identity_match,exact_code_and_source_name,r3463957,113.0730697,22.5980055,admin_centre,null,null
440704,广东省,江门市,江海区,official_identity_match,exact_code_and_source_name,r3463956,113.1058356,22.5636106,admin_centre,null,null
440705,广东省,江门市,新会区,official_identity_match,exact_code_and_source_name,r3463959,113.0282876,22.461381,admin_centre,null,null
440781,广东省,江门市,台山市,official_identity_match,exact_code_and_source_name,r3463958,112.7884998,22.2541202,admin_centre,null,null
440783,广东省,江门市,开平市,official_identity_match,exact_code_and_source_name,r3032047,112.6932392,22.3799871,admin_centre,null,null
440784,广东省,江门市,鹤山市,official_identity_match,exact_code_and_source_name,r3463955,112.9591941,22.7687622,admin_centre,null,null
440785,广东省,江门市,恩平市,official_identity_match,exact_code_and_source_name,r3032046,112.3000145,22.1861731,admin_centre,null,null
440802,广东省,湛江市,赤坎区,official_identity_match,exact_code_and_source_name,r4583749,110.3621143,21.2686886,admin_centre,null,null
440803,广东省,湛江市,霞山区,official_identity_match,exact_code_and_source_name,r4583751,110.3933516,21.1941363,admin_centre,null,null
440804,广东省,湛江市,坡头区,official_identity_match,exact_code_and_source_name,r4582405,110.4509156,21.2472475,admin_centre,null,null
440811,广东省,湛江市,麻章区,official_identity_match,exact_code_and_source_name,r4583581,110.3291701,21.2665003,admin_centre,null,null
440823,广东省,湛江市,遂溪县,official_identity_match,exact_code_and_source_name,r4583535,110.248014,21.3778528,admin_centre,null,null
440825,广东省,湛江市,徐闻县,official_identity_match,exact_code_and_source_name,r3484449,110.1716047,20.328666,admin_centre,null,null
440881,广东省,湛江市,廉江市,official_identity_match,exact_code_and_source_name,r4582413,110.2818122,21.6121954,label,null,null
440882,广东省,湛江市,雷州市,official_identity_match,exact_code_and_source_name,r3484516,110.0917772,20.9166877,admin_centre,null,null
440883,广东省,湛江市,吴川市,official_identity_match,exact_code_and_source_name,r4582214,110.7736067,21.4442748,admin_centre,null,null
440902,广东省,茂名市,茂南区,official_identity_match,unique_name_and_parent_geometry,r4581423,110.9139827,21.6442556,admin_centre,null,null
440904,广东省,茂名市,电白区,official_identity_match,exact_code_and_source_name,r4581422,111.1614359,21.6855679,label,null,null
440981,广东省,茂名市,高州市,official_identity_match,exact_code_and_source_name,r3180602,110.8489267,21.921311,admin_centre,null,null
440982,广东省,茂名市,化州市,official_identity_match,exact_code_and_source_name,r3180603,110.6352871,21.6669324,label,null,null
440983,广东省,茂名市,信宜市,official_identity_match,exact_code_and_source_name,r3180604,110.942291,22.3580316,label,null,null
441202,广东省,肇庆市,端州区,official_identity_match,exact_code_and_source_name,r3205796,112.480119,23.0545734,admin_centre,null,null
441203,广东省,肇庆市,鼎湖区,official_identity_match,exact_code_and_source_name,r3205795,112.5625362,23.1618953,admin_centre,null,null
441204,广东省,肇庆市,高要区,official_identity_match,exact_code_and_source_name,r3205798,112.452589,23.0279783,admin_centre,null,null
441223,广东省,肇庆市,广宁县,official_identity_match,exact_code_and_source_name,r3205799,112.4317972,23.6348923,admin_centre,null,null
441224,广东省,肇庆市,怀集县,official_identity_match,exact_code_and_source_name,r3205800,112.1616895,23.9228747,admin_centre,null,null
441225,广东省,肇庆市,封开县,official_identity_match,exact_code_and_source_name,r3205797,111.5072166,23.4270099,admin_centre,null,null
441226,广东省,肇庆市,德庆县,official_identity_match,unique_name_and_parent_geometry,r3205794,111.9695802,23.2868522,label,null,null
441284,广东省,肇庆市,四会市,official_identity_match,unique_name_and_parent_geometry,r3205801,112.7284772,23.3291193,label,null,null
441302,广东省,惠州市,惠城区,official_identity_match,exact_code_and_source_name,r3209659,114.3775971,23.0870863,admin_centre,null,null
441303,广东省,惠州市,惠阳区,official_identity_match,exact_code_and_source_name,r3209073,114.4514439,22.7919985,admin_centre,null,null
441322,广东省,惠州市,博罗县,official_identity_match,exact_code_and_source_name,r3209907,114.2848921,23.1755363,admin_centre,null,null
441323,广东省,惠州市,惠东县,official_identity_match,exact_code_and_source_name,r3209908,114.7164175,22.9844209,admin_centre,null,null
441324,广东省,惠州市,龙门县,official_identity_match,exact_code_and_source_name,r3209909,114.2500592,23.7304948,admin_centre,null,null
441402,广东省,梅州市,梅江区,official_identity_match,exact_code_and_source_name,r3241974,116.1119122,24.3132062,admin_centre,null,null
441403,广东省,梅州市,梅县区,official_identity_match,unique_name_and_parent_geometry,r3233739,116.0761056,24.2694484,admin_centre,null,null
441422,广东省,梅州市,大埔县,official_identity_match,exact_code_and_source_name,r3233736,116.6902216,24.3505527,label,null,null
441423,广东省,梅州市,丰顺县,official_identity_match,exact_code_and_source_name,r3233737,116.1783025,23.7422678,admin_centre,null,null
441424,广东省,梅州市,五华县,official_identity_match,exact_code_and_source_name,r3233741,115.7710705,23.9353094,admin_centre,null,null
441426,广东省,梅州市,平远县,official_identity_match,exact_code_and_source_name,r3233740,115.8866777,24.5698289,admin_centre,null,null
441427,广东省,梅州市,蕉岭县,official_identity_match,exact_code_and_source_name,r3233738,116.1665092,24.6613582,admin_centre,null,null
441481,广东省,梅州市,兴宁市,official_identity_match,exact_code_and_source_name,r3233742,115.7258,24.1395197,admin_centre,null,null
441502,广东省,汕尾市,城区,official_identity_match,exact_code_and_source_name,r3282606,115.3599642,22.7817608,label,null,null
441521,广东省,汕尾市,海丰县,official_identity_match,exact_code_and_source_name,r3282607,115.3182077,22.969734,admin_centre,null,null
441523,广东省,汕尾市,陆河县,official_identity_match,exact_code_and_source_name,r3282609,115.6553157,23.3044952,admin_centre,null,null
441581,广东省,汕尾市,陆丰市,official_identity_match,exact_code_and_source_name,r3282608,115.6407142,22.9455881,admin_centre,null,null
441602,广东省,河源市,源城区,official_identity_match,exact_code_and_source_name,r3241968,114.6976517,23.7367095,admin_centre,null,null
441621,广东省,河源市,紫金县,official_identity_match,exact_code_and_source_name,r3241969,115.1845453,23.6306226,admin_centre,null,null
441622,广东省,河源市,龙川县,official_identity_match,exact_code_and_source_name,r3241967,115.2559637,24.1028503,admin_centre,null,null
441623,广东省,河源市,连平县,official_identity_match,exact_code_and_source_name,r3241966,114.4885135,24.3761422,label,null,null
441624,广东省,河源市,和平县,official_identity_match,exact_code_and_source_name,r3241965,114.9310404,24.4723735,admin_centre,null,null
441625,广东省,河源市,东源县,official_identity_match,exact_code_and_source_name,r3241964,114.7415794,23.7914225,label,null,null
441702,广东省,阳江市,江城区,official_identity_match,exact_code_and_source_name,r3032033,111.9499162,21.8647999,admin_centre,null,null
441704,广东省,阳江市,阳东区,official_identity_match,exact_code_and_source_name,r3032035,112.0013447,21.8708515,admin_centre,null,null
441721,广东省,阳江市,阳西县,official_identity_match,exact_code_and_source_name,r3032036,111.6127492,21.7555785,admin_centre,null,null
441781,广东省,阳江市,阳春市,official_identity_match,exact_code_and_source_name,r3032034,111.7863769,22.1732425,admin_centre,null,null
441802,广东省,清远市,清城区,official_identity_match,exact_code_and_source_name,r3124219,113.0571911,23.6999044,admin_centre,null,null
441803,广东省,清远市,清新区,official_identity_match,exact_code_and_source_name,r3124220,113.012264,23.7367341,admin_centre,null,null
441821,广东省,清远市,佛冈县,official_identity_match,exact_code_and_source_name,r3124215,113.5262764,23.8825802,label,null,null
441823,广东省,清远市,阳山县,official_identity_match,exact_code_and_source_name,r3124221,112.6360737,24.468328,admin_centre,null,null
441825,广东省,清远市,连山壮族瑶族自治县,official_identity_match,unique_name_and_parent_geometry,r3124217,112.0885277,24.5730213,admin_centre,null,null
441826,广东省,清远市,连南瑶族自治县,official_identity_match,exact_code_and_source_name,r3124216,112.2818458,24.7285752,admin_centre,null,null
441881,广东省,清远市,英德市,official_identity_match,exact_code_and_source_name,r3124222,113.3962832,24.2079886,admin_centre,null,null
441882,广东省,清远市,连州市,official_identity_match,exact_code_and_source_name,r3124218,112.3717844,24.783812,admin_centre,null,null
441900,广东省,东莞市,东莞市,official_identity_match,exact_code_and_source_name,r3464319,113.7452332,23.0183568,label,null,null
442000,广东省,中山市,中山市,official_identity_match,exact_code_and_source_name,r3464878,113.3872302,22.5197073,label,null,null
445102,广东省,潮州市,湘桥区,official_identity_match,exact_code_and_source_name,r3244427,116.6240731,23.6775227,label,null,null
445103,广东省,潮州市,潮安区,official_identity_match,exact_code_and_source_name,r3244424,116.6729801,23.4659435,label,null,null
445122,广东省,潮州市,饶平县,official_identity_match,exact_code_and_source_name,r3244425,116.9995994,23.6660886,admin_centre,null,null
445202,广东省,揭阳市,榕城区,official_identity_match,exact_code_and_source_name,r3283326,116.3623373,23.5278913,label,null,null
445203,广东省,揭阳市,揭东区,official_identity_match,exact_code_and_source_name,r3283323,116.4071625,23.5691604,label,null,null
445222,广东省,揭阳市,揭西县,official_identity_match,exact_code_and_source_name,r3283324,115.8378454,23.4337991,label,null,null
445224,广东省,揭阳市,惠来县,official_identity_match,exact_code_and_source_name,r3283322,116.2905186,23.0361377,admin_centre,null,null
445281,广东省,揭阳市,普宁市,official_identity_match,exact_code_and_source_name,r3283325,116.160937,23.3000453,label,null,null
445302,广东省,云浮市,云城区,official_identity_match,exact_code_and_source_name,r3032079,112.0368226,22.9343987,admin_centre,null,null
445303,广东省,云浮市,云安区,official_identity_match,exact_code_and_source_name,r3032077,112.1620447,23.0418311,admin_centre,null,null
445321,广东省,云浮市,新兴县,official_identity_match,exact_code_and_source_name,r3031848,112.2195936,22.6984291,admin_centre,null,null
445322,广东省,云浮市,郁南县,official_identity_match,exact_code_and_source_name,r3032078,111.5298782,23.2375151,admin_centre,null,null
445381,广东省,云浮市,罗定市,official_identity_match,exact_code_and_source_name,r3032076,111.5647845,22.7713828,admin_centre,null,null
450102,广西壮族自治区,南宁市,兴宁区,official_identity_match,exact_code_and_source_name,r2775770,108.3638828,22.8563549,admin_centre,null,null
450103,广西壮族自治区,南宁市,青秀区,official_identity_match,exact_code_and_source_name,r2775767,108.4104459,22.8160816,admin_centre,null,null
450105,广西壮族自治区,南宁市,江南区,official_identity_match,exact_code_and_source_name,r2775763,108.2691257,22.7848277,admin_centre,null,null
450107,广西壮族自治区,南宁市,西乡塘区,official_identity_match,exact_code_and_source_name,r2775771,108.2884512,22.833946,admin_centre,null,null
450108,广西壮族自治区,南宁市,良庆区,official_identity_match,exact_code_and_source_name,r2775764,108.3769291,22.7429946,admin_centre,null,null
450109,广西壮族自治区,南宁市,邕宁区,official_identity_match,exact_code_and_source_name,r2775772,108.4828656,22.7612144,admin_centre,null,null
450110,广西壮族自治区,南宁市,武鸣区,official_identity_match,exact_code_and_source_name,r2775769,108.271124,23.1612746,admin_centre,null,null
450123,广西壮族自治区,南宁市,隆安县,official_identity_match,exact_code_and_source_name,r2775765,107.691556,23.1695545,admin_centre,null,null
450124,广西壮族自治区,南宁市,马山县,official_identity_match,exact_code_and_source_name,r2775766,108.1740267,23.711318,admin_centre,null,null
450125,广西壮族自治区,南宁市,上林县,official_identity_match,unique_name_and_parent_geometry,r2775768,108.6010614,23.4353411,admin_centre,null,null
450126,广西壮族自治区,南宁市,宾阳县,official_identity_match,exact_code_and_source_name,r2775761,108.8061526,23.2203973,admin_centre,null,null
450181,广西壮族自治区,南宁市,横州市,official_identity_match,exact_code_and_source_name,r2775762,109.2575901,22.6833211,admin_centre,null,null
450202,广西壮族自治区,柳州市,城中区,official_identity_match,exact_code_and_source_name,r4586929,109.4227225,24.3698023,admin_centre,null,null
450203,广西壮族自治区,柳州市,鱼峰区,official_identity_match,exact_code_and_source_name,r4586932,109.435671,24.3051585,admin_centre,null,null
450204,广西壮族自治区,柳州市,柳南区,official_identity_match,exact_code_and_source_name,r4586931,109.380226,24.3394332,admin_centre,null,null
450205,广西壮族自治区,柳州市,柳北区,official_identity_match,unique_name_and_parent_geometry,r4586930,109.3974707,24.3651586,admin_centre,null,null
450206,广西壮族自治区,柳州市,柳江区,official_identity_match,exact_code_and_source_name,r2774463,109.3219899,24.2576857,admin_centre,null,null
450222,广西壮族自治区,柳州市,柳城县,official_identity_match,exact_code_and_source_name,r2774461,109.2403085,24.6530412,admin_centre,null,null
450223,广西壮族自治区,柳州市,鹿寨县,official_identity_match,exact_code_and_source_name,r2774464,109.7459829,24.4758562,admin_centre,null,null
450224,广西壮族自治区,柳州市,融安县,official_identity_match,exact_code_and_source_name,r2774465,109.3928237,25.2275571,admin_centre,null,null
450225,广西壮族自治区,柳州市,融水苗族自治县,official_identity_match,exact_code_and_source_name,r2774466,109.2489315,25.0722218,admin_centre,null,null
450226,广西壮族自治区,柳州市,三江侗族自治县,official_identity_match,exact_code_and_source_name,r2774467,109.6031323,25.7870306,admin_centre,null,null
450302,广西壮族自治区,桂林市,秀峰区,official_identity_match,exact_code_and_source_name,r3471980,110.2596116,25.2763793,admin_centre,null,null
450303,广西壮族自治区,桂林市,叠彩区,official_identity_match,exact_code_and_source_name,r3471977,110.2972181,25.3169103,admin_centre,null,null
450304,广西壮族自治区,桂林市,象山区,official_identity_match,unique_name_and_parent_geometry,r3471979,110.2765395,25.2646007,admin_centre,null,null
450305,广西壮族自治区,桂林市,七星区,official_identity_match,exact_code_and_source_name,r3471978,110.3137245,25.254962,admin_centre,null,null
450311,广西壮族自治区,桂林市,雁山区,official_identity_match,exact_code_and_source_name,r3471981,110.2820142,25.1038876,admin_centre,null,null
450312,广西壮族自治区,桂林市,临桂区,official_identity_match,exact_code_and_source_name,r2773817,110.2077616,25.2418788,admin_centre,null,null
450321,广西壮族自治区,桂林市,阳朔县,official_identity_match,exact_code_and_source_name,r2773823,110.4920133,24.7815129,admin_centre,null,null
450323,广西壮族自治区,桂林市,灵川县,official_identity_match,exact_code_and_source_name,r2773816,110.3161596,25.3975213,admin_centre,null,null
450324,广西壮族自治区,桂林市,全州县,official_identity_match,exact_code_and_source_name,r2773821,111.0684754,25.9302709,admin_centre,null,null
450325,广西壮族自治区,桂林市,兴安县,official_identity_match,exact_code_and_source_name,r2773822,110.6682355,25.6144075,label,null,null
450326,广西壮族自治区,桂林市,永福县,official_identity_match,exact_code_and_source_name,r2773824,109.9783989,24.9835232,label,null,null
450327,广西壮族自治区,桂林市,灌阳县,official_identity_match,exact_code_and_source_name,r2098520,111.1556393,25.4923508,admin_centre,null,null
450328,广西壮族自治区,桂林市,龙胜各族自治县,official_identity_match,exact_code_and_source_name,r2773819,110.0071723,25.8013489,admin_centre,null,null
450329,广西壮族自治区,桂林市,资源县,official_identity_match,exact_code_and_source_name,r2773825,110.64816,26.0457974,label,null,null
450330,广西壮族自治区,桂林市,平乐县,official_identity_match,unique_name_and_parent_geometry,r2773820,110.6386698,24.6363521,admin_centre,null,null
450332,广西壮族自治区,桂林市,恭城瑶族自治县,official_identity_match,exact_code_and_source_name,r2773814,110.8235878,24.8347176,admin_centre,null,null
450381,广西壮族自治区,桂林市,荔浦市,official_identity_match,exact_code_and_source_name,r2773818,110.3904799,24.4914297,admin_centre,null,null
450403,广西壮族自治区,梧州市,万秀区,official_identity_match,unique_name_and_parent_geometry,r4588609,111.315559,23.4752731,admin_centre,null,null
450405,广西壮族自治区,梧州市,长洲区,official_identity_match,exact_code_and_source_name,r4588607,111.270561,23.4885963,admin_centre,null,null
450406,广西壮族自治区,梧州市,龙圩区,official_identity_match,exact_code_and_source_name,r4588608,111.2425683,23.4155558,admin_centre,null,null
450421,广西壮族自治区,梧州市,苍梧县,official_identity_match,exact_code_and_source_name,r2044150,111.5423435,23.869229,admin_centre,null,null
450422,广西壮族自治区,梧州市,藤县,official_identity_match,unique_name_and_parent_geometry,r2044153,110.910308,23.3780516,admin_centre,null,null
450423,广西壮族自治区,梧州市,蒙山县,official_identity_match,exact_code_and_source_name,r2044152,110.5202451,24.1962534,admin_centre,null,null
450481,广西壮族自治区,梧州市,岑溪市,official_identity_match,exact_code_and_source_name,r2044151,110.9898501,22.9212029,admin_centre,null,null
450502,广西壮族自治区,北海市,海城区,official_identity_match,unique_name_and_parent_geometry,r3241954,109.1130175,21.4772593,admin_centre,null,null
450503,广西壮族自治区,北海市,银海区,official_identity_match,exact_code_and_source_name,r3241957,109.1313165,21.4473175,admin_centre,null,null
450512,广西壮族自治区,北海市,铁山港区,official_identity_match,unique_name_and_parent_geometry,r3241956,109.416961,21.531654,admin_centre,null,null
450521,广西壮族自治区,北海市,合浦县,official_identity_match,exact_code_and_source_name,r3241955,109.2029238,21.6635899,admin_centre,null,null
450602,广西壮族自治区,防城港市,港口区,official_identity_match,exact_code_and_source_name,r2774211,108.3409124,21.6178882,admin_centre,null,null
450603,广西壮族自治区,防城港市,防城区,official_identity_match,exact_code_and_source_name,r2774210,108.3522496,21.7651318,admin_centre,null,null
450621,广西壮族自治区,防城港市,上思县,official_identity_match,exact_code_and_source_name,r2774212,107.9796073,22.1566338,admin_centre,null,null
450681,广西壮族自治区,防城港市,东兴市,official_identity_match,exact_code_and_source_name,r2774209,107.9679792,21.5506387,admin_centre,null,null
450702,广西壮族自治区,钦州市,钦南区,official_identity_match,exact_code_and_source_name,r2776296,108.653776,21.9434443,admin_centre,null,null
450703,广西壮族自治区,钦州市,钦北区,official_identity_match,exact_code_and_source_name,r2776295,108.6355584,22.0054489,admin_centre,null,null
450721,广西壮族自治区,钦州市,灵山县,official_identity_match,exact_code_and_source_name,r2776293,109.2911816,22.4220044,admin_centre,null,null
450722,广西壮族自治区,钦州市,浦北县,official_identity_match,exact_code_and_source_name,r2776294,109.551843,22.272958,admin_centre,null,null
450802,广西壮族自治区,贵港市,港北区,official_identity_match,exact_code_and_source_name,r2776270,109.5682527,23.1143838,admin_centre,null,null
450803,广西壮族自治区,贵港市,港南区,official_identity_match,exact_code_and_source_name,r2776271,109.5958935,23.0776475,admin_centre,null,null
450804,广西壮族自治区,贵港市,覃塘区,official_identity_match,exact_code_and_source_name,r2776274,109.3600434675373,23.122802999999998,interior_representative_point,null,null
450821,广西壮族自治区,贵港市,平南县,official_identity_match,exact_code_and_source_name,r2776273,110.3878006,23.5422149,admin_centre,null,null
450881,广西壮族自治区,贵港市,桂平市,official_identity_match,exact_code_and_source_name,r2776272,110.074064,23.3916357,admin_centre,null,null
450902,广西壮族自治区,玉林市,玉州区,official_identity_match,exact_code_and_source_name,r2776352,110.1461735,22.6314632,admin_centre,null,null
450903,广西壮族自治区,玉林市,福绵区,official_identity_match,exact_code_and_source_name,r7617847,110.0549865,22.5882054,admin_centre,null,null
450921,广西壮族自治区,玉林市,容县,official_identity_match,exact_code_and_source_name,r2776347,110.5536798,22.8611636,admin_centre,null,null
450922,广西壮族自治区,玉林市,陆川县,official_identity_match,exact_code_and_source_name,r2776350,110.2598698,22.3242406,admin_centre,null,null
450923,广西壮族自治区,玉林市,博白县,official_identity_match,exact_code_and_source_name,r2776349,109.9715092,22.2760359,admin_centre,null,null
450924,广西壮族自治区,玉林市,兴业县,official_identity_match,exact_code_and_source_name,r2776351,109.8709851,22.7392491,admin_centre,null,null
450981,广西壮族自治区,玉林市,北流市,official_identity_match,exact_code_and_source_name,r2776348,110.3494957,22.7111505,admin_centre,null,null
451002,广西壮族自治区,百色市,右江区,official_identity_match,exact_code_and_source_name,r2773985,106.6152626,23.9039405,admin_centre,null,null
451003,广西壮族自治区,百色市,田阳区,official_identity_match,exact_code_and_source_name,r2773983,106.9125394,23.7380833,admin_centre,null,null
451022,广西壮族自治区,百色市,田东县,official_identity_match,exact_code_and_source_name,r2773981,107.1272702,23.5995314,admin_centre,null,null
451024,广西壮族自治区,百色市,德保县,official_identity_match,exact_code_and_source_name,r2773975,106.6119199,23.3265574,admin_centre,null,null
451026,广西壮族自治区,百色市,那坡县,official_identity_match,exact_code_and_source_name,r2722419,105.8290341,23.3907665,admin_centre,null,null
451027,广西壮族自治区,百色市,凌云县,official_identity_match,exact_code_and_source_name,r2773978,106.5606981,24.349261,admin_centre,null,null
451028,广西壮族自治区,百色市,乐业县,official_identity_match,exact_code_and_source_name,r2773977,106.5570754,24.7886823,admin_centre,null,null
451029,广西壮族自治区,百色市,田林县,official_identity_match,exact_code_and_source_name,r2773982,106.2390089,24.2861856,admin_centre,null,null
451030,广西壮族自治区,百色市,西林县,official_identity_match,exact_code_and_source_name,r2773984,105.0931728,24.4949232,admin_centre,null,null
451031,广西壮族自治区,百色市,隆林各族自治县,official_identity_match,exact_code_and_source_name,r2773979,105.3411425,24.7737781,admin_centre,null,null
451081,广西壮族自治区,百色市,靖西市,official_identity_match,exact_code_and_source_name,r2773976,106.4138603,23.1371896,admin_centre,null,null
451082,广西壮族自治区,百色市,平果市,official_identity_match,exact_code_and_source_name,r2773980,107.5859958,23.3324001,admin_centre,null,null
451102,广西壮族自治区,贺州市,八步区,official_identity_match,exact_code_and_source_name,r2096529,111.7803928,24.3320844,label,null,null
451103,广西壮族自治区,贺州市,平桂区,official_identity_match,exact_code_and_source_name,r11578047,111.4747175,24.4585572,admin_centre,null,null
451121,广西壮族自治区,贺州市,昭平县,official_identity_match,exact_code_and_source_name,r2773739,110.8064961,24.1726751,admin_centre,null,null
451122,广西壮族自治区,贺州市,钟山县,official_identity_match,unique_name_and_parent_geometry,r2773740,111.2989334,24.5284691,admin_centre,null,null
451123,广西壮族自治区,贺州市,富川瑶族自治县,official_identity_match,exact_code_and_source_name,r2773738,111.2693007,24.821618,admin_centre,null,null
451202,广西壮族自治区,河池市,金城江区,official_identity_match,exact_code_and_source_name,r2774384,108.0331781,24.6923245,label,null,null
451203,广西壮族自治区,河池市,宜州区,official_identity_match,exact_code_and_source_name,r2774388,108.6074648,24.503824,admin_centre,null,null
451221,广西壮族自治区,河池市,南丹县,official_identity_match,exact_code_and_source_name,r2774386,107.5383659,24.9788462,admin_centre,null,null
451222,广西壮族自治区,河池市,天峨县,official_identity_match,exact_code_and_source_name,r2774387,107.1681026,25.0014071,admin_centre,null,null
451223,广西壮族自治区,河池市,凤山县,official_identity_match,exact_code_and_source_name,r2774383,107.0407246,24.5475515,admin_centre,null,null
451224,广西壮族自治区,河池市,东兰县,official_identity_match,exact_code_and_source_name,r2774381,107.3699251,24.5135608,admin_centre,null,null
451225,广西壮族自治区,河池市,罗城仫佬族自治县,official_identity_match,exact_code_and_source_name,r2774385,108.901036,24.7809847,admin_centre,null,null
451226,广西壮族自治区,河池市,环江毛南族自治县,official_identity_match,unique_name_and_parent_geometry,r2099451,108.254525,24.8289497,admin_centre,null,null
451227,广西壮族自治区,河池市,巴马瑶族自治县,official_identity_match,exact_code_and_source_name,r2774379,107.2558901,24.1437442,admin_centre,null,null
451228,广西壮族自治区,河池市,都安瑶族自治县,official_identity_match,exact_code_and_source_name,r2774382,108.1008209,23.9340535,admin_centre,null,null
451229,广西壮族自治区,河池市,大化瑶族自治县,official_identity_match,exact_code_and_source_name,r2774380,107.9939304,23.7382918,admin_centre,null,null
451302,广西壮族自治区,来宾市,兴宾区,official_identity_match,unique_name_and_parent_geometry,r2775864,109.2307732,23.729648,admin_centre,null,null
451321,广西壮族自治区,来宾市,忻城县,official_identity_match,exact_code_and_source_name,r2775863,108.6632172,24.0692756,admin_centre,null,null
451322,广西壮族自治区,来宾市,象州县,official_identity_match,exact_code_and_source_name,r2775862,109.6947293,23.967991,admin_centre,null,null
451323,广西壮族自治区,来宾市,武宣县,official_identity_match,unique_name_and_parent_geometry,r2775861,109.6583496,23.5965829,admin_centre,null,null
451324,广西壮族自治区,来宾市,金秀瑶族自治县,official_identity_match,unique_name_and_parent_geometry,r2775860,110.1847406,24.1331639,admin_centre,null,null
451381,广西壮族自治区,来宾市,合山市,official_identity_match,exact_code_and_source_name,r2775859,108.8855377,23.8144989,admin_centre,null,null
451402,广西壮族自治区,崇左市,江州区,official_identity_match,exact_code_and_source_name,r2773867,107.3492574,22.4088663,admin_centre,null,null
451421,广西壮族自治区,崇左市,扶绥县,official_identity_match,unique_name_and_parent_geometry,r2773866,107.9001036,22.6386482,admin_centre,null,null
451422,广西壮族自治区,崇左市,宁明县,official_identity_match,exact_code_and_source_name,r2773869,107.0675595,22.1368222,admin_centre,null,null
451423,广西壮族自治区,崇左市,龙州县,official_identity_match,exact_code_and_source_name,r2773868,106.8507445,22.3463347,admin_centre,null,null
451424,广西壮族自治区,崇左市,大新县,official_identity_match,exact_code_and_source_name,r2773865,107.2107083,22.8393146,admin_centre,null,null
451425,广西壮族自治区,崇左市,天等县,official_identity_match,exact_code_and_source_name,r2773871,107.1394929,23.083581,admin_centre,null,null
451481,广西壮族自治区,崇左市,凭祥市,official_identity_match,exact_code_and_source_name,r6881348,106.7633247,22.0972997,admin_centre,null,null
460105,海南省,海口市,秀英区,official_identity_match,exact_code_and_source_name,r5401872,110.2892742,20.0094864,label,null,null
460106,海南省,海口市,龙华区,official_identity_match,exact_code_and_source_name,r5401982,110.3238294,20.0332057,admin_centre,null,null
460107,海南省,海口市,琼山区,official_identity_match,exact_code_and_source_name,r5402022,110.3801966,19.9858782,admin_centre,null,null
460108,海南省,海口市,美兰区,official_identity_match,unique_name_and_parent_geometry,r5402054,110.3624003,20.0307844,admin_centre,null,null
460202,海南省,三亚市,海棠区,official_identity_match,unique_name_and_parent_geometry,r5401262,109.7483584,18.4020254,admin_centre,null,null
460203,海南省,三亚市,吉阳区,official_identity_match,unique_name_and_parent_geometry,r5401287,109.5742278,18.2829459,admin_centre,null,null
460204,海南省,三亚市,天涯区,official_identity_match,unique_name_and_parent_geometry,r5401297,109.4480735,18.3008218,admin_centre,null,null
460205,海南省,三亚市,崖州区,official_identity_match,unique_name_and_parent_geometry,r5401301,109.1679192,18.3592512,admin_centre,null,null
460302,海南省,三沙市,西沙区,official_identity_match,exact_code_and_source_name,r6753150,112.3341047,16.8324467,admin_centre,null,null
460303,海南省,三沙市,南沙区,official_identity_match,not_required_service_unavailable,,,,,null,null
460400,海南省,儋州市,儋州市,official_identity_match,exact_code_and_source_name,r2784610,109.5697188,19.5173795,admin_centre,null,null
469001,海南省,五指山市,五指山市,official_identity_match,exact_code_and_source_name,r2784622,109.5128565,18.7776594,admin_centre,null,null
469002,海南省,琼海市,琼海市,official_identity_match,unique_name_and_parent_geometry,r2784617,110.4701997,19.2591246,admin_centre,null,null
469005,海南省,文昌市,文昌市,official_identity_match,exact_code_and_source_name,r2784621,110.7932208,19.5452604,admin_centre,null,null
469006,海南省,万宁市,万宁市,official_identity_match,exact_code_and_source_name,r2784620,110.3872565,18.7961376,admin_centre,null,null
469007,海南省,东方市,东方市,official_identity_match,exact_code_and_source_name,r2784612,108.6482353,19.0979286,admin_centre,null,null
469021,海南省,定安县,定安县,official_identity_match,unique_name_and_parent_geometry,r2784611,110.3544716,19.6829928,admin_centre,null,null
469022,海南省,屯昌县,屯昌县,official_identity_match,exact_code_and_source_name,r2784619,110.0984332,19.3532917,admin_centre,null,null
469023,海南省,澄迈县,澄迈县,official_identity_match,exact_code_and_source_name,r2784609,110.0034283,19.7404504,admin_centre,null,null
469024,海南省,临高县,临高县,official_identity_match,unique_name_and_parent_geometry,r2784615,109.6867275,19.9151158,admin_centre,null,null
469025,海南省,白沙黎族自治县,白沙黎族自治县,official_identity_match,exact_code_and_source_name,r2784606,109.447576,19.2263753,admin_centre,null,null
469026,海南省,昌江黎族自治县,昌江黎族自治县,official_identity_match,unique_name_and_parent_geometry,r2784608,109.0514948,19.2983749,admin_centre,null,null
469027,海南省,乐东黎族自治县,乐东黎族自治县,official_identity_match,unique_name_and_parent_geometry,r2784614,109.1682833,18.7514629,admin_centre,null,null
469028,海南省,陵水黎族自治县,陵水黎族自治县,official_identity_match,exact_code_and_source_name,r2784616,110.0334066,18.5082818,admin_centre,null,null
469029,海南省,保亭黎族苗族自治县,保亭黎族苗族自治县,official_identity_match,exact_code_and_source_name,r2784607,109.6959518,18.6422654,admin_centre,null,null
469030,海南省,琼中黎族苗族自治县,琼中黎族苗族自治县,official_identity_match,exact_code_and_source_name,r2784618,109.8344207,19.0351774,admin_centre,null,null
500101,重庆市,重庆市,万州区,official_identity_match,exact_code_and_source_name,r2692017,108.4034084,30.8101669,admin_centre,null,null
500102,重庆市,重庆市,涪陵区,official_identity_match,exact_code_and_source_name,r2693277,107.3910809,29.7065405,admin_centre,null,null
500103,重庆市,重庆市,渝中区,official_identity_match,exact_code_and_source_name,r4738525,106.5653809,29.5555987,label,null,null
500104,重庆市,重庆市,大渡口区,official_identity_match,exact_code_and_source_name,r4738522,106.4782444,29.4863966,admin_centre,null,null
500106,重庆市,重庆市,沙坪坝区,official_identity_match,exact_code_and_source_name,r4738519,106.4534691,29.5436056,admin_centre,null,null
500107,重庆市,重庆市,九龙坡区,official_identity_match,unique_name_and_parent_geometry,r14481498,106.5068961,29.5051598,admin_centre,null,null
500108,重庆市,重庆市,南岸区,official_identity_match,exact_code_and_source_name,r2693315,106.642471,29.5028729,admin_centre,null,null
500109,重庆市,重庆市,北碚区,official_identity_match,exact_code_and_source_name,r2693395,106.392123,29.8073875,admin_centre,null,null
500110,重庆市,重庆市,綦江区,official_identity_match,exact_code_and_source_name,r2693401,106.647742,29.0308891,admin_centre,null,null
500111,重庆市,重庆市,大足区,official_identity_match,exact_code_and_source_name,r2693398,105.7144621,29.7026095,admin_centre,null,null
500113,重庆市,重庆市,巴南区,official_identity_match,exact_code_and_source_name,r2693394,106.5368478,29.4043601,admin_centre,null,null
500114,重庆市,重庆市,黔江区,official_identity_match,exact_code_and_source_name,r2693032,108.7673528,29.536148,admin_centre,null,null
500115,重庆市,重庆市,长寿区,official_identity_match,exact_code_and_source_name,r2693397,107.0779121,29.8605673,admin_centre,null,null
500116,重庆市,重庆市,江津区,official_identity_match,exact_code_and_source_name,r2693400,106.260551,29.3226898,admin_centre,null,null
500117,重庆市,重庆市,合川区,official_identity_match,exact_code_and_source_name,r2693399,106.272238,29.9746891,admin_centre,null,null
500118,重庆市,重庆市,永川区,official_identity_match,exact_code_and_source_name,r2693404,105.9242658,29.3585337,admin_centre,null,null
500119,重庆市,重庆市,南川区,official_identity_match,exact_code_and_source_name,r2693278,107.0948587,29.1601071,admin_centre,null,null
500120,重庆市,重庆市,璧山区,official_identity_match,exact_code_and_source_name,r2693396,106.2019243,29.5792182,admin_centre,null,null
500151,重庆市,重庆市,铜梁区,official_identity_match,exact_code_and_source_name,r2693403,106.0524952,29.8474257,admin_centre,null,null
500152,重庆市,重庆市,潼南区,official_identity_match,exact_code_and_source_name,r2194821,105.8368833,30.193005,admin_centre,null,null
500153,重庆市,重庆市,荣昌区,official_identity_match,exact_code_and_source_name,r2693402,105.6085344,29.4185659,admin_centre,null,null
500154,重庆市,重庆市,开州区,official_identity_match,exact_code_and_source_name,r2692015,108.3885493,31.1626649,admin_centre,null,null
500155,重庆市,重庆市,梁平区,official_identity_match,exact_code_and_source_name,r2692016,107.7651759,30.6551092,admin_centre,null,null
500156,重庆市,重庆市,武隆区,official_identity_match,exact_code_and_source_name,r2693279,107.7552723,29.3284452,admin_centre,null,null
500157,重庆市,重庆市,两江新区,official_identity_match,exact_code_and_source_name,r19798221,106.5624794,29.6452335,admin_centre,null,null
500229,重庆市,重庆市,城口县,official_identity_match,exact_code_and_source_name,r2089846,108.6602629,31.9498067,admin_centre,null,null
500230,重庆市,重庆市,丰都县,official_identity_match,exact_code_and_source_name,r2693276,107.7257729,29.8664538,admin_centre,null,null
500231,重庆市,重庆市,垫江县,official_identity_match,exact_code_and_source_name,r2693275,107.3295963,30.3293784,admin_centre,null,null
500233,重庆市,重庆市,忠县,official_identity_match,exact_code_and_source_name,r2692021,108.0352442,30.3020852,admin_centre,null,null
500235,重庆市,重庆市,云阳县,official_identity_match,exact_code_and_source_name,r2692020,108.692093,30.9328198,admin_centre,null,null
500236,重庆市,重庆市,奉节县,official_identity_match,exact_code_and_source_name,r2692014,109.4056235,31.0232647,admin_centre,null,null
500237,重庆市,重庆市,巫山县,official_identity_match,exact_code_and_source_name,r2692018,109.8754021,31.077446,admin_centre,null,null
500238,重庆市,重庆市,巫溪县,official_identity_match,exact_code_and_source_name,r2692019,109.5651436,31.4002355,admin_centre,null,null
500240,重庆市,重庆市,石柱土家族自治县,official_identity_match,unique_name_and_parent_geometry,r2693033,108.1091155,30.0019376,admin_centre,null,null
500241,重庆市,重庆市,秀山土家族苗族自治县,official_identity_match,exact_code_and_source_name,r2693034,109.0027136,28.450247,admin_centre,null,null
500242,重庆市,重庆市,酉阳土家族苗族自治县,official_identity_match,exact_code_and_source_name,r2693035,108.7634259,28.844414,admin_centre,null,null
500243,重庆市,重庆市,彭水苗族土家族自治县,official_identity_match,exact_code_and_source_name,r2693031,108.1610845,29.2962877,label,null,null
510104,四川省,成都市,锦江区,official_identity_match,exact_code_and_source_name,r4734760,104.1143806,30.6013439,label,null,null
510105,四川省,成都市,青羊区,official_identity_match,exact_code_and_source_name,r4734707,104.0600913,30.676866,label,null,null
510106,四川省,成都市,金牛区,official_identity_match,exact_code_and_source_name,r3579975,104.0489573,30.6936809,label,null,null
510107,四川省,成都市,武侯区,official_identity_match,exact_code_and_source_name,r4734743,104.0406683,30.6442131,label,null,null
510108,四川省,成都市,成华区,official_identity_match,exact_code_and_source_name,r4734807,104.099053,30.6624173,admin_centre,null,null
510112,四川省,成都市,龙泉驿区,official_identity_match,exact_code_and_source_name,r2791742,104.265635,30.5626846,admin_centre,null,null
510113,四川省,成都市,青白江区,official_identity_match,exact_code_and_source_name,r3581622,104.2551037,30.8869902,admin_centre,null,null
510114,四川省,成都市,新都区,official_identity_match,exact_code_and_source_name,r3581618,104.1756642,30.8230263,admin_centre,null,null
510115,四川省,成都市,温江区,official_identity_match,exact_code_and_source_name,r3581602,103.8294689,30.7052468,admin_centre,null,null
510116,四川省,成都市,双流区,official_identity_match,exact_code_and_source_name,r2791690,103.9212532,30.5775386,admin_centre,null,null
510117,四川省,成都市,郫都区,official_identity_match,exact_code_and_source_name,r3581605,103.8986134,30.7980107,admin_centre,null,null
510118,四川省,成都市,新津区,official_identity_match,exact_code_and_source_name,r2791692,103.8068584,30.4157345,admin_centre,null,null
510121,四川省,成都市,金堂县,official_identity_match,exact_code_and_source_name,r2791682,104.4095013,30.8647425,admin_centre,null,null
510129,四川省,成都市,大邑县,official_identity_match,exact_code_and_source_name,r2791681,103.5212874,30.5901965,admin_centre,null,null
510131,四川省,成都市,蒲江县,official_identity_match,exact_code_and_source_name,r2110259,103.5196032,30.2007836,admin_centre,null,null
510181,四川省,成都市,都江堰市,official_identity_match,exact_code_and_source_name,r2110257,103.6142723,30.9965254,admin_centre,null,null
510182,四川省,成都市,彭州市,official_identity_match,exact_code_and_source_name,r2791685,103.9400811,30.9807771,admin_centre,null,null
510183,四川省,成都市,邛崃市,official_identity_match,exact_code_and_source_name,r2791689,103.42838424120842,30.38059355,interior_representative_point,null,null
510184,四川省,成都市,崇州市,official_identity_match,exact_code_and_source_name,r2791680,103.6722448,30.6256088,admin_centre,null,null
510185,四川省,成都市,简阳市,official_identity_match,exact_code_and_source_name,r2788721,104.5532107,30.3915544,admin_centre,null,null
510302,四川省,自贡市,自流井区,official_identity_match,exact_code_and_source_name,r2791318,104.7743562,29.3402331,admin_centre,null,null
510303,四川省,自贡市,贡井区,official_identity_match,exact_code_and_source_name,r2791315,104.7018535,29.3366368,admin_centre,null,null
510304,四川省,自贡市,大安区,official_identity_match,exact_code_and_source_name,r2791313,104.7711037,29.3664297,admin_centre,null,null
510311,四川省,自贡市,沿滩区,official_identity_match,exact_code_and_source_name,r2791317,104.8713399,29.2756071,admin_centre,null,null
510321,四川省,自贡市,荣县,official_identity_match,exact_code_and_source_name,r2791316,104.4147622,29.445739,admin_centre,null,null
510322,四川省,自贡市,富顺县,official_identity_match,exact_code_and_source_name,r2791314,104.971911,29.1843772,admin_centre,null,null
510402,四川省,攀枝花市,东区,official_identity_match,unique_name_and_parent_geometry,r2785684,101.7047133,26.5493654,admin_centre,null,null
510403,四川省,攀枝花市,西区,official_identity_match,exact_code_and_source_name,r2785687,101.6379786,26.6004175,admin_centre,null,null
510411,四川省,攀枝花市,仁和区,official_identity_match,exact_code_and_source_name,r2785686,101.736866,26.5016242,admin_centre,null,null
510421,四川省,攀枝花市,米易县,official_identity_match,unique_name_and_parent_geometry,r2785685,102.110161,26.8954836,admin_centre,null,null
510422,四川省,攀枝花市,盐边县,official_identity_match,exact_code_and_source_name,r2785688,101.8492424,26.6780009,admin_centre,null,null
510502,四川省,泸州市,江阳区,official_identity_match,unique_name_and_parent_geometry,r2789338,105.4314293,28.8815355,admin_centre,null,null
510503,四川省,泸州市,纳溪区,official_identity_match,exact_code_and_source_name,r2789341,105.3680204,28.7757153,admin_centre,null,null
510504,四川省,泸州市,龙马潭区,official_identity_match,unique_name_and_parent_geometry,r2789339,105.434392,28.9159377,admin_centre,null,null
510521,四川省,泸州市,泸县,official_identity_match,exact_code_and_source_name,r2789340,105.3794984,29.1539379,admin_centre,null,null
510522,四川省,泸州市,合江县,official_identity_match,exact_code_and_source_name,r2789337,105.8276796,28.8146228,label,null,null
510524,四川省,泸州市,叙永县,official_identity_match,exact_code_and_source_name,r2789342,105.4412586,28.1588774,admin_centre,null,null
510525,四川省,泸州市,古蔺县,official_identity_match,exact_code_and_source_name,r2194146,105.8088385,28.0421004,admin_centre,null,null
510603,四川省,德阳市,旌阳区,official_identity_match,unique_name_and_parent_geometry,r2787556,104.3922358,31.1404211,admin_centre,null,null
510604,四川省,德阳市,罗江区,official_identity_match,exact_code_and_source_name,r2787557,104.5035132,31.30704,admin_centre,null,null
510623,四川省,德阳市,中江县,official_identity_match,exact_code_and_source_name,r2787560,104.6761325,31.0355652,admin_centre,null,null
510681,四川省,德阳市,广汉市,official_identity_match,exact_code_and_source_name,r2787555,104.2725546,30.9818013,admin_centre,null,null
510682,四川省,德阳市,什邡市,official_identity_match,unique_name_and_parent_geometry,r2787559,104.1640039,31.1296564,admin_centre,null,null
510683,四川省,德阳市,绵竹市,official_identity_match,exact_code_and_source_name,r2787558,104.1979778,31.3413886,admin_centre,null,null
510703,四川省,绵阳市,涪城区,official_identity_match,exact_code_and_source_name,r2787458,104.7547784,31.4567526,admin_centre,null,null
510704,四川省,绵阳市,游仙区,official_identity_match,exact_code_and_source_name,r2787461,104.7643597,31.47343,admin_centre,null,null
510705,四川省,绵阳市,安州区,official_identity_match,exact_code_and_source_name,r2787456,104.5574522,31.5441369,admin_centre,null,null
510722,四川省,绵阳市,三台县,official_identity_match,exact_code_and_source_name,r2787459,105.0889412,31.0957173,admin_centre,null,null
510723,四川省,绵阳市,盐亭县,official_identity_match,exact_code_and_source_name,r2787460,105.3873179,31.2255825,admin_centre,null,null
510725,四川省,绵阳市,梓潼县,official_identity_match,exact_code_and_source_name,r2787462,105.1602191,31.6348536,admin_centre,null,null
510726,四川省,绵阳市,北川羌族自治县,official_identity_match,exact_code_and_source_name,r2787457,104.4648739,31.6192183,admin_centre,null,null
510727,四川省,绵阳市,平武县,official_identity_match,exact_code_and_source_name,r2167812,104.5291564,32.4101165,admin_centre,null,null
510781,四川省,绵阳市,江油市,official_identity_match,exact_code_and_source_name,r2172152,104.7427532,31.780984,admin_centre,null,null
510802,四川省,广元市,利州区,official_identity_match,unique_name_and_parent_geometry,r2787603,105.841813,32.4362651,admin_centre,null,null
510811,四川省,广元市,昭化区,official_identity_match,exact_code_and_source_name,r2787605,105.9626196,32.3238406,admin_centre,null,null
510812,四川省,广元市,朝天区,official_identity_match,exact_code_and_source_name,r2787601,105.8800675,32.6524087,admin_centre,null,null
510821,四川省,广元市,旺苍县,official_identity_match,exact_code_and_source_name,r2787604,106.2855422,32.2302092,admin_centre,null,null
510822,四川省,广元市,青川县,official_identity_match,exact_code_and_source_name,r2116385,105.2355773,32.5871424,admin_centre,null,null
510823,四川省,广元市,剑阁县,official_identity_match,exact_code_and_source_name,r2787602,105.5219946,32.2909937,admin_centre,null,null
510824,四川省,广元市,苍溪县,official_identity_match,exact_code_and_source_name,r2787600,105.934854,31.7345538,admin_centre,null,null
510903,四川省,遂宁市,船山区,official_identity_match,exact_code_and_source_name,r2788706,105.5649307,30.5285614,admin_centre,null,null
510904,四川省,遂宁市,安居区,official_identity_match,exact_code_and_source_name,r2788705,105.458964,30.3527871,admin_centre,null,null
510921,四川省,遂宁市,蓬溪县,official_identity_match,exact_code_and_source_name,r2788708,105.6967136,30.7654415,admin_centre,null,null
510923,四川省,遂宁市,大英县,official_identity_match,exact_code_and_source_name,r2788707,105.2335873,30.5973293,admin_centre,null,null
510981,四川省,遂宁市,射洪市,official_identity_match,exact_code_and_source_name,r2788709,105.3845733,30.8732461,admin_centre,null,null
511002,四川省,内江市,市中区,official_identity_match,exact_code_and_source_name,r2789478,105.0643426,29.5897652,admin_centre,null,null
511011,四川省,内江市,东兴区,official_identity_match,exact_code_and_source_name,r2789476,105.0733682,29.5962002,admin_centre,null,null
511024,四川省,内江市,威远县,official_identity_match,exact_code_and_source_name,r2789479,104.6659458,29.5303563,admin_centre,null,null
511025,四川省,内江市,资中县,official_identity_match,exact_code_and_source_name,r2789480,104.8494725,29.7675564,admin_centre,null,null
511083,四川省,内江市,隆昌市,official_identity_match,exact_code_and_source_name,r2789477,105.2870509,29.3407054,admin_centre,null,null
511102,四川省,乐山市,市中区,official_identity_match,exact_code_and_source_name,r2789890,103.7583159,29.558825,admin_centre,null,null
511111,四川省,乐山市,沙湾区,official_identity_match,exact_code_and_source_name,r2789889,103.5479561,29.4158337,admin_centre,null,null
511112,四川省,乐山市,五通桥区,official_identity_match,exact_code_and_source_name,r2789891,103.8152044,29.4083403,admin_centre,null,null
511113,四川省,乐山市,金口河区,official_identity_match,exact_code_and_source_name,r2789885,103.0749321,29.2487467,admin_centre,null,null
511123,四川省,乐山市,犍为县,official_identity_match,exact_code_and_source_name,r2789888,103.9436713,29.2113135,admin_centre,null,null
511124,四川省,乐山市,井研县,official_identity_match,exact_code_and_source_name,r2789884,104.0674826,29.653107,admin_centre,null,null
511126,四川省,乐山市,夹江县,official_identity_match,unique_name_and_parent_geometry,r2789883,103.5739165,29.7360197,admin_centre,null,null
511129,四川省,乐山市,沐川县,official_identity_match,unique_name_and_parent_geometry,r2789887,103.900516,28.9598352,admin_centre,null,null
511132,四川省,乐山市,峨边彝族自治县,official_identity_match,exact_code_and_source_name,r2789881,103.2602996,29.2328458,admin_centre,null,null
511133,四川省,乐山市,马边彝族自治县,official_identity_match,exact_code_and_source_name,r2789886,103.545669,28.8344341,admin_centre,null,null
511181,四川省,乐山市,峨眉山市,official_identity_match,exact_code_and_source_name,r2789882,103.48222,29.60173,admin_centre,null,null
511302,四川省,南充市,顺庆区,official_identity_match,exact_code_and_source_name,r2787933,106.0884675,30.7996601,admin_centre,null,null
511303,四川省,南充市,高坪区,official_identity_match,exact_code_and_source_name,r2787928,106.1147848,30.7838426,admin_centre,null,null
511304,四川省,南充市,嘉陵区,official_identity_match,unique_name_and_parent_geometry,r2787929,106.0678068,30.7610467,admin_centre,null,null
511321,四川省,南充市,南部县,official_identity_match,exact_code_and_source_name,r2787931,106.0325296,31.3495835,admin_centre,null,null
511322,四川省,南充市,营山县,official_identity_match,exact_code_and_source_name,r2787936,106.5751794,31.0790943,admin_centre,null,null
511323,四川省,南充市,蓬安县,official_identity_match,exact_code_and_source_name,r2787932,106.4053991,31.0363967,admin_centre,null,null
511324,四川省,南充市,仪陇县,official_identity_match,exact_code_and_source_name,r2787935,106.2993039,31.2721765,admin_centre,null,null
511325,四川省,南充市,西充县,official_identity_match,exact_code_and_source_name,r2787934,105.885841,31.0007609,admin_centre,null,null
511381,四川省,南充市,阆中市,official_identity_match,exact_code_and_source_name,r2787930,106.0014193,31.5593845,admin_centre,null,null
511402,四川省,眉山市,东坡区,official_identity_match,exact_code_and_source_name,r2789921,103.8311001,30.0450247,admin_centre,null,null
511403,四川省,眉山市,彭山区,official_identity_match,unique_name_and_parent_geometry,r2789923,103.8717011,30.1981104,admin_centre,null,null
511421,四川省,眉山市,仁寿县,official_identity_match,exact_code_and_source_name,r2789925,104.1479468,29.9984764,admin_centre,null,null
511423,四川省,眉山市,洪雅县,official_identity_match,exact_code_and_source_name,r2789922,103.3705187,29.9076422,admin_centre,null,null
511424,四川省,眉山市,丹棱县,official_identity_match,exact_code_and_source_name,r2789920,103.5159295,30.0150041,admin_centre,null,null
511425,四川省,眉山市,青神县,official_identity_match,exact_code_and_source_name,r2789924,103.8433972,29.8327442,admin_centre,null,null
511502,四川省,宜宾市,翠屏区,official_identity_match,unique_name_and_parent_geometry,r2791220,104.617174,28.7694264,admin_centre,null,null
511503,四川省,宜宾市,南溪区,official_identity_match,exact_code_and_source_name,r2791225,104.966609,28.8492149,admin_centre,null,null
511504,四川省,宜宾市,叙州区,official_identity_match,exact_code_and_source_name,r2791228,104.5306226,28.6934336,admin_centre,null,null
511523,四川省,宜宾市,江安县,official_identity_match,exact_code_and_source_name,r2791223,105.068298,28.733351,admin_centre,null,null
511524,四川省,宜宾市,长宁县,official_identity_match,exact_code_and_source_name,r2791219,104.9187489,28.5825621,admin_centre,null,null
511525,四川省,宜宾市,高县,official_identity_match,exact_code_and_source_name,r2791221,104.5141371,28.4398884,admin_centre,null,null
511526,四川省,宜宾市,珙县,official_identity_match,exact_code_and_source_name,r2791222,104.7081801,28.441991,admin_centre,null,null
511527,四川省,宜宾市,筠连县,official_identity_match,exact_code_and_source_name,r2791224,104.50931,28.1712649,admin_centre,null,null
511528,四川省,宜宾市,兴文县,official_identity_match,exact_code_and_source_name,r2791227,105.2330697,28.3071531,admin_centre,null,null
511529,四川省,宜宾市,屏山县,official_identity_match,exact_code_and_source_name,r2791226,104.3438145,28.831666,admin_centre,null,null
511602,四川省,广安市,广安区,official_identity_match,exact_code_and_source_name,r2787846,106.6372661,30.4769353,admin_centre,null,null
511603,四川省,广安市,前锋区,official_identity_match,exact_code_and_source_name,r8023117,106.6614892,30.4783301,admin_centre,null,null
511621,四川省,广安市,岳池县,official_identity_match,exact_code_and_source_name,r2787850,106.4418272,30.5365652,admin_centre,null,null
511622,四川省,广安市,武胜县,official_identity_match,exact_code_and_source_name,r2787849,106.2920853,30.3521154,admin_centre,null,null
511623,四川省,广安市,邻水县,official_identity_match,exact_code_and_source_name,r2787848,106.9261715,30.3374613,admin_centre,null,null
511681,四川省,广安市,华蓥市,official_identity_match,exact_code_and_source_name,r2787847,106.775599,30.3843078,admin_centre,null,null
511702,四川省,达州市,通川区,official_identity_match,exact_code_and_source_name,r2787738,107.4992652,31.2172897,admin_centre,null,null
511703,四川省,达州市,达川区,official_identity_match,exact_code_and_source_name,r2787734,107.5078704,31.1989633,admin_centre,null,null
511722,四川省,达州市,宣汉县,official_identity_match,exact_code_and_source_name,r2787740,107.7091787,31.3612317,admin_centre,null,null
511723,四川省,达州市,开江县,official_identity_match,exact_code_and_source_name,r2787736,107.8572274,31.0914349,admin_centre,null,null
511724,四川省,达州市,大竹县,official_identity_match,exact_code_and_source_name,r2787735,107.2067769,30.7398763,admin_centre,null,null
511725,四川省,达州市,渠县,official_identity_match,exact_code_and_source_name,r2787737,106.9688186,30.8393483,admin_centre,null,null
511781,四川省,达州市,万源市,official_identity_match,exact_code_and_source_name,r2787739,108.0359623,32.0716413,admin_centre,null,null
511802,四川省,雅安市,雨城区,official_identity_match,exact_code_and_source_name,r2789730,103.0305271,30.0084554,admin_centre,null,null
511803,四川省,雅安市,名山区,official_identity_match,unique_name_and_parent_geometry,r2789726,103.1070325,30.0722511,admin_centre,null,null
511822,四川省,雅安市,荥经县,official_identity_match,exact_code_and_source_name,r2789729,102.8451633,29.7955539,admin_centre,null,null
511823,四川省,雅安市,汉源县,official_identity_match,exact_code_and_source_name,r2789724,102.6390991,29.3496596,admin_centre,null,null
511824,四川省,雅安市,石棉县,official_identity_match,exact_code_and_source_name,r2789727,102.3567296,29.2308617,admin_centre,null,null
511825,四川省,雅安市,天全县,official_identity_match,exact_code_and_source_name,r2789728,102.7605339,30.0643402,admin_centre,null,null
511826,四川省,雅安市,芦山县,official_identity_match,exact_code_and_source_name,r2789725,102.9323973,30.1474811,admin_centre,null,null
511827,四川省,雅安市,宝兴县,official_identity_match,exact_code_and_source_name,r2789723,102.8233367,30.2553517,admin_centre,null,null
511902,四川省,巴中市,巴州区,official_identity_match,exact_code_and_source_name,r2787654,106.764686,31.8537757,admin_centre,null,null
511903,四川省,巴中市,恩阳区,official_identity_match,exact_code_and_source_name,r8022755,106.6338257,31.7923297,admin_centre,null,null
511921,四川省,巴中市,通江县,official_identity_match,exact_code_and_source_name,r2787657,107.2442094,31.915419,admin_centre,null,null
511922,四川省,巴中市,南江县,official_identity_match,exact_code_and_source_name,r2787655,106.8236221,32.3487944,admin_centre,null,null
511923,四川省,巴中市,平昌县,official_identity_match,exact_code_and_source_name,r2787656,107.0978205,31.5640466,admin_centre,null,null
512002,四川省,资阳市,雁江区,official_identity_match,exact_code_and_source_name,r2788723,104.6467977,30.1248239,admin_centre,null,null
512021,四川省,资阳市,安岳县,official_identity_match,exact_code_and_source_name,r2788720,105.3511964,30.1041303,admin_centre,null,null
512022,四川省,资阳市,乐至县,official_identity_match,exact_code_and_source_name,r2788722,105.0224502,30.2755771,admin_centre,null,null
513201,四川省,阿坝藏族羌族自治州,马尔康市,official_identity_match,exact_code_and_source_name,r2785344,102.2201655,31.9021727,admin_centre,null,null
513221,四川省,阿坝藏族羌族自治州,汶川县,official_identity_match,exact_code_and_source_name,r2110260,103.5823756,31.4800844,admin_centre,null,null
513222,四川省,阿坝藏族羌族自治州,理县,official_identity_match,exact_code_and_source_name,r2110258,103.1654927,31.4385338,admin_centre,null,null
513223,四川省,阿坝藏族羌族自治州,茂县,official_identity_match,exact_code_and_source_name,r2139336,103.8507078,31.6835061,admin_centre,null,null
513224,四川省,阿坝藏族羌族自治州,松潘县,official_identity_match,exact_code_and_source_name,r2785348,103.6021504,32.6578735,admin_centre,null,null
513225,四川省,阿坝藏族羌族自治州,九寨沟县,official_identity_match,exact_code_and_source_name,r2111958,104.2411839,33.2536259,admin_centre,null,null
513226,四川省,阿坝藏族羌族自治州,金川县,official_identity_match,exact_code_and_source_name,r2785347,102.0624213,31.4785323,admin_centre,null,null
513227,四川省,阿坝藏族羌族自治州,小金县,official_identity_match,exact_code_and_source_name,r2116633,102.3609841,30.998467,admin_centre,null,null
513228,四川省,阿坝藏族羌族自治州,黑水县,official_identity_match,exact_code_and_source_name,r2785345,102.9875776,32.0650546,admin_centre,null,null
513230,四川省,阿坝藏族羌族自治州,壤塘县,official_identity_match,exact_code_and_source_name,r2785349,100.9771065,32.2679589,admin_centre,null,null
513231,四川省,阿坝藏族羌族自治州,阿坝县,official_identity_match,exact_code_and_source_name,r2785343,101.7023311,32.905775,admin_centre,null,null
513232,四川省,阿坝藏族羌族自治州,若尔盖县,official_identity_match,exact_code_and_source_name,r2785350,102.9640249,33.5759002,admin_centre,null,null
513233,四川省,阿坝藏族羌族自治州,红原县,official_identity_match,exact_code_and_source_name,r2785346,102.5426571,32.7930454,admin_centre,null,null
513301,四川省,甘孜藏族自治州,康定市,official_identity_match,exact_code_and_source_name,r2785527,101.9545581,30.0002558,admin_centre,null,null
513322,四川省,甘孜藏族自治州,泸定县,official_identity_match,exact_code_and_source_name,r2785529,102.2314418,29.9145514,admin_centre,null,null
513323,四川省,甘孜藏族自治州,丹巴县,official_identity_match,exact_code_and_source_name,r2785520,101.8832983,30.879309,admin_centre,null,null
513324,四川省,甘孜藏族自治州,九龙县,official_identity_match,exact_code_and_source_name,r2785526,101.5055715,29.0033649,admin_centre,null,null
513325,四川省,甘孜藏族自治州,雅江县,official_identity_match,exact_code_and_source_name,r2785535,101.0139231,30.0351362,admin_centre,null,null
513326,四川省,甘孜藏族自治州,道孚县,official_identity_match,exact_code_and_source_name,r2785522,101.1235983,30.9790912,admin_centre,null,null
513327,四川省,甘孜藏族自治州,炉霍县,official_identity_match,exact_code_and_source_name,r2785530,100.6747598,31.3995412,admin_centre,null,null
513328,四川省,甘孜藏族自治州,甘孜县,official_identity_match,exact_code_and_source_name,r2785525,99.9908596,31.6244492,admin_centre,null,null
513329,四川省,甘孜藏族自治州,新龙县,official_identity_match,exact_code_and_source_name,r2785534,100.3103104,30.9410338,admin_centre,null,null
513330,四川省,甘孜藏族自治州,德格县,official_identity_match,exact_code_and_source_name,r2785523,98.5806748,31.8089043,admin_centre,null,null
513331,四川省,甘孜藏族自治州,白玉县,official_identity_match,exact_code_and_source_name,r2785519,98.8225333,31.2128469,admin_centre,null,null
513332,四川省,甘孜藏族自治州,石渠县,official_identity_match,exact_code_and_source_name,r2785532,98.1000585,32.9784563,admin_centre,null,null
513333,四川省,甘孜藏族自治州,色达县,official_identity_match,exact_code_and_source_name,r2785531,100.3300612,32.2711437,admin_centre,null,null
513334,四川省,甘孜藏族自治州,理塘县,official_identity_match,exact_code_and_source_name,r2785528,100.2674294,29.9939782,admin_centre,null,null
513335,四川省,甘孜藏族自治州,巴塘县,official_identity_match,exact_code_and_source_name,r2186990,99.1123731,30.0101197,admin_centre,null,null
513336,四川省,甘孜藏族自治州,乡城县,official_identity_match,exact_code_and_source_name,r2785533,99.801197,28.9333862,admin_centre,null,null
513337,四川省,甘孜藏族自治州,稻城县,official_identity_match,exact_code_and_source_name,r2785521,100.296902,29.040849,admin_centre,null,null
513338,四川省,甘孜藏族自治州,得荣县,official_identity_match,exact_code_and_source_name,r2785524,99.2853717,28.715894,admin_centre,null,null
513401,四川省,凉山彝族自治州,西昌市,official_identity_match,exact_code_and_source_name,r2786746,102.2627456,27.898547,admin_centre,null,null
513402,四川省,凉山彝族自治州,会理市,official_identity_match,exact_code_and_source_name,r2189949,102.2438732,26.6600172,admin_centre,null,null
513422,四川省,凉山彝族自治州,木里藏族自治县,official_identity_match,exact_code_and_source_name,r2786744,101.2787073,27.9291894,admin_centre,null,null
513423,四川省,凉山彝族自治州,盐源县,official_identity_match,exact_code_and_source_name,r2786748,101.4481497,27.6307777,label,null,null
513424,四川省,凉山彝族自治州,德昌县,official_identity_match,exact_code_and_source_name,r2786738,102.1751493,27.4057218,label,null,null
513426,四川省,凉山彝族自治州,会东县,official_identity_match,exact_code_and_source_name,r2189948,102.7498702,26.5670195,label,null,null
513427,四川省,凉山彝族自治州,宁南县,official_identity_match,exact_code_and_source_name,r2189950,102.7275292,27.0988731,label,null,null
513428,四川省,凉山彝族自治州,普格县,official_identity_match,exact_code_and_source_name,r2786745,102.5630317,27.5938218,label,null,null
513429,四川省,凉山彝族自治州,布拖县,official_identity_match,exact_code_and_source_name,r2786737,102.8769192,27.5983781,label,null,null
513430,四川省,凉山彝族自治州,金阳县,official_identity_match,exact_code_and_source_name,r2786740,103.194173,27.6717763,label,null,null
513431,四川省,凉山彝族自治州,昭觉县,official_identity_match,exact_code_and_source_name,r2786750,102.8251836,28.0609541,label,null,null
513432,四川省,凉山彝族自治州,喜德县,official_identity_match,exact_code_and_source_name,r2786747,102.4353953,28.1789524,label,null,null
513433,四川省,凉山彝族自治州,冕宁县,official_identity_match,exact_code_and_source_name,r2786743,102.1701295,28.5514647,label,null,null
513434,四川省,凉山彝族自治州,越西县,official_identity_match,exact_code_and_source_name,r2786749,102.5042019,28.6454292,label,null,null
513435,四川省,凉山彝族自治州,甘洛县,official_identity_match,exact_code_and_source_name,r2786739,102.7745431,28.9759982,admin_centre,null,null
513436,四川省,凉山彝族自治州,美姑县,official_identity_match,exact_code_and_source_name,r2786742,103.1315006,28.3321277,admin_centre,null,null
513437,四川省,凉山彝族自治州,雷波县,official_identity_match,exact_code_and_source_name,r2786741,103.5697167,28.266243,admin_centre,null,null
520102,贵州省,贵阳市,南明区,official_identity_match,unique_name_and_parent_geometry,r2783470,106.7076913,26.5724864,label,null,null
520103,贵州省,贵阳市,云岩区,official_identity_match,unique_name_and_parent_geometry,r2783475,106.7205994,26.6079969,label,null,null
520111,贵州省,贵阳市,花溪区,official_identity_match,unique_name_and_parent_geometry,r2783468,106.6666173,26.4143943,admin_centre,null,null
520112,贵州省,贵阳市,乌当区,official_identity_match,unique_name_and_parent_geometry,r2783472,106.7493435,26.6336497,admin_centre,null,null
520113,贵州省,贵阳市,白云区,official_identity_match,unique_name_and_parent_geometry,r2783466,106.6192162,26.6817444,admin_centre,null,null
520115,贵州省,贵阳市,观山湖区,official_identity_match,exact_code_and_source_name,r2783467,106.595038,26.6196131,label,null,null
520121,贵州省,贵阳市,开阳县,official_identity_match,unique_name_and_parent_geometry,r2783469,106.960865,27.0611561,admin_centre,null,null
520122,贵州省,贵阳市,息烽县,official_identity_match,unique_name_and_parent_geometry,r2783473,106.7339963,27.0958171,admin_centre,null,null
520123,贵州省,贵阳市,修文县,official_identity_match,exact_code_and_source_name,r2783474,106.5921431,26.8434194,admin_centre,null,null
520181,贵州省,贵阳市,清镇市,official_identity_match,exact_code_and_source_name,r2783471,106.4669025,26.5587236,admin_centre,null,null
520201,贵州省,六盘水市,钟山区,official_identity_match,exact_code_and_source_name,r2780190,104.8413016,26.5785843,label,null,null
520203,贵州省,六盘水市,六枝特区,official_identity_match,exact_code_and_source_name,r2780187,105.4717807,26.2041858,admin_centre,null,null
520204,贵州省,六盘水市,水城区,official_identity_match,exact_code_and_source_name,r2780189,104.9551167,26.5511613,admin_centre,null,null
520281,贵州省,六盘水市,盘州市,official_identity_match,exact_code_and_source_name,r2780188,104.4703816,25.7223659,admin_centre,null,null
520302,贵州省,遵义市,红花岗区,official_identity_match,unique_name_and_parent_geometry,r2778859,106.8894967,27.6485464,admin_centre,null,null
520303,贵州省,遵义市,汇川区,official_identity_match,exact_code_and_source_name,r2778880,106.9300732,27.753498,admin_centre,null,null
520304,贵州省,遵义市,播州区,official_identity_match,exact_code_and_source_name,r2778811,106.8298231,27.5390078,admin_centre,null,null
520322,贵州省,遵义市,桐梓县,official_identity_match,exact_code_and_source_name,r2778862,106.822,28.1368,admin_centre,null,null
520323,贵州省,遵义市,绥阳县,official_identity_match,exact_code_and_source_name,r2778861,107.1865461,27.9501933,admin_centre,null,null
520324,贵州省,遵义市,正安县,official_identity_match,exact_code_and_source_name,r2778865,107.449628,28.556647,admin_centre,null,null
520325,贵州省,遵义市,道真仡佬族苗族自治县,official_identity_match,exact_code_and_source_name,r2778857,107.599071,28.8837955,admin_centre,null,null
520326,贵州省,遵义市,务川仡佬族苗族自治县,official_identity_match,unique_name_and_parent_geometry,r2778863,107.8837194,28.5256795,admin_centre,null,null
520327,贵州省,遵义市,凤冈县,official_identity_match,exact_code_and_source_name,r2778858,107.7139667,27.965387,admin_centre,null,null
520328,贵州省,遵义市,湄潭县,official_identity_match,exact_code_and_source_name,r2778860,107.4574781,27.7511209,admin_centre,null,null
520329,贵州省,遵义市,余庆县,official_identity_match,unique_name_and_parent_geometry,r2778864,107.9007404,27.2198535,admin_centre,null,null
520330,贵州省,遵义市,习水县,official_identity_match,exact_code_and_source_name,r2778810,106.2205113,28.3122352,admin_centre,null,null
520381,贵州省,遵义市,赤水市,official_identity_match,exact_code_and_source_name,r2778808,105.6943443,28.5928277,admin_centre,null,null
520382,贵州省,遵义市,仁怀市,official_identity_match,unique_name_and_parent_geometry,r2778809,106.3975186,27.7951367,admin_centre,null,null
520402,贵州省,安顺市,西秀区,official_identity_match,exact_code_and_source_name,r2782248,105.9621223,26.2480954,label,null,null
520403,贵州省,安顺市,平坝区,official_identity_match,exact_code_and_source_name,r2782247,106.2532711,26.4100858,admin_centre,null,null
520422,贵州省,安顺市,普定县,official_identity_match,exact_code_and_source_name,r2782275,105.7396674,26.3052109,admin_centre,null,null
520423,贵州省,安顺市,镇宁布依族苗族自治县,official_identity_match,exact_code_and_source_name,r2782276,105.766097,26.0601755,admin_centre,null,null
520424,贵州省,安顺市,关岭布依族苗族自治县,official_identity_match,exact_code_and_source_name,r2782274,105.6174617,25.946791,admin_centre,null,null
520425,贵州省,安顺市,紫云苗族布依族自治县,official_identity_match,exact_code_and_source_name,r2782277,106.0805656,25.75387,label,null,null
520502,贵州省,毕节市,七星关区,official_identity_match,exact_code_and_source_name,r2780071,105.301895,27.3016217,admin_centre,null,null
520521,贵州省,毕节市,大方县,official_identity_match,exact_code_and_source_name,r2780066,105.6003223,27.1495528,admin_centre,null,null
520523,贵州省,毕节市,金沙县,official_identity_match,exact_code_and_source_name,r2780068,106.2167187,27.4625458,admin_centre,null,null
520524,贵州省,毕节市,织金县,official_identity_match,exact_code_and_source_name,r2780073,105.766696,26.6672549,admin_centre,null,null
520525,贵州省,毕节市,纳雍县,official_identity_match,exact_code_and_source_name,r2780069,105.3776485,26.7763735,admin_centre,null,null
520526,贵州省,毕节市,威宁彝族回族苗族自治县,official_identity_match,exact_code_and_source_name,r2780072,104.2839533,26.8658716,admin_centre,null,null
520527,贵州省,毕节市,赫章县,official_identity_match,exact_code_and_source_name,r2780067,104.7223246,27.1196771,admin_centre,null,null
520581,贵州省,毕节市,黔西市,official_identity_match,exact_code_and_source_name,r2780070,106.0346469,27.0272531,admin_centre,null,null
520602,贵州省,铜仁市,碧江区,official_identity_match,exact_code_and_source_name,r2778213,109.2609112,27.8182643,admin_centre,null,null
520603,贵州省,铜仁市,万山区,official_identity_match,unique_name_and_parent_geometry,r2778219,109.1765871,27.6947016,admin_centre,null,null
520621,贵州省,铜仁市,江口县,official_identity_match,exact_code_and_source_name,r2778215,108.8351102,27.7027003,admin_centre,null,null
520622,贵州省,铜仁市,玉屏侗族自治县,official_identity_match,exact_code_and_source_name,r2778222,108.9028574,27.238875,admin_centre,null,null
520623,贵州省,铜仁市,石阡县,official_identity_match,exact_code_and_source_name,r2778216,108.2148546,27.5096513,admin_centre,null,null
520624,贵州省,铜仁市,思南县,official_identity_match,exact_code_and_source_name,r2778217,108.2487231,27.9422268,admin_centre,null,null
520625,贵州省,铜仁市,印江土家族苗族自治县,official_identity_match,exact_code_and_source_name,r2778221,108.4056876,27.9966567,admin_centre,null,null
520626,贵州省,铜仁市,德江县,official_identity_match,exact_code_and_source_name,r2778214,108.1159113,28.2672358,admin_centre,null,null
520627,贵州省,铜仁市,沿河土家族自治县,official_identity_match,exact_code_and_source_name,r2778220,108.4981691,28.5676983,admin_centre,null,null
520628,贵州省,铜仁市,松桃苗族自治县,official_identity_match,exact_code_and_source_name,r2778218,109.1980785,28.1586075,admin_centre,null,null
522301,贵州省,黔西南布依族苗族自治州,兴义市,official_identity_match,exact_code_and_source_name,r2781289,104.8930671,25.0949483,admin_centre,null,null
522302,贵州省,黔西南布依族苗族自治州,兴仁市,official_identity_match,exact_code_and_source_name,r2781288,105.1910874,25.4362017,admin_centre,null,null
522323,贵州省,黔西南布依族苗族自治州,普安县,official_identity_match,exact_code_and_source_name,r2781285,104.9507944,25.7875307,admin_centre,null,null
522324,贵州省,黔西南布依族苗族自治州,晴隆县,official_identity_match,exact_code_and_source_name,r2781286,105.2158078,25.8380617,label,null,null
522325,贵州省,黔西南布依族苗族自治州,贞丰县,official_identity_match,unique_name_and_parent_geometry,r2781290,105.6359304,25.3933967,admin_centre,null,null
522326,贵州省,黔西南布依族苗族自治州,望谟县,official_identity_match,unique_name_and_parent_geometry,r2781287,106.0753019,25.187316,admin_centre,null,null
522327,贵州省,黔西南布依族苗族自治州,册亨县,official_identity_match,unique_name_and_parent_geometry,r2781284,105.8124035,24.9842555,admin_centre,null,null
522328,贵州省,黔西南布依族苗族自治州,安龙县,official_identity_match,exact_code_and_source_name,r2781283,105.4606866,25.1038434,admin_centre,null,null
522601,贵州省,黔东南苗族侗族自治州,凯里市,official_identity_match,unique_name_and_parent_geometry,r2777838,107.9769525,26.5710542,admin_centre,null,null
522622,贵州省,黔东南苗族侗族自治州,黄平县,official_identity_match,exact_code_and_source_name,r2777835,107.9125748,26.9088148,admin_centre,null,null
522623,贵州省,黔东南苗族侗族自治州,施秉县,official_identity_match,exact_code_and_source_name,r2777843,108.1200584,27.0365045,admin_centre,null,null
522624,贵州省,黔东南苗族侗族自治州,三穗县,official_identity_match,exact_code_and_source_name,r2777842,108.6715326,26.9570942,admin_centre,null,null
522625,贵州省,黔东南苗族侗族自治州,镇远县,official_identity_match,exact_code_and_source_name,r2777846,108.45421,27.134993,label,null,null
522626,贵州省,黔东南苗族侗族自治州,岑巩县,official_identity_match,exact_code_and_source_name,r2777832,108.8119683,27.1768801,admin_centre,null,null
522627,贵州省,黔东南苗族侗族自治州,天柱县,official_identity_match,unique_name_and_parent_geometry,r2777845,109.2034226,26.9130012,admin_centre,null,null
522628,贵州省,黔东南苗族侗族自治州,锦屏县,official_identity_match,unique_name_and_parent_geometry,r2777837,109.1938575,26.6774641,label,null,null
522629,贵州省,黔东南苗族侗族自治州,剑河县,official_identity_match,exact_code_and_source_name,r2777836,108.4509293,26.7332228,admin_centre,null,null
522630,贵州省,黔东南苗族侗族自治州,台江县,official_identity_match,exact_code_and_source_name,r2777844,108.30952,26.6726873,admin_centre,null,null
522631,贵州省,黔东南苗族侗族自治州,黎平县,official_identity_match,unique_name_and_parent_geometry,r2777840,109.1307571,26.2355243,admin_centre,null,null
522632,贵州省,黔东南苗族侗族自治州,榕江县,official_identity_match,exact_code_and_source_name,r2777841,108.5176298,25.9350244,admin_centre,null,null
522633,贵州省,黔东南苗族侗族自治州,从江县,official_identity_match,exact_code_and_source_name,r2777833,108.9012557,25.7573061,admin_centre,null,null
522634,贵州省,黔东南苗族侗族自治州,雷山县,official_identity_match,exact_code_and_source_name,r2777839,108.0753069,26.3825439,admin_centre,null,null
522635,贵州省,黔东南苗族侗族自治州,麻江县,official_identity_match,exact_code_and_source_name,r2099452,107.5888893,26.4965663,admin_centre,null,null
522636,贵州省,黔东南苗族侗族自治州,丹寨县,official_identity_match,unique_name_and_parent_geometry,r2777834,107.7860187,26.2021728,admin_centre,null,null
522701,贵州省,黔南布依族苗族自治州,都匀市,official_identity_match,exact_code_and_source_name,r2777416,107.4526239,26.1908679,label,null,null
522702,贵州省,黔南布依族苗族自治州,福泉市,official_identity_match,exact_code_and_source_name,r2777417,107.5085612,26.7046919,admin_centre,null,null
522722,贵州省,黔南布依族苗族自治州,荔波县,official_identity_match,exact_code_and_source_name,r4425368,107.8800107,25.4153,admin_centre,null,null
522723,贵州省,黔南布依族苗族自治州,贵定县,official_identity_match,unique_name_and_parent_geometry,r2777418,107.187411,26.39759,label,null,null
522725,贵州省,黔南布依族苗族自治州,瓮安县,official_identity_match,exact_code_and_source_name,r2777424,107.4679442,27.0836755,admin_centre,null,null
522726,贵州省,黔南布依族苗族自治州,独山县,official_identity_match,unique_name_and_parent_geometry,r2777415,107.5357402,25.8275471,admin_centre,null,null
522727,贵州省,黔南布依族苗族自治州,平塘县,official_identity_match,exact_code_and_source_name,r2777422,107.3185885,25.8350048,admin_centre,null,null
522728,贵州省,黔南布依族苗族自治州,罗甸县,official_identity_match,exact_code_and_source_name,r2777421,106.7477308,25.4278237,admin_centre,null,null
522729,贵州省,黔南布依族苗族自治州,长顺县,official_identity_match,exact_code_and_source_name,r2777414,106.4372494,26.0064625,admin_centre,null,null
522730,贵州省,黔南布依族苗族自治州,龙里县,official_identity_match,exact_code_and_source_name,r2777420,106.9793698,26.4548984,admin_centre,null,null
522731,贵州省,黔南布依族苗族自治州,惠水县,official_identity_match,exact_code_and_source_name,r2777419,106.6526874,26.1340725,admin_centre,null,null
522732,贵州省,黔南布依族苗族自治州,三都水族自治县,official_identity_match,unique_name_and_parent_geometry,r2777423,107.8704841,25.9884537,admin_centre,null,null
530102,云南省,昆明市,五华区,official_identity_match,exact_code_and_source_name,r2723925,102.7058062,25.0464608,admin_centre,null,null
530103,云南省,昆明市,盘龙区,official_identity_match,exact_code_and_source_name,r2723924,102.7504397,25.1188687,admin_centre,null,null
530111,云南省,昆明市,官渡区,official_identity_match,exact_code_and_source_name,r2723923,102.7418768,25.0178343,admin_centre,null,null
530112,云南省,昆明市,西山区,official_identity_match,unique_name_and_parent_geometry,r2723926,102.6649565,25.0411094,admin_centre,null,null
530113,云南省,昆明市,东川区,official_identity_match,exact_code_and_source_name,r2723828,103.0615453,26.1050432,label,null,null
530114,云南省,昆明市,呈贡区,official_identity_match,exact_code_and_source_name,r2723827,102.8207599,24.8885797,label,null,null
530115,云南省,昆明市,晋宁区,official_identity_match,exact_code_and_source_name,r2723829,102.5941077,24.6724698,admin_centre,null,null
530124,云南省,昆明市,富民县,official_identity_match,exact_code_and_source_name,r2723595,102.4976779,25.2220812,admin_centre,null,null
530125,云南省,昆明市,宜良县,official_identity_match,exact_code_and_source_name,r2723834,103.1394016,24.9240149,admin_centre,null,null
530126,云南省,昆明市,石林彝族自治县,official_identity_match,exact_code_and_source_name,r2723830,103.2717417,24.7567888,admin_centre,null,null
530127,云南省,昆明市,嵩明县,official_identity_match,exact_code_and_source_name,r2723831,103.0362089,25.3340734,admin_centre,null,null
530128,云南省,昆明市,禄劝彝族苗族自治县,official_identity_match,exact_code_and_source_name,r2723596,102.4693459,25.5535459,admin_centre,null,null
530129,云南省,昆明市,寻甸回族彝族自治县,official_identity_match,exact_code_and_source_name,r2723833,103.2563302,25.5601328,admin_centre,null,null
530181,云南省,昆明市,安宁市,official_identity_match,exact_code_and_source_name,r2723594,102.4844287,24.9248708,admin_centre,null,null
530302,云南省,曲靖市,麒麟区,official_identity_match,exact_code_and_source_name,r2718629,103.8030844,25.4979458,admin_centre,null,null
530303,云南省,曲靖市,沾益区,official_identity_match,exact_code_and_source_name,r2718632,103.8219637,25.6082057,admin_centre,null,null
530304,云南省,曲靖市,马龙区,official_identity_match,exact_code_and_source_name,r2718628,103.578288,25.4324233,admin_centre,null,null
530322,云南省,曲靖市,陆良县,official_identity_match,exact_code_and_source_name,r2718626,103.6622775,25.0314329,admin_centre,null,null
530323,云南省,曲靖市,师宗县,official_identity_match,exact_code_and_source_name,r2718630,103.9823935,24.8255652,admin_centre,null,null
530324,云南省,曲靖市,罗平县,official_identity_match,exact_code_and_source_name,r2718627,104.305345,24.8887552,admin_centre,null,null
530325,云南省,曲靖市,富源县,official_identity_match,exact_code_and_source_name,r2718624,104.2535268,25.6741656,admin_centre,null,null
530326,云南省,曲靖市,会泽县,official_identity_match,unique_name_and_parent_geometry,r2718625,103.2907533,26.4164702,admin_centre,null,null
530381,云南省,曲靖市,宣威市,official_identity_match,exact_code_and_source_name,r2718631,104.1021323,26.2230471,admin_centre,null,null
530402,云南省,玉溪市,红塔区,official_identity_match,exact_code_and_source_name,r2723533,102.539067,24.3441715,admin_centre,null,null
530403,云南省,玉溪市,江川区,official_identity_match,exact_code_and_source_name,r2723535,102.7516934,24.2936919,admin_centre,null,null
530423,云南省,玉溪市,通海县,official_identity_match,exact_code_and_source_name,r2723536,102.7584976,24.1130321,admin_centre,null,null
530424,云南省,玉溪市,华宁县,official_identity_match,exact_code_and_source_name,r2723534,102.9273706,24.195823,admin_centre,null,null
530425,云南省,玉溪市,易门县,official_identity_match,exact_code_and_source_name,r2723538,102.1601713,24.6757092,admin_centre,null,null
530426,云南省,玉溪市,峨山彝族自治县,official_identity_match,exact_code_and_source_name,r2723532,102.4054263,24.1793001,admin_centre,null,null
530427,云南省,玉溪市,新平彝族傣族自治县,official_identity_match,exact_code_and_source_name,r2723537,101.9890734,24.0694221,admin_centre,null,null
530428,云南省,玉溪市,元江哈尼族彝族傣族自治县,official_identity_match,exact_code_and_source_name,r2723539,102.0099477,23.5991471,admin_centre,null,null
530481,云南省,玉溪市,澄江市,official_identity_match,exact_code_and_source_name,r2723531,102.9027535,24.6784157,admin_centre,null,null
530502,云南省,保山市,隆阳区,official_identity_match,exact_code_and_source_name,r2727143,99.1645127,25.1241686,admin_centre,null,null
530521,云南省,保山市,施甸县,official_identity_match,exact_code_and_source_name,r2727144,99.1868842,24.7292692,admin_centre,null,null
530523,云南省,保山市,龙陵县,official_identity_match,exact_code_and_source_name,r2727142,98.691252,24.5961792,admin_centre,null,null
530524,云南省,保山市,昌宁县,official_identity_match,exact_code_and_source_name,r2725432,99.6104198,24.8256972,admin_centre,null,null
530581,云南省,保山市,腾冲市,official_identity_match,exact_code_and_source_name,r2727145,98.4936839,25.0283988,admin_centre,null,null
530602,云南省,昭通市,昭阳区,official_identity_match,exact_code_and_source_name,r2402036,103.7039262,27.3236062,label,null,null
530621,云南省,昭通市,鲁甸县,official_identity_match,exact_code_and_source_name,r2402646,103.5538604,27.1906108,admin_centre,null,null
530622,云南省,昭通市,巧家县,official_identity_match,exact_code_and_source_name,r2402647,102.924507,26.9206998,admin_centre,null,null
530623,云南省,昭通市,盐津县,official_identity_match,exact_code_and_source_name,r2402045,104.2329307,28.1125819,admin_centre,null,null
530624,云南省,昭通市,大关县,official_identity_match,exact_code_and_source_name,r2402020,103.8911241,27.75125,admin_centre,null,null
530625,云南省,昭通市,永善县,official_identity_match,exact_code_and_source_name,r2402060,103.6346693,28.2387361,admin_centre,null,null
530626,云南省,昭通市,绥江县,official_identity_match,exact_code_and_source_name,r2402649,103.9692914,28.597726,admin_centre,null,null
530627,云南省,昭通市,镇雄县,official_identity_match,exact_code_and_source_name,r2402010,104.8677643,27.4340212,admin_centre,null,null
530628,云南省,昭通市,彝良县,official_identity_match,exact_code_and_source_name,r2402004,104.0538037,27.6272996,admin_centre,null,null
530629,云南省,昭通市,威信县,official_identity_match,exact_code_and_source_name,r2402040,105.0410075,27.8473674,admin_centre,null,null
530681,云南省,昭通市,水富市,official_identity_match,exact_code_and_source_name,r2402648,104.4084526,28.6366265,admin_centre,null,null
530702,云南省,丽江市,古城区,official_identity_match,exact_code_and_source_name,r2729824,100.2245593,26.8806477,admin_centre,null,null
530721,云南省,丽江市,玉龙纳西族自治县,official_identity_match,exact_code_and_source_name,r2729828,100.2350414,26.8265328,admin_centre,null,null
530722,云南省,丽江市,永胜县,official_identity_match,exact_code_and_source_name,r2729827,100.7487354,26.6930499,admin_centre,null,null
530723,云南省,丽江市,华坪县,official_identity_match,exact_code_and_source_name,r2729825,101.2628982,26.6318811,admin_centre,null,null
530724,云南省,丽江市,宁蒗彝族自治县,official_identity_match,exact_code_and_source_name,r2729826,100.8474839,27.2819067,admin_centre,null,null
530802,云南省,普洱市,思茅区,official_identity_match,exact_code_and_source_name,r2716233,100.9758353,22.7896269,admin_centre,null,null
530821,云南省,普洱市,宁洱哈尼族彝族自治县,official_identity_match,unique_name_and_parent_geometry,r2716376,101.0416307,23.0629928,admin_centre,null,null
530822,云南省,普洱市,墨江哈尼族自治县,official_identity_match,exact_code_and_source_name,r2716375,101.682329,23.4276537,admin_centre,null,null
530823,云南省,普洱市,景东彝族自治县,official_identity_match,unique_name_and_parent_geometry,r2716373,100.8378793,24.4521201,admin_centre,null,null
530824,云南省,普洱市,景谷傣族彝族自治县,official_identity_match,unique_name_and_parent_geometry,r2716374,100.7040098,23.4985146,admin_centre,null,null
530825,云南省,普洱市,镇沅彝族哈尼族拉祜族自治县,official_identity_match,exact_code_and_source_name,r2716377,101.1103703,24.0073101,admin_centre,null,null
530826,云南省,普洱市,江城哈尼族彝族自治县,official_identity_match,exact_code_and_source_name,r2716218,101.8592742,22.5874652,admin_centre,null,null
530827,云南省,普洱市,孟连傣族拉祜族佤族自治县,official_identity_match,exact_code_and_source_name,r2716241,99.5917207,22.3287763,admin_centre,null,null
530828,云南省,普洱市,澜沧拉祜族自治县,official_identity_match,exact_code_and_source_name,r2715426,99.9275508,22.5566223,admin_centre,null,null
530829,云南省,普洱市,西盟佤族自治县,official_identity_match,exact_code_and_source_name,r2716254,99.5932044,22.6470309,admin_centre,null,null
530902,云南省,临沧市,临翔区,official_identity_match,exact_code_and_source_name,r2726304,100.0819288,23.8968236,label,null,null
530921,云南省,临沧市,凤庆县,official_identity_match,exact_code_and_source_name,r2726017,99.9085952,24.5972728,admin_centre,null,null
530922,云南省,临沧市,云县,official_identity_match,exact_code_and_source_name,r2726023,100.1312339,24.4400581,admin_centre,null,null
530923,云南省,临沧市,永德县,official_identity_match,exact_code_and_source_name,r2726022,99.2573316,24.0276877,admin_centre,null,null
530924,云南省,临沧市,镇康县,official_identity_match,exact_code_and_source_name,r2726024,98.824932,23.7612562,admin_centre,null,null
530925,云南省,临沧市,双江拉祜族佤族布朗族傣族自治县,official_identity_match,unique_name_and_parent_geometry,r2726021,99.8238304,23.4757901,admin_centre,null,null
530926,云南省,临沧市,耿马傣族佤族自治县,official_identity_match,exact_code_and_source_name,r2726018,99.4003835,23.5348139,admin_centre,null,null
530927,云南省,临沧市,沧源佤族自治县,official_identity_match,exact_code_and_source_name,r2726016,99.2445157,23.1503138,admin_centre,null,null
532301,云南省,楚雄彝族自治州,楚雄市,official_identity_match,exact_code_and_source_name,r2727332,101.5446219,25.0359139,admin_centre,null,null
532302,云南省,楚雄彝族自治州,禄丰市,official_identity_match,exact_code_and_source_name,r2727334,102.0772106,25.1524346,admin_centre,null,null
532322,云南省,楚雄彝族自治州,双柏县,official_identity_match,exact_code_and_source_name,r2727337,101.6408636,24.6920331,admin_centre,null,null
532323,云南省,楚雄彝族自治州,牟定县,official_identity_match,exact_code_and_source_name,r2727335,101.545526,25.3156588,admin_centre,null,null
532324,云南省,楚雄彝族自治州,南华县,official_identity_match,exact_code_and_source_name,r2727336,101.2719819,25.1951959,admin_centre,null,null
532325,云南省,楚雄彝族自治州,姚安县,official_identity_match,exact_code_and_source_name,r2727339,101.2401379,25.5074574,admin_centre,null,null
532326,云南省,楚雄彝族自治州,大姚县,official_identity_match,exact_code_and_source_name,r2727333,101.322128,25.7247294,admin_centre,null,null
532327,云南省,楚雄彝族自治州,永仁县,official_identity_match,unique_name_and_parent_geometry,r2727340,101.6683181,26.0597757,admin_centre,null,null
532328,云南省,楚雄彝族自治州,元谋县,official_identity_match,exact_code_and_source_name,r2727341,101.8732059,25.7075309,admin_centre,null,null
532329,云南省,楚雄彝族自治州,武定县,official_identity_match,exact_code_and_source_name,r2727338,102.4025616,25.533131,admin_centre,null,null
532501,云南省,红河哈尼族彝族自治州,个旧市,official_identity_match,exact_code_and_source_name,r2719406,103.1577391,23.3618738,admin_centre,null,null
532502,云南省,红河哈尼族彝族自治州,开远市,official_identity_match,exact_code_and_source_name,r2719411,103.2648414,23.7165622,admin_centre,null,null
532503,云南省,红河哈尼族彝族自治州,蒙自市,official_identity_match,exact_code_and_source_name,r2719414,103.362263,23.3970256,admin_centre,null,null
532504,云南省,红河哈尼族彝族自治州,弥勒市,official_identity_match,exact_code_and_source_name,r2719415,103.4127023,24.4139213,admin_centre,null,null
532523,云南省,红河哈尼族彝族自治州,屏边苗族自治县,official_identity_match,exact_code_and_source_name,r2719416,103.6875618,22.9901164,admin_centre,null,null
532524,云南省,红河哈尼族彝族自治州,建水县,official_identity_match,unique_name_and_parent_geometry,r2719409,102.8263528,23.6361076,admin_centre,null,null
532525,云南省,红河哈尼族彝族自治州,石屏县,official_identity_match,exact_code_and_source_name,r2719417,102.4942389,23.7076697,admin_centre,null,null
532527,云南省,红河哈尼族彝族自治州,泸西县,official_identity_match,unique_name_and_parent_geometry,r2719412,103.7639695,24.535018,admin_centre,null,null
532528,云南省,红河哈尼族彝族自治州,元阳县,official_identity_match,unique_name_and_parent_geometry,r2719418,102.834369,23.2234598,admin_centre,null,null
532529,云南省,红河哈尼族彝族自治州,红河县,official_identity_match,exact_code_and_source_name,r2719408,102.4261514,23.3698404,admin_centre,null,null
532530,云南省,红河哈尼族彝族自治州,金平苗族瑶族傣族自治县,official_identity_match,exact_code_and_source_name,r2719410,103.2244753,22.7825939,admin_centre,null,null
532531,云南省,红河哈尼族彝族自治州,绿春县,official_identity_match,unique_name_and_parent_geometry,r2719413,102.3908892,22.9963474,admin_centre,null,null
532532,云南省,红河哈尼族彝族自治州,河口瑶族自治县,official_identity_match,exact_code_and_source_name,r2719407,103.9375235,22.5325784,admin_centre,null,null
532601,云南省,文山壮族苗族自治州,文山市,official_identity_match,exact_code_and_source_name,r2723225,104.2314068,23.3838848,admin_centre,null,null
532622,云南省,文山壮族苗族自治州,砚山县,official_identity_match,exact_code_and_source_name,r2723227,104.3347985,23.6088397,admin_centre,null,null
532623,云南省,文山壮族苗族自治州,西畴县,official_identity_match,exact_code_and_source_name,r2723226,104.6706587,23.4389663,admin_centre,null,null
532624,云南省,文山壮族苗族自治州,麻栗坡县,official_identity_match,exact_code_and_source_name,r2723223,104.7001682,23.128693,admin_centre,null,null
532625,云南省,文山壮族苗族自治州,马关县,official_identity_match,exact_code_and_source_name,r2723222,104.3923205,23.0156398,admin_centre,null,null
532626,云南省,文山壮族苗族自治州,丘北县,official_identity_match,exact_code_and_source_name,r2723224,104.1752252,24.0494878,admin_centre,null,null
532627,云南省,文山壮族苗族自治州,广南县,official_identity_match,exact_code_and_source_name,r2723221,105.0519035,24.0479436,admin_centre,null,null
532628,云南省,文山壮族苗族自治州,富宁县,official_identity_match,exact_code_and_source_name,r2723220,105.6278298,23.627917,admin_centre,null,null
532801,云南省,西双版纳傣族自治州,景洪市,official_identity_match,exact_code_and_source_name,r5339226,100.7983916,22.0147814,admin_centre,null,null
532822,云南省,西双版纳傣族自治州,勐海县,official_identity_match,exact_code_and_source_name,r2715427,100.4511886,21.9598828,admin_centre,null,null
532823,云南省,西双版纳傣族自治州,勐腊县,official_identity_match,exact_code_and_source_name,r2715428,101.5650328,21.461854,admin_centre,null,null
532901,云南省,大理白族自治州,大理市,official_identity_match,exact_code_and_source_name,r2727734,100.3003483,25.6810769,admin_centre,null,null
532922,云南省,大理白族自治州,漾濞彝族自治县,official_identity_match,exact_code_and_source_name,r2727742,99.9570788,25.673455,admin_centre,null,null
532923,云南省,大理白族自治州,祥云县,official_identity_match,exact_code_and_source_name,r2727741,100.5490691,25.4868518,admin_centre,null,null
532924,云南省,大理白族自治州,宾川县,official_identity_match,exact_code_and_source_name,r2727733,100.5892345,25.8337353,admin_centre,null,null
532925,云南省,大理白族自治州,弥渡县,official_identity_match,unique_name_and_parent_geometry,r2727738,100.4897798,25.3469366,admin_centre,null,null
532926,云南省,大理白族自治州,南涧彝族自治县,official_identity_match,exact_code_and_source_name,r2727739,100.5145522,25.0431618,admin_centre,null,null
532927,云南省,大理白族自治州,巍山彝族回族自治县,official_identity_match,exact_code_and_source_name,r2727740,100.3053276,25.2303056,admin_centre,null,null
532928,云南省,大理白族自治州,永平县,official_identity_match,unique_name_and_parent_geometry,r2727743,99.5270468,25.4636493,admin_centre,null,null
532929,云南省,大理白族自治州,云龙县,official_identity_match,unique_name_and_parent_geometry,r2727744,99.3690571,25.8883248,admin_centre,null,null
532930,云南省,大理白族自治州,洱源县,official_identity_match,exact_code_and_source_name,r2727735,99.9621817,26.1173022,admin_centre,null,null
532931,云南省,大理白族自治州,剑川县,official_identity_match,exact_code_and_source_name,r2727737,99.9045932,26.5400606,admin_centre,null,null
532932,云南省,大理白族自治州,鹤庆县,official_identity_match,unique_name_and_parent_geometry,r2727736,100.1751503,26.5635805,admin_centre,null,null
533102,云南省,德宏傣族景颇族自治州,瑞丽市,official_identity_match,exact_code_and_source_name,r2717275,97.8553641,24.0204435,admin_centre,null,null
533103,云南省,德宏傣族景颇族自治州,芒市,official_identity_match,exact_code_and_source_name,r2717274,98.5907374,24.4414276,admin_centre,null,null
533122,云南省,德宏傣族景颇族自治州,梁河县,official_identity_match,exact_code_and_source_name,r2717272,98.2951681,24.8089486,admin_centre,null,null
533123,云南省,德宏傣族景颇族自治州,盈江县,official_identity_match,exact_code_and_source_name,r2717276,97.9317215,24.7084387,admin_centre,null,null
533124,云南省,德宏傣族景颇族自治州,陇川县,official_identity_match,exact_code_and_source_name,r2717273,97.7933229,24.1860349,admin_centre,null,null
533301,云南省,怒江傈僳族自治州,泸水市,official_identity_match,exact_code_and_source_name,r2729767,98.8573411,25.8255921,label,null,null
533323,云南省,怒江傈僳族自治州,福贡县,official_identity_match,exact_code_and_source_name,r2729764,98.8678549,26.9057682,admin_centre,null,null
533324,云南省,怒江傈僳族自治州,贡山独龙族怒族自治县,official_identity_match,exact_code_and_source_name,r2729765,98.6672732,27.7392177,admin_centre,null,null
533325,云南省,怒江傈僳族自治州,兰坪白族普米族自治县,official_identity_match,unique_name_and_parent_geometry,r2729766,99.4197677,26.4552401,admin_centre,null,null
533401,云南省,迪庆藏族自治州,香格里拉市,official_identity_match,exact_code_and_source_name,r2729693,99.7040577,27.8363076,admin_centre,null,null
533422,云南省,迪庆藏族自治州,德钦县,official_identity_match,exact_code_and_source_name,r2729692,98.9177313,28.4752009,label,null,null
533423,云南省,迪庆藏族自治州,维西傈僳族自治县,official_identity_match,exact_code_and_source_name,r2729694,99.2852926,27.1845103,admin_centre,null,null
540102,西藏自治区,拉萨市,城关区,official_identity_match,exact_code_and_source_name,r2745212,91.1392946,29.6579076,admin_centre,null,null
540103,西藏自治区,拉萨市,堆龙德庆区,official_identity_match,exact_code_and_source_name,r2745215,91.0015415,29.6489297,admin_centre,null,null
540104,西藏自治区,拉萨市,达孜区,official_identity_match,exact_code_and_source_name,r2745213,91.34832,29.6722311,admin_centre,null,null
540121,西藏自治区,拉萨市,林周县,official_identity_match,exact_code_and_source_name,r2745216,91.2616216,29.8965506,admin_centre,null,null
540122,西藏自治区,拉萨市,当雄县,official_identity_match,exact_code_and_source_name,r2745214,91.0998362,30.474883,admin_centre,null,null
540123,西藏自治区,拉萨市,尼木县,official_identity_match,exact_code_and_source_name,r2745218,90.1654158,29.4348553,admin_centre,null,null
540124,西藏自治区,拉萨市,曲水县,official_identity_match,exact_code_and_source_name,r2745219,90.7423647,29.3560841,admin_centre,null,null
540127,西藏自治区,拉萨市,墨竹工卡县,official_identity_match,exact_code_and_source_name,r2745217,91.7298504,29.8370366,admin_centre,null,null
540202,西藏自治区,日喀则市,桑珠孜区,official_identity_match,exact_code_and_source_name,r2744886,88.8947292,29.2507761,admin_centre,null,null
540221,西藏自治区,日喀则市,南木林县,official_identity_match,exact_code_and_source_name,r2744619,89.0967448,29.6849796,admin_centre,null,null
540222,西藏自治区,日喀则市,江孜县,official_identity_match,exact_code_and_source_name,r2744879,89.6037045,28.9152013,admin_centre,null,null
540223,西藏自治区,日喀则市,定日县,official_identity_match,exact_code_and_source_name,r2744887,87.1233283,28.662692,admin_centre,null,null
540224,西藏自治区,日喀则市,萨迦县,official_identity_match,exact_code_and_source_name,r2744884,88.0191415,28.9023833,admin_centre,null,null
540225,西藏自治区,日喀则市,拉孜县,official_identity_match,exact_code_and_source_name,r2744882,87.634443,29.0856354,admin_centre,null,null
540226,西藏自治区,日喀则市,昂仁县,official_identity_match,exact_code_and_source_name,r2744620,87.2251682,29.3021003,admin_centre,null,null
540227,西藏自治区,日喀则市,谢通门县,official_identity_match,exact_code_and_source_name,r2744622,88.2595379,29.4353082,admin_centre,null,null
540228,西藏自治区,日喀则市,白朗县,official_identity_match,exact_code_and_source_name,r2744876,89.2596268,29.1115795,admin_centre,null,null
540229,西藏自治区,日喀则市,仁布县,official_identity_match,exact_code_and_source_name,r2744621,89.8401697,29.2342089,admin_centre,null,null
540230,西藏自治区,日喀则市,康马县,official_identity_match,exact_code_and_source_name,r2744881,89.6797049,28.5592341,admin_centre,null,null
540231,西藏自治区,日喀则市,定结县,official_identity_match,exact_code_and_source_name,r2744877,87.7634065,28.3683007,admin_centre,null,null
540232,西藏自治区,日喀则市,仲巴县,official_identity_match,exact_code_and_source_name,r2744889,84.0291827,29.7726546,admin_centre,null,null
540233,西藏自治区,日喀则市,亚东县,official_identity_match,exact_code_and_source_name,r2744888,88.9052725,27.4892306,admin_centre,null,null
540234,西藏自治区,日喀则市,吉隆县,official_identity_match,exact_code_and_source_name,r2744880,85.2950291,28.8558984,label,null,null
540235,西藏自治区,日喀则市,聂拉木县,official_identity_match,exact_code_and_source_name,r2744883,85.9799802,28.1589366,admin_centre,null,null
540236,西藏自治区,日喀则市,萨嘎县,official_identity_match,exact_code_and_source_name,r2744885,85.2311223,29.3329617,admin_centre,null,null
540237,西藏自治区,日喀则市,岗巴县,official_identity_match,exact_code_and_source_name,r2744878,88.5133005,28.275194,label,null,null
540302,西藏自治区,昌都市,卡若区,official_identity_match,exact_code_and_source_name,r2734864,97.1954842,31.1146754,label,null,null
540321,西藏自治区,昌都市,江达县,official_identity_match,exact_code_and_source_name,r2734911,98.2177078,31.5018221,label,null,null
540322,西藏自治区,昌都市,贡觉县,official_identity_match,exact_code_and_source_name,r2734910,98.2703563,30.8626495,label,null,null
540323,西藏自治区,昌都市,类乌齐县,official_identity_match,exact_code_and_source_name,r2734914,96.6009052,31.2145139,label,null,null
540324,西藏自治区,昌都市,丁青县,official_identity_match,exact_code_and_source_name,r2734865,95.5958345,31.414119,label,null,null
540325,西藏自治区,昌都市,察雅县,official_identity_match,exact_code_and_source_name,r2734915,97.5648695,30.6555076,label,null,null
540326,西藏自治区,昌都市,八宿县,official_identity_match,exact_code_and_source_name,r2734909,96.9173972,30.0561978,label,null,null
540327,西藏自治区,昌都市,左贡县,official_identity_match,exact_code_and_source_name,r2734916,97.8405948,29.6742285,label,null,null
540328,西藏自治区,昌都市,芒康县,official_identity_match,exact_code_and_source_name,r2734913,98.5950838,29.6830073,label,null,null
540329,西藏自治区,昌都市,洛隆县,official_identity_match,exact_code_and_source_name,r2734912,95.8238932,30.7442867,label,null,null
540330,西藏自治区,昌都市,边坝县,official_identity_match,exact_code_and_source_name,r2745361,94.7069772,30.9360758,label,null,null
540402,西藏自治区,林芝市,巴宜区,official_identity_match,exact_code_and_source_name,r2734503,94.3599408,29.6386235,admin_centre,null,null
540421,西藏自治区,林芝市,工布江达县,official_identity_match,exact_code_and_source_name,r2734499,93.2448139,29.8883925,admin_centre,null,null
540423,西藏自治区,林芝市,墨脱县,official_identity_match,exact_code_and_source_name,r2734501,95.3308869,29.3284515,admin_centre,null,null
540424,西藏自治区,林芝市,波密县,official_identity_match,exact_code_and_source_name,r2734498,95.7670638,29.8619513,admin_centre,null,null
540425,西藏自治区,林芝市,察隅县,official_identity_match,exact_code_and_source_name,r2734504,97.465733,28.6636117,label,null,null
540426,西藏自治区,林芝市,朗县,official_identity_match,exact_code_and_source_name,r2734502,93.0733747,29.0490034,admin_centre,null,null
540481,西藏自治区,林芝市,米林市,official_identity_match,exact_code_and_source_name,r2734500,94.213988,29.2177863,label,null,null
540502,西藏自治区,山南市,乃东区,official_identity_match,exact_code_and_source_name,r2743973,91.7599651,29.2284265,admin_centre,null,null
540521,西藏自治区,山南市,扎囊县,official_identity_match,exact_code_and_source_name,r2743977,91.3360084,29.2479338,admin_centre,null,null
540522,西藏自治区,山南市,贡嘎县,official_identity_match,exact_code_and_source_name,r2743968,90.9772217,29.2919491,admin_centre,null,null
540523,西藏自治区,山南市,桑日县,official_identity_match,exact_code_and_source_name,r2743976,92.0165548,29.26272,admin_centre,null,null
540524,西藏自治区,山南市,琼结县,official_identity_match,exact_code_and_source_name,r2743974,91.682988,29.0275993,admin_centre,null,null
540525,西藏自治区,山南市,曲松县,official_identity_match,exact_code_and_source_name,r2743975,92.2013717,29.0658354,admin_centre,null,null
540526,西藏自治区,山南市,措美县,official_identity_match,exact_code_and_source_name,r2743966,91.4312682,28.4416806,admin_centre,null,null
540527,西藏自治区,山南市,洛扎县,official_identity_match,exact_code_and_source_name,r2743970,90.8587825,28.3893096,admin_centre,null,null
540528,西藏自治区,山南市,加查县,official_identity_match,exact_code_and_source_name,r2743969,92.5936179,29.1440704,admin_centre,null,null
540529,西藏自治区,山南市,隆子县,official_identity_match,exact_code_and_source_name,r2743971,92.4623016,28.4120209,admin_centre,null,null
540531,西藏自治区,山南市,浪卡子县,official_identity_match,exact_code_and_source_name,r2743972,90.3933956,28.9658346,admin_centre,null,null
540581,西藏自治区,山南市,错那市,official_identity_match,exact_code_and_source_name,r2743967,91.9619126,27.9935329,admin_centre,null,null
540602,西藏自治区,那曲市,色尼区,official_identity_match,exact_code_and_source_name,r2745051,92.0561223,31.4728755,admin_centre,null,null
540621,西藏自治区,那曲市,嘉黎县,official_identity_match,exact_code_and_source_name,r2745050,93.2326751,30.643723,admin_centre,null,null
540622,西藏自治区,那曲市,比如县,official_identity_match,exact_code_and_source_name,r2745049,93.6799147,31.4821007,admin_centre,null,null
540623,西藏自治区,那曲市,聂荣县,official_identity_match,exact_code_and_source_name,r2745052,92.3038655,32.112952,admin_centre,null,null
540624,西藏自治区,那曲市,安多县,official_identity_match,exact_code_and_source_name,r2745047,91.6810713,32.2676152,admin_centre,null,null
540625,西藏自治区,那曲市,申扎县,official_identity_match,exact_code_and_source_name,r2745055,88.7075729,30.9330013,admin_centre,null,null
540626,西藏自治区,那曲市,索县,official_identity_match,exact_code_and_source_name,r2745054,93.7839295,31.8902294,admin_centre,null,null
540627,西藏自治区,那曲市,班戈县,official_identity_match,exact_code_and_source_name,r2747064,90.0076805,31.3946694,admin_centre,null,null
540628,西藏自治区,那曲市,巴青县,official_identity_match,exact_code_and_source_name,r2745048,94.052059,31.920938,admin_centre,null,null
540629,西藏自治区,那曲市,尼玛县,official_identity_match,exact_code_and_source_name,r2745053,87.2343788,31.7872599,admin_centre,null,null
540630,西藏自治区,那曲市,双湖县,official_identity_match,exact_code_and_source_name,r2747065,88.8351318,33.1909918,admin_centre,null,null
542521,西藏自治区,阿里地区,普兰县,official_identity_match,exact_code_and_source_name,r1997907,81.1747758,30.2962003,admin_centre,null,null
542522,西藏自治区,阿里地区,札达县,official_identity_match,exact_code_and_source_name,r1997913,79.8050806,31.4825771,admin_centre,null,null
542523,西藏自治区,阿里地区,噶尔县,official_identity_match,exact_code_and_source_name,r1997909,80.0941222,32.4945168,admin_centre,null,null
542524,西藏自治区,阿里地区,日土县,official_identity_match,exact_code_and_source_name,r1997912,79.7291294,33.3839153,admin_centre,null,null
542525,西藏自治区,阿里地区,革吉县,official_identity_match,exact_code_and_source_name,r1997911,81.1429703,32.3891666,admin_centre,null,null
542526,西藏自治区,阿里地区,改则县,official_identity_match,exact_code_and_source_name,r1997910,84.059914,32.3051009,admin_centre,null,null
542527,西藏自治区,阿里地区,措勤县,official_identity_match,exact_code_and_source_name,r1997908,85.150079,31.0189499,admin_centre,null,null
610102,陕西省,西安市,新城区,official_identity_match,unique_name_and_parent_geometry,r3226096,108.9556063,34.2703344,label,null,null
610103,陕西省,西安市,碑林区,official_identity_match,unique_name_and_parent_geometry,r3226088,108.9361101,34.2584462,label,null,null
610104,陕西省,西安市,莲湖区,official_identity_match,unique_name_and_parent_geometry,r3226093,108.9304086,34.2688679,label,null,null
610111,陕西省,西安市,灞桥区,official_identity_match,unique_name_and_parent_geometry,r3226087,109.0595199,34.2745674,label,null,null
610112,陕西省,西安市,未央区,official_identity_match,unique_name_and_parent_geometry,r3226095,108.9416069,34.2946358,label,null,null
610113,陕西省,西安市,雁塔区,official_identity_match,unique_name_and_parent_geometry,r3226098,108.9440711,34.2240681,label,null,null
610114,陕西省,西安市,阎良区,official_identity_match,unique_name_and_parent_geometry,r3226097,109.224148,34.658649,admin_centre,null,null
610115,陕西省,西安市,临潼区,official_identity_match,unique_name_and_parent_geometry,r3226094,109.2092937,34.3684448,admin_centre,null,null
610116,陕西省,西安市,长安区,official_identity_match,exact_code_and_source_name,r3226089,108.9023547,34.1598597,admin_centre,null,null
610117,陕西省,西安市,高陵区,official_identity_match,exact_code_and_source_name,r3226090,109.0861893,34.53727,admin_centre,null,null
610118,陕西省,西安市,鄠邑区,official_identity_match,exact_code_and_source_name,r3226091,108.5989237,34.1096766,admin_centre,null,null
610122,陕西省,西安市,蓝田县,official_identity_match,unique_name_and_parent_geometry,r3226092,109.318666,34.152899,admin_centre,null,null
610124,陕西省,西安市,周至县,official_identity_match,unique_name_and_parent_geometry,r3226099,108.2088788,34.1630807,admin_centre,null,null
610202,陕西省,铜川市,王益区,official_identity_match,exact_code_and_source_name,r3226167,109.0696746,35.0701003,admin_centre,null,null
610203,陕西省,铜川市,印台区,official_identity_match,unique_name_and_parent_geometry,r3226170,109.0961639,35.102711,admin_centre,null,null
610204,陕西省,铜川市,耀州区,official_identity_match,exact_code_and_source_name,r3226168,108.97147,34.913269,admin_centre,null,null
610222,陕西省,铜川市,宜君县,official_identity_match,exact_code_and_source_name,r3226169,109.1144876,35.4041896,admin_centre,null,null
610302,陕西省,宝鸡市,渭滨区,official_identity_match,exact_code_and_source_name,r3048918,107.1505034,34.3564636,label,null,null
610303,陕西省,宝鸡市,金台区,official_identity_match,exact_code_and_source_name,r3048912,107.2282935,34.3985422,label,null,null
610304,陕西省,宝鸡市,陈仓区,official_identity_match,exact_code_and_source_name,r3048908,107.3639349,34.3513322,label,null,null
610305,陕西省,宝鸡市,凤翔区,official_identity_match,exact_code_and_source_name,r3048910,107.390669,34.5235103,admin_centre,null,null
610323,陕西省,宝鸡市,岐山县,official_identity_match,exact_code_and_source_name,r3048916,107.6177586,34.4465273,admin_centre,null,null
610324,陕西省,宝鸡市,扶风县,official_identity_match,unique_name_and_parent_geometry,r3048911,107.8921856,34.3784366,admin_centre,null,null
610326,陕西省,宝鸡市,眉县,official_identity_match,unique_name_and_parent_geometry,r3048835,107.7450982,34.2759976,admin_centre,null,null
610327,陕西省,宝鸡市,陇县,official_identity_match,exact_code_and_source_name,r3048914,106.8529039,34.8938763,admin_centre,null,null
610328,陕西省,宝鸡市,千阳县,official_identity_match,unique_name_and_parent_geometry,r3048915,107.1248711,34.6444493,admin_centre,null,null
610329,陕西省,宝鸡市,麟游县,official_identity_match,unique_name_and_parent_geometry,r3048913,107.7887208,34.6795779,admin_centre,null,null
610330,陕西省,宝鸡市,凤县,official_identity_match,exact_code_and_source_name,r3048909,106.523915,33.9140602,admin_centre,null,null
610331,陕西省,宝鸡市,太白县,official_identity_match,unique_name_and_parent_geometry,r3048917,107.286168,34.1668162,admin_centre,null,null
610402,陕西省,咸阳市,秦都区,official_identity_match,exact_code_and_source_name,r3221012,108.7016168,34.330605,label,null,null
610403,陕西省,咸阳市,杨陵区,official_identity_match,exact_code_and_source_name,r3221018,108.0807537,34.2735588,admin_centre,null,null
610404,陕西省,咸阳市,渭城区,official_identity_match,unique_name_and_parent_geometry,r3221014,108.7325189,34.363015,admin_centre,null,null
610422,陕西省,咸阳市,三原县,official_identity_match,unique_name_and_parent_geometry,r3221013,108.927063,34.6200506,admin_centre,null,null
610423,陕西省,咸阳市,泾阳县,official_identity_match,unique_name_and_parent_geometry,r3221009,108.8311281,34.5306881,admin_centre,null,null
610424,陕西省,咸阳市,乾县,official_identity_match,unique_name_and_parent_geometry,r3221011,108.2398903,34.5308252,admin_centre,null,null
610425,陕西省,咸阳市,礼泉县,official_identity_match,unique_name_and_parent_geometry,r3221010,108.4188076,34.4865793,admin_centre,null,null
610426,陕西省,咸阳市,永寿县,official_identity_match,exact_code_and_source_name,r3221019,108.1403799,34.6918705,admin_centre,null,null
610428,陕西省,咸阳市,长武县,official_identity_match,unique_name_and_parent_geometry,r3221007,107.7917975,35.2071176,admin_centre,null,null
610429,陕西省,咸阳市,旬邑县,official_identity_match,unique_name_and_parent_geometry,r3221017,108.3317235,35.112402,admin_centre,null,null
610430,陕西省,咸阳市,淳化县,official_identity_match,exact_code_and_source_name,r3221008,108.5756462,34.8008744,admin_centre,null,null
610431,陕西省,咸阳市,武功县,official_identity_match,exact_code_and_source_name,r3221015,108.2100567,34.2610879,admin_centre,null,null
610481,陕西省,咸阳市,兴平市,official_identity_match,unique_name_and_parent_geometry,r3221016,108.4830556,34.2993736,admin_centre,null,null
610482,陕西省,咸阳市,彬州市,official_identity_match,exact_code_and_source_name,r3221006,108.0797604,35.0362878,admin_centre,null,null
610502,陕西省,渭南市,临渭区,official_identity_match,exact_code_and_source_name,r3028618,109.4920216,34.4940967,admin_centre,null,null
610503,陕西省,渭南市,华州区,official_identity_match,exact_code_and_source_name,r3028616,109.7570103,34.5117977,label,null,null
610522,陕西省,渭南市,潼关县,official_identity_match,exact_code_and_source_name,r3028620,110.2410542,34.545578,admin_centre,null,null
610523,陕西省,渭南市,大荔县,official_identity_match,exact_code_and_source_name,r3028612,109.9366142,34.7983603,admin_centre,null,null
610524,陕西省,渭南市,合阳县,official_identity_match,unique_name_and_parent_geometry,r3028615,110.1407931,35.235757,admin_centre,null,null
610525,陕西省,渭南市,澄城县,official_identity_match,exact_code_and_source_name,r3028611,109.9307087,35.1835064,admin_centre,null,null
610526,陕西省,渭南市,蒲城县,official_identity_match,exact_code_and_source_name,r3028619,109.6469234887406,34.9633446,interior_representative_point,null,null
610527,陕西省,渭南市,白水县,official_identity_match,exact_code_and_source_name,r3028610,109.5876073,35.1785126,admin_centre,null,null
610528,陕西省,渭南市,富平县,official_identity_match,unique_name_and_parent_geometry,r3028613,109.1787653,34.7491293,admin_centre,null,null
610581,陕西省,渭南市,韩城市,official_identity_match,exact_code_and_source_name,r3028614,110.4508029,35.4762519,admin_centre,null,null
610582,陕西省,渭南市,华阴市,official_identity_match,unique_name_and_parent_geometry,r3028617,110.0920915,34.5675163,admin_centre,null,null
610602,陕西省,延安市,宝塔区,official_identity_match,exact_code_and_source_name,r3019989,109.4838471,36.5853219,label,null,null
610603,陕西省,延安市,安塞区,official_identity_match,unique_name_and_parent_geometry,r3019988,109.3217915,36.8631719,admin_centre,null,null
610621,陕西省,延安市,延长县,official_identity_match,exact_code_and_source_name,r3019996,110.0062022,36.5794403,admin_centre,null,null
610622,陕西省,延安市,延川县,official_identity_match,exact_code_and_source_name,r3019997,110.1842183,36.8804341,admin_centre,null,null
610625,陕西省,延安市,志丹县,official_identity_match,exact_code_and_source_name,r3019999,108.7616071,36.8240428,admin_centre,null,null
610626,陕西省,延安市,吴起县,official_identity_match,exact_code_and_source_name,r3019995,108.1745906,36.9232481,admin_centre,null,null
610627,陕西省,延安市,甘泉县,official_identity_match,unique_name_and_parent_geometry,r3019991,109.345578,36.2817114,admin_centre,null,null
610628,陕西省,延安市,富县,official_identity_match,unique_name_and_parent_geometry,r3019990,109.3804339,36.0045316,admin_centre,null,null
610629,陕西省,延安市,洛川县,official_identity_match,exact_code_and_source_name,r3019994,109.4269556,35.7623953,admin_centre,null,null
610630,陕西省,延安市,宜川县,official_identity_match,exact_code_and_source_name,r3019998,110.1712535,36.0497844,admin_centre,null,null
610631,陕西省,延安市,黄龙县,official_identity_match,exact_code_and_source_name,r3019993,109.8349068,35.5831268,admin_centre,null,null
610632,陕西省,延安市,黄陵县,official_identity_match,unique_name_and_parent_geometry,r3019992,109.2596289,35.5828559,admin_centre,null,null
610681,陕西省,延安市,子长市,official_identity_match,unique_name_and_parent_geometry,r3020000,109.6704009,37.1414089,admin_centre,null,null
610702,陕西省,汉中市,汉台区,official_identity_match,exact_code_and_source_name,r2967708,107.0273541,33.0692415,label,null,null
610703,陕西省,汉中市,南郑区,official_identity_match,exact_code_and_source_name,r2967711,106.9322078,33.0025414,admin_centre,null,null
610722,陕西省,汉中市,城固县,official_identity_match,exact_code_and_source_name,r2967706,107.3290833,33.1586465,admin_centre,null,null
610723,陕西省,汉中市,洋县,official_identity_match,exact_code_and_source_name,r2967714,107.5407358,33.2274701,admin_centre,null,null
610724,陕西省,汉中市,西乡县,official_identity_match,exact_code_and_source_name,r2967713,107.7589578,32.9924543,admin_centre,null,null
610725,陕西省,汉中市,勉县,official_identity_match,exact_code_and_source_name,r2967710,106.6694995,33.1551104,admin_centre,null,null
610726,陕西省,汉中市,宁强县,official_identity_match,exact_code_and_source_name,r2967712,106.2547898,32.8312366,admin_centre,null,null
610727,陕西省,汉中市,略阳县,official_identity_match,exact_code_and_source_name,r2967643,106.1489807,33.3303717,admin_centre,null,null
610728,陕西省,汉中市,镇巴县,official_identity_match,unique_name_and_parent_geometry,r2967715,107.8911325,32.5384616,admin_centre,null,null
610729,陕西省,汉中市,留坝县,official_identity_match,exact_code_and_source_name,r2967709,106.953333,33.591111,label,null,null
610730,陕西省,汉中市,佛坪县,official_identity_match,exact_code_and_source_name,r2967707,107.9849961,33.521601,admin_centre,null,null
610802,陕西省,榆林市,榆阳区,official_identity_match,exact_code_and_source_name,r3016351,109.7155405,38.2769046,admin_centre,null,null
610803,陕西省,榆林市,横山区,official_identity_match,exact_code_and_source_name,r3016344,109.2886002,37.9621718,admin_centre,null,null
610822,陕西省,榆林市,府谷县,official_identity_match,exact_code_and_source_name,r3016343,111.0581068,39.031227,admin_centre,null,null
610824,陕西省,榆林市,靖边县,official_identity_match,exact_code_and_source_name,r3016346,108.797352,37.595227,admin_centre,null,null
610825,陕西省,榆林市,定边县,official_identity_match,exact_code_and_source_name,r3016342,107.5915288,37.5928413,admin_centre,null,null
610826,陕西省,榆林市,绥德县,official_identity_match,unique_name_and_parent_geometry,r3016350,110.2584153,37.5074547,admin_centre,null,null
610827,陕西省,榆林市,米脂县,official_identity_match,exact_code_and_source_name,r3016347,110.1750103,37.758853,admin_centre,null,null
610828,陕西省,榆林市,佳县,official_identity_match,unique_name_and_parent_geometry,r3016345,110.4891824,38.0190612,admin_centre,null,null
610829,陕西省,榆林市,吴堡县,official_identity_match,exact_code_and_source_name,r2241199,110.7344612,37.4517668,admin_centre,null,null
610830,陕西省,榆林市,清涧县,official_identity_match,exact_code_and_source_name,r3016348,110.1141393,37.0917645,admin_centre,null,null
610831,陕西省,榆林市,子洲县,official_identity_match,unique_name_and_parent_geometry,r3016352,109.8175,37.578889,label,null,null
610881,陕西省,榆林市,神木市,official_identity_match,exact_code_and_source_name,r3016349,110.4946864,38.8229727,admin_centre,null,null
610902,陕西省,安康市,汉滨区,official_identity_match,unique_name_and_parent_geometry,r2996858,108.9034666,32.8881174,label,null,null
610921,陕西省,安康市,汉阴县,official_identity_match,unique_name_and_parent_geometry,r2996859,108.5046371,32.892259,admin_centre,null,null
610922,陕西省,安康市,石泉县,official_identity_match,unique_name_and_parent_geometry,r2996863,108.2435477,33.0399632,admin_centre,null,null
610923,陕西省,安康市,宁陕县,official_identity_match,exact_code_and_source_name,r2996861,108.3078261,33.3151255,admin_centre,null,null
610924,陕西省,安康市,紫阳县,official_identity_match,unique_name_and_parent_geometry,r2996865,108.532698,32.5242445,admin_centre,null,null
610925,陕西省,安康市,岚皋县,official_identity_match,unique_name_and_parent_geometry,r2996860,108.863889,32.2125,label,null,null
610926,陕西省,安康市,平利县,official_identity_match,unique_name_and_parent_geometry,r2996862,109.3531729,32.3934342,admin_centre,null,null
610927,陕西省,安康市,镇坪县,official_identity_match,unique_name_and_parent_geometry,r2134760,109.5225336,31.8853665,admin_centre,null,null
610929,陕西省,安康市,白河县,official_identity_match,exact_code_and_source_name,r2996857,110.1085079,32.8122534,admin_centre,null,null
610981,陕西省,安康市,旬阳市,official_identity_match,unique_name_and_parent_geometry,r2996864,109.3555808,32.8339546,admin_centre,null,null
611002,陕西省,商洛市,商州区,official_identity_match,exact_code_and_source_name,r2971125,109.9358876,33.8648033,label,null,null
611021,陕西省,商洛市,洛南县,official_identity_match,exact_code_and_source_name,r2971123,110.1500492,34.0950037,admin_centre,null,null
611022,陕西省,商洛市,丹凤县,official_identity_match,exact_code_and_source_name,r2971122,110.3295141,33.6961006,admin_centre,null,null
611023,陕西省,商洛市,商南县,official_identity_match,exact_code_and_source_name,r2971124,110.8798571,33.5282104,admin_centre,null,null
611024,陕西省,商洛市,山阳县,official_identity_match,exact_code_and_source_name,r2971126,109.8741126,33.5320634,admin_centre,null,null
611025,陕西省,商洛市,镇安县,official_identity_match,exact_code_and_source_name,r2971128,109.1580335,33.4217853,admin_centre,null,null
611026,陕西省,商洛市,柞水县,official_identity_match,unique_name_and_parent_geometry,r2971127,109.1062303,33.6811412,admin_centre,null,null
620102,甘肃省,兰州市,城关区,official_identity_match,unique_name_and_parent_geometry,r2701972,103.8722013,36.0581941,label,null,null
620103,甘肃省,兰州市,七里河区,official_identity_match,exact_code_and_source_name,r2702681,103.7694552,36.0684296,admin_centre,null,null
620104,甘肃省,兰州市,西固区,official_identity_match,exact_code_and_source_name,r2702682,103.6204041,36.0996408,admin_centre,null,null
620105,甘肃省,兰州市,安宁区,official_identity_match,exact_code_and_source_name,r2702679,103.7080952,36.1073748,admin_centre,null,null
620111,甘肃省,兰州市,红古区,official_identity_match,exact_code_and_source_name,r2702680,102.8612927,36.348065,admin_centre,null,null
620121,甘肃省,兰州市,永登县,official_identity_match,exact_code_and_source_name,r2702683,103.2586357,36.7339512,admin_centre,null,null
620122,甘肃省,兰州市,皋兰县,official_identity_match,exact_code_and_source_name,r2701702,103.9494406,36.3295058,admin_centre,null,null
620123,甘肃省,兰州市,榆中县,official_identity_match,exact_code_and_source_name,r2701973,104.1127448,35.8476735,admin_centre,null,null
620200,甘肃省,嘉峪关市,嘉峪关市,official_identity_match,exact_code_and_source_name,r165664,98.2885388,39.7722294,admin_centre,null,null
620302,甘肃省,金昌市,金川区,official_identity_match,exact_code_and_source_name,r2705763,102.180476,38.5125114,admin_centre,null,null
620321,甘肃省,金昌市,永昌县,official_identity_match,exact_code_and_source_name,r2705764,101.9666594,38.2468943,admin_centre,null,null
620402,甘肃省,白银市,白银区,official_identity_match,exact_code_and_source_name,r2702850,104.168646,36.5459034,admin_centre,null,null
620403,甘肃省,白银市,平川区,official_identity_match,exact_code_and_source_name,r2702849,104.8164847,36.7248664,admin_centre,null,null
620421,甘肃省,白银市,靖远县,official_identity_match,exact_code_and_source_name,r2702853,104.6822413,36.5596305,admin_centre,null,null
620422,甘肃省,白银市,会宁县,official_identity_match,exact_code_and_source_name,r2702851,105.0526393,35.6947328,admin_centre,null,null
620423,甘肃省,白银市,景泰县,official_identity_match,exact_code_and_source_name,r2702852,104.0599948,37.1810377,admin_centre,null,null
620502,甘肃省,天水市,秦州区,official_identity_match,exact_code_and_source_name,r2697474,105.7201195,34.5823254,admin_centre,null,null
620503,甘肃省,天水市,麦积区,official_identity_match,exact_code_and_source_name,r2697471,105.8974888,34.5655729,admin_centre,null,null
620521,甘肃省,天水市,清水县,official_identity_match,exact_code_and_source_name,r2697473,106.1326806,34.7488552,admin_centre,null,null
620522,甘肃省,天水市,秦安县,official_identity_match,exact_code_and_source_name,r2697472,105.6657512,34.8599862,admin_centre,null,null
620523,甘肃省,天水市,甘谷县,official_identity_match,exact_code_and_source_name,r2697470,105.3310058,34.7349513,admin_centre,null,null
620524,甘肃省,天水市,武山县,official_identity_match,exact_code_and_source_name,r2697475,104.8919343,34.7234798,admin_centre,null,null
620525,甘肃省,天水市,张家川回族自治县,official_identity_match,exact_code_and_source_name,r2697476,106.2007141,34.9895387,admin_centre,null,null
620602,甘肃省,武威市,凉州区,official_identity_match,exact_code_and_source_name,r165845,102.6304452,37.9291095,admin_centre,null,null
620621,甘肃省,武威市,民勤县,official_identity_match,exact_code_and_source_name,r165831,103.0949276,38.6267915,admin_centre,null,null
620622,甘肃省,武威市,古浪县,official_identity_match,exact_code_and_source_name,r165844,102.8956847,37.4705087,admin_centre,null,null
620623,甘肃省,武威市,天祝藏族自治县,official_identity_match,exact_code_and_source_name,r165846,103.1397181,36.9715475,admin_centre,null,null
620702,甘肃省,张掖市,甘州区,official_identity_match,exact_code_and_source_name,r2706353,100.4547033,38.9300662,admin_centre,null,null
620721,甘肃省,张掖市,肃南裕固族自治县,official_identity_match,exact_code_and_source_name,r165824,99.6147338,38.8371256,admin_centre,null,null
620722,甘肃省,张掖市,民乐县,official_identity_match,exact_code_and_source_name,r2706356,100.8144467,38.4334434,admin_centre,null,null
620723,甘肃省,张掖市,临泽县,official_identity_match,exact_code_and_source_name,r2706355,100.1669422,39.1479174,admin_centre,null,null
620724,甘肃省,张掖市,高台县,official_identity_match,exact_code_and_source_name,r2706354,99.8195112,39.3767613,admin_centre,null,null
620725,甘肃省,张掖市,山丹县,official_identity_match,exact_code_and_source_name,r2706357,101.0867786,38.7868308,admin_centre,null,null
620802,甘肃省,平凉市,崆峒区,official_identity_match,exact_code_and_source_name,r2696780,106.6702506,35.5433187,admin_centre,null,null
620821,甘肃省,平凉市,泾川县,official_identity_match,exact_code_and_source_name,r2696778,107.3628831,35.3333327,admin_centre,null,null
620822,甘肃省,平凉市,灵台县,official_identity_match,exact_code_and_source_name,r2696781,107.6166908,35.0661494,admin_centre,null,null
620823,甘肃省,平凉市,崇信县,official_identity_match,exact_code_and_source_name,r2696776,107.0213898,35.3045552,admin_centre,null,null
620825,甘肃省,平凉市,庄浪县,official_identity_match,exact_code_and_source_name,r2696782,106.0320403,35.2033745,admin_centre,null,null
620826,甘肃省,平凉市,静宁县,official_identity_match,exact_code_and_source_name,r2696779,105.7283363,35.5222999,admin_centre,null,null
620881,甘肃省,平凉市,华亭市,official_identity_match,exact_code_and_source_name,r2696777,106.6492871,35.2182869,admin_centre,null,null
620902,甘肃省,酒泉市,肃州区,official_identity_match,exact_code_and_source_name,r2707424,98.5072987,39.744526,admin_centre,null,null
620921,甘肃省,酒泉市,金塔县,official_identity_match,exact_code_and_source_name,r2707422,98.9009359,39.9834263,admin_centre,null,null
620922,甘肃省,酒泉市,瓜州县,official_identity_match,exact_code_and_source_name,r2707421,95.7812404,40.517652,admin_centre,null,null
620923,甘肃省,酒泉市,肃北蒙古族自治县,official_identity_match,exact_code_and_source_name,r2707423,94.8757932,39.512743,admin_centre,null,null
620924,甘肃省,酒泉市,阿克塞哈萨克族自治县,official_identity_match,exact_code_and_source_name,r2707419,94.3388628,39.6317829,admin_centre,null,null
620981,甘肃省,酒泉市,玉门市,official_identity_match,exact_code_and_source_name,r2707425,97.0448526,40.2916528,admin_centre,null,null
620982,甘肃省,酒泉市,敦煌市,official_identity_match,exact_code_and_source_name,r2707420,94.6637876,40.1409667,admin_centre,null,null
621002,甘肃省,庆阳市,西峰区,official_identity_match,exact_code_and_source_name,r2696688,107.6462537,35.7300313,admin_centre,null,null
621021,甘肃省,庆阳市,庆城县,official_identity_match,exact_code_and_source_name,r1993963,107.8771584,36.0165405,admin_centre,null,null
621022,甘肃省,庆阳市,环县,official_identity_match,exact_code_and_source_name,r2696689,107.3026311,36.5675857,admin_centre,null,null
621023,甘肃省,庆阳市,华池县,official_identity_match,exact_code_and_source_name,r2696686,107.9868501,36.4623978,admin_centre,null,null
621024,甘肃省,庆阳市,合水县,official_identity_match,exact_code_and_source_name,r2696685,108.0148264,35.8193188,admin_centre,null,null
621025,甘肃省,庆阳市,正宁县,official_identity_match,exact_code_and_source_name,r2696690,108.3550158,35.4922133,admin_centre,null,null
621026,甘肃省,庆阳市,宁县,official_identity_match,exact_code_and_source_name,r2696687,107.908784,35.5097865,admin_centre,null,null
621027,甘肃省,庆阳市,镇原县,official_identity_match,exact_code_and_source_name,r2696691,107.1958899,35.677658,admin_centre,null,null
621102,甘肃省,定西市,安定区,official_identity_match,exact_code_and_source_name,r4420903,104.6182954,35.5828402,admin_centre,null,null
621121,甘肃省,定西市,通渭县,official_identity_match,exact_code_and_source_name,r2701706,105.2475904,35.2084316,admin_centre,null,null
621122,甘肃省,定西市,陇西县,official_identity_match,exact_code_and_source_name,r2701704,104.6346761,35.0045256,admin_centre,null,null
621123,甘肃省,定西市,渭源县,official_identity_match,exact_code_and_source_name,r2701707,104.2110887,35.1361821,admin_centre,null,null
621124,甘肃省,定西市,临洮县,official_identity_match,exact_code_and_source_name,r2701703,103.8562816,35.3756701,admin_centre,null,null
621125,甘肃省,定西市,漳县,official_identity_match,exact_code_and_source_name,r2701708,104.4694444,34.8495896,admin_centre,null,null
621126,甘肃省,定西市,岷县,official_identity_match,exact_code_and_source_name,r2701705,104.0342263,34.4392002,admin_centre,null,null
621202,甘肃省,陇南市,武都区,official_identity_match,unique_name_and_parent_geometry,r2697242,104.9246262,33.3917138,admin_centre,null,null
621221,甘肃省,陇南市,成县,official_identity_match,exact_code_and_source_name,r2697235,105.7269036,33.7413597,admin_centre,null,null
621222,甘肃省,陇南市,文县,official_identity_match,exact_code_and_source_name,r2697241,104.6790425,32.9470007,admin_centre,null,null
621223,甘肃省,陇南市,宕昌县,official_identity_match,exact_code_and_source_name,r2697236,104.390094,34.0487408,admin_centre,null,null
621224,甘肃省,陇南市,康县,official_identity_match,exact_code_and_source_name,r2697238,105.6050116,33.3312064,admin_centre,null,null
621225,甘肃省,陇南市,西和县,official_identity_match,exact_code_and_source_name,r2697243,105.2978074,34.0116274,admin_centre,null,null
621226,甘肃省,陇南市,礼县,official_identity_match,exact_code_and_source_name,r2697239,105.1775211,34.1902037,admin_centre,null,null
621227,甘肃省,陇南市,徽县,official_identity_match,exact_code_and_source_name,r2697237,106.0800168,33.7675425,admin_centre,null,null
621228,甘肃省,陇南市,两当县,official_identity_match,exact_code_and_source_name,r2697240,106.3019947,33.9099732,admin_centre,null,null
622901,甘肃省,临夏回族自治州,临夏市,official_identity_match,exact_code_and_source_name,r5910317,103.2108449,35.595904,admin_centre,null,null
622921,甘肃省,临夏回族自治州,临夏县,official_identity_match,exact_code_and_source_name,r2700760,103.0313321,35.4832768,admin_centre,null,null
622922,甘肃省,临夏回族自治州,康乐县,official_identity_match,exact_code_and_source_name,r2700759,103.7092236,35.3739074,admin_centre,null,null
622923,甘肃省,临夏回族自治州,永靖县,official_identity_match,exact_code_and_source_name,r2700761,103.2835294,35.9559241,admin_centre,null,null
622924,甘肃省,临夏回族自治州,广河县,official_identity_match,exact_code_and_source_name,r2700757,103.574846,35.481831,admin_centre,null,null
622925,甘肃省,临夏回族自治州,和政县,official_identity_match,exact_code_and_source_name,r2700758,103.3522193,35.4319949,admin_centre,null,null
622926,甘肃省,临夏回族自治州,东乡族自治县,official_identity_match,exact_code_and_source_name,r2700756,103.3893166,35.6648227,admin_centre,null,null
622927,甘肃省,临夏回族自治州,积石山保安族东乡族撒拉族自治县,official_identity_match,exact_code_and_source_name,r2697554,102.8767792,35.709678,admin_centre,null,null
623001,甘肃省,甘南藏族自治州,合作市,official_identity_match,exact_code_and_source_name,r2693951,102.90827,35.0013957,admin_centre,null,null
623021,甘肃省,甘南藏族自治州,临潭县,official_identity_match,exact_code_and_source_name,r2693953,103.3513288,34.6938177,admin_centre,null,null
623022,甘肃省,甘南藏族自治州,卓尼县,official_identity_match,exact_code_and_source_name,r2693952,103.5084477,34.590794,admin_centre,null,null
623023,甘肃省,甘南藏族自治州,舟曲县,official_identity_match,exact_code_and_source_name,r2693956,104.2485434,33.7950944,admin_centre,null,null
623024,甘肃省,甘南藏族自治州,迭部县,official_identity_match,exact_code_and_source_name,r2693954,103.2187731,34.0579037,admin_centre,null,null
623025,甘肃省,甘南藏族自治州,玛曲县,official_identity_match,exact_code_and_source_name,r2693681,102.070068,33.9994248,admin_centre,null,null
623026,甘肃省,甘南藏族自治州,碌曲县,official_identity_match,exact_code_and_source_name,r2693680,102.4860474,34.5927672,admin_centre,null,null
623027,甘肃省,甘南藏族自治州,夏河县,official_identity_match,exact_code_and_source_name,r2693682,102.5196373,35.1983851,admin_centre,null,null
630102,青海省,西宁市,城东区,official_identity_match,exact_code_and_source_name,r5684036,101.802406,36.6000944,admin_centre,null,null
630103,青海省,西宁市,城中区,official_identity_match,exact_code_and_source_name,r5684038,101.7220375,36.5496225,label,null,null
630104,青海省,西宁市,城西区,official_identity_match,exact_code_and_source_name,r5684037,101.7059862,36.6310666,label,null,null
630105,青海省,西宁市,城北区,official_identity_match,exact_code_and_source_name,r5684035,101.7253475,36.6695044,label,null,null
630106,青海省,西宁市,湟中区,official_identity_match,exact_code_and_source_name,r4480259,101.571895,36.4997744,admin_centre,null,null
630121,青海省,西宁市,大通回族土族自治县,official_identity_match,exact_code_and_source_name,r2707808,101.6854093,36.9365464,admin_centre,null,null
630123,青海省,西宁市,湟源县,official_identity_match,exact_code_and_source_name,r4480258,101.260798,36.6871424,admin_centre,null,null
630202,青海省,海东市,乐都区,official_identity_match,unique_name_and_parent_geometry,r4470186,102.4012523,36.482327,admin_centre,null,null
630203,青海省,海东市,平安区,official_identity_match,unique_name_and_parent_geometry,r4470188,102.1061276,36.5000989,admin_centre,null,null
630222,青海省,海东市,民和回族土族自治县,official_identity_match,exact_code_and_source_name,r4470187,102.828774,36.3202068,admin_centre,null,null
630223,青海省,海东市,互助土族自治县,official_identity_match,unique_name_and_parent_geometry,r4470185,101.9521476,36.8359201,admin_centre,null,null
630224,青海省,海东市,化隆回族自治县,official_identity_match,exact_code_and_source_name,r4470184,102.0286093,36.0080808,admin_centre,null,null
630225,青海省,海东市,循化撒拉族自治县,official_identity_match,unique_name_and_parent_geometry,r4470189,102.4791136,35.8469301,admin_centre,null,null
632221,青海省,海北藏族自治州,门源回族自治县,official_identity_match,exact_code_and_source_name,r4516736,101.619131,37.3768598,admin_centre,null,null
632222,青海省,海北藏族自治州,祁连县,official_identity_match,exact_code_and_source_name,r4543386,100.251638,38.1769669,admin_centre,null,null
632223,青海省,海北藏族自治州,海晏县,official_identity_match,exact_code_and_source_name,r4543631,100.996128,36.8991456,admin_centre,null,null
632224,青海省,海北藏族自治州,刚察县,official_identity_match,exact_code_and_source_name,r4543630,99.9904011,37.5384951,label,null,null
632301,青海省,黄南藏族自治州,同仁市,official_identity_match,exact_code_and_source_name,r4467009,102.0168846,35.516166,label,null,null
632322,青海省,黄南藏族自治州,尖扎县,official_identity_match,exact_code_and_source_name,r4467008,101.8703984,35.8855363,label,null,null
632323,青海省,黄南藏族自治州,泽库县,official_identity_match,exact_code_and_source_name,r4467010,101.4747163,35.1227874,label,null,null
632324,青海省,黄南藏族自治州,河南蒙古族自治县,official_identity_match,exact_code_and_source_name,r4467007,101.5456887,34.5134583,label,null,null
632521,青海省,海南藏族自治州,共和县,official_identity_match,exact_code_and_source_name,r4479119,100.1339764,36.4137534,label,null,null
632522,青海省,海南藏族自治州,同德县,official_identity_match,exact_code_and_source_name,r4478821,100.5765877,35.2550067,admin_centre,null,null
632523,青海省,海南藏族自治州,贵德县,official_identity_match,exact_code_and_source_name,r4478884,101.4296692,36.0461488,admin_centre,null,null
632524,青海省,海南藏族自治州,兴海县,official_identity_match,exact_code_and_source_name,r4479112,99.9883962,35.5867677,admin_centre,null,null
632525,青海省,海南藏族自治州,贵南县,official_identity_match,exact_code_and_source_name,r4477905,100.9726981,35.7016888,label,null,null
632621,青海省,果洛藏族自治州,玛沁县,official_identity_match,exact_code_and_source_name,r4495388,99.707912,34.5153894,label,null,null
632622,青海省,果洛藏族自治州,班玛县,official_identity_match,exact_code_and_source_name,r4495622,100.7374327,32.9360214,label,null,null
632623,青海省,果洛藏族自治州,甘德县,official_identity_match,exact_code_and_source_name,r4495153,100.187805,33.987919,label,null,null
632624,青海省,果洛藏族自治州,达日县,official_identity_match,exact_code_and_source_name,r4494512,99.4284484,33.4301652,label,null,null
632625,青海省,果洛藏族自治州,久治县,official_identity_match,exact_code_and_source_name,r4495623,100.996495,33.459309,label,null,null
632626,青海省,果洛藏族自治州,玛多县,official_identity_match,exact_code_and_source_name,r4493110,98.3343125,34.781552,label,null,null
632701,青海省,玉树藏族自治州,玉树市,official_identity_match,exact_code_and_source_name,r4525659,97.0083245,32.9951139,admin_centre,null,null
632722,青海省,玉树藏族自治州,杂多县,official_identity_match,exact_code_and_source_name,r4492690,95.2998759,32.8957993,admin_centre,null,null
632723,青海省,玉树藏族自治州,称多县,official_identity_match,exact_code_and_source_name,r4505711,97.1043739,33.3705939,admin_centre,null,null
632724,青海省,玉树藏族自治州,治多县,official_identity_match,exact_code_and_source_name,r4538486,95.6234269,33.8589923,admin_centre,null,null
632725,青海省,玉树藏族自治州,囊谦县,official_identity_match,exact_code_and_source_name,r4523341,96.4784921,32.2039872,admin_centre,null,null
632726,青海省,玉树藏族自治州,曲麻莱县,official_identity_match,exact_code_and_source_name,r4525617,95.7973478,34.1297707,admin_centre,null,null
632801,青海省,海西蒙古族藏族自治州,格尔木市,official_identity_match,exact_code_and_source_name,r2708757,94.9026289,36.4011402,admin_centre,null,null
632802,青海省,海西蒙古族藏族自治州,德令哈市,official_identity_match,exact_code_and_source_name,r4489246,97.36011,37.3690819,admin_centre,null,null
632803,青海省,海西蒙古族藏族自治州,茫崖市,official_identity_match,exact_code_and_source_name,r5662612,90.8520023,38.2528141,admin_centre,null,null
632821,青海省,海西蒙古族藏族自治州,乌兰县,official_identity_match,exact_code_and_source_name,r4489183,98.4799494,36.9283791,admin_centre,null,null
632822,青海省,海西蒙古族藏族自治州,都兰县,official_identity_match,exact_code_and_source_name,r4542232,98.0951891,36.3020273,label,null,null
632823,青海省,海西蒙古族藏族自治州,天峻县,official_identity_match,exact_code_and_source_name,r4489240,98.33979,38.2056302,label,null,null
640104,宁夏回族自治区,银川市,兴庆区,official_identity_match,exact_code_and_source_name,r3307202,106.2841717,38.4733029,admin_centre,null,null
640105,宁夏回族自治区,银川市,西夏区,official_identity_match,unique_name_and_parent_geometry,r3307203,106.1176206,38.4879913,admin_centre,null,null
640106,宁夏回族自治区,银川市,金凤区,official_identity_match,exact_code_and_source_name,r3307200,106.2125843,38.5143215,admin_centre,null,null
640121,宁夏回族自治区,银川市,永宁县,official_identity_match,exact_code_and_source_name,r3307204,106.2495805,38.2792422,admin_centre,null,null
640122,宁夏回族自治区,银川市,贺兰县,official_identity_match,unique_name_and_parent_geometry,r3307199,106.3588449,38.5778728,admin_centre,null,null
640181,宁夏回族自治区,银川市,灵武市,official_identity_match,exact_code_and_source_name,r3307201,106.3355786,38.1020474,admin_centre,null,null
640202,宁夏回族自治区,石嘴山市,大武口区,official_identity_match,exact_code_and_source_name,r3307095,106.3630325,39.0186857,label,null,null
640205,宁夏回族自治区,石嘴山市,惠农区,official_identity_match,exact_code_and_source_name,r3307096,106.7768115,39.2385723,admin_centre,null,null
640221,宁夏回族自治区,石嘴山市,平罗县,official_identity_match,exact_code_and_source_name,r3307097,106.5187152,38.9129793,admin_centre,null,null
640302,宁夏回族自治区,吴忠市,利通区,official_identity_match,unique_name_and_parent_geometry,r4563635,106.2081075,37.9840854,admin_centre,null,null
640303,宁夏回族自治区,吴忠市,红寺堡区,official_identity_match,exact_code_and_source_name,r4563684,106.0576637,37.4252392,admin_centre,null,null
640323,宁夏回族自治区,吴忠市,盐池县,official_identity_match,exact_code_and_source_name,r3924669,107.3904762,37.7922635,admin_centre,null,null
640324,宁夏回族自治区,吴忠市,同心县,official_identity_match,exact_code_and_source_name,r4562843,106.2817355,36.9630626,admin_centre,null,null
640381,宁夏回族自治区,吴忠市,青铜峡市,official_identity_match,unique_name_and_parent_geometry,r4429427,106.0742629,38.0211712,admin_centre,null,null
640402,宁夏回族自治区,固原市,原州区,official_identity_match,exact_code_and_source_name,r2793582,106.284442,36.006651,admin_centre,null,null
640422,宁夏回族自治区,固原市,西吉县,official_identity_match,exact_code_and_source_name,r2793581,105.7417568,35.9652832,admin_centre,null,null
640423,宁夏回族自治区,固原市,隆德县,official_identity_match,exact_code_and_source_name,r2700341,106.1209325,35.6137337,admin_centre,null,null
640424,宁夏回族自治区,固原市,泾源县,official_identity_match,exact_code_and_source_name,r2700340,106.3361496,35.490471,admin_centre,null,null
640425,宁夏回族自治区,固原市,彭阳县,official_identity_match,exact_code_and_source_name,r2793580,106.6361179,35.8497445,admin_centre,null,null
640502,宁夏回族自治区,中卫市,沙坡头区,official_identity_match,exact_code_and_source_name,r2793620,105.1684526,37.5156684,admin_centre,null,null
640521,宁夏回族自治区,中卫市,中宁县,official_identity_match,exact_code_and_source_name,r2793621,105.6746355,37.4915246,admin_centre,null,null
640522,宁夏回族自治区,中卫市,海原县,official_identity_match,exact_code_and_source_name,r2793619,105.6433556,36.5614784,admin_centre,null,null
650102,新疆维吾尔自治区,乌鲁木齐市,天山区,official_identity_match,exact_code_and_source_name,r5663207,87.6301682,43.7924631,admin_centre,null,null
650103,新疆维吾尔自治区,乌鲁木齐市,沙依巴克区,official_identity_match,exact_code_and_source_name,r5663100,87.5947895,43.7998773,admin_centre,null,null
650104,新疆维吾尔自治区,乌鲁木齐市,新市区,official_identity_match,exact_code_and_source_name,r5663233,87.5717991,43.842563,admin_centre,null,null
650105,新疆维吾尔自治区,乌鲁木齐市,水磨沟区,official_identity_match,exact_code_and_source_name,r5663231,87.6392446,43.8314424,admin_centre,null,null
650106,新疆维吾尔自治区,乌鲁木齐市,头屯河区,official_identity_match,exact_code_and_source_name,r5663232,87.5064893,43.8360306,admin_centre,null,null
650107,新疆维吾尔自治区,乌鲁木齐市,达坂城区,official_identity_match,exact_code_and_source_name,r5662915,88.3020701,43.363726,admin_centre,null,null
650109,新疆维吾尔自治区,乌鲁木齐市,米东区,official_identity_match,exact_code_and_source_name,r5662754,87.65287,43.9715606,label,null,null
650121,新疆维吾尔自治区,乌鲁木齐市,乌鲁木齐县,official_identity_match,exact_code_and_source_name,r5663101,87.4609321,43.50708,admin_centre,null,null
650202,新疆维吾尔自治区,克拉玛依市,独山子区,official_identity_match,exact_code_and_source_name,r2751563,84.8843967,44.3278229,label,null,null
650203,新疆维吾尔自治区,克拉玛依市,克拉玛依区,official_identity_match,exact_code_and_source_name,r2751564,84.8660538,45.6003911,label,null,null
650204,新疆维吾尔自治区,克拉玛依市,白碱滩区,official_identity_match,exact_code_and_source_name,r2751562,85.1160648,45.6843044,admin_centre,null,null
650205,新疆维吾尔自治区,克拉玛依市,乌尔禾区,official_identity_match,exact_code_and_source_name,r2751565,85.6918091,46.088991,admin_centre,null,null
650402,新疆维吾尔自治区,吐鲁番市,高昌区,official_identity_match,exact_code_and_source_name,r2747196,89.1829954,42.9409742,admin_centre,null,null
650421,新疆维吾尔自治区,吐鲁番市,鄯善县,official_identity_match,exact_code_and_source_name,r2747194,90.2168269,42.8762365,admin_centre,null,null
650422,新疆维吾尔自治区,吐鲁番市,托克逊县,official_identity_match,exact_code_and_source_name,r2747195,88.6530355,42.7909817,admin_centre,null,null
650502,新疆维吾尔自治区,哈密市,伊州区,official_identity_match,exact_code_and_source_name,r2747165,93.5130464,42.8254995,admin_centre,null,null
650521,新疆维吾尔自治区,哈密市,巴里坤哈萨克自治县,official_identity_match,exact_code_and_source_name,r2747164,93.0151242,43.597402,admin_centre,null,null
650522,新疆维吾尔自治区,哈密市,伊吾县,official_identity_match,exact_code_and_source_name,r2747166,94.6960936,43.2529121,admin_centre,null,null
652301,新疆维吾尔自治区,昌吉回族自治州,昌吉市,official_identity_match,exact_code_and_source_name,r2752405,87.2640443,44.0124158,admin_centre,null,null
652302,新疆维吾尔自治区,昌吉回族自治州,阜康市,official_identity_match,exact_code_and_source_name,r2752406,87.9684506,44.1497919,admin_centre,null,null
652323,新疆维吾尔自治区,昌吉回族自治州,呼图壁县,official_identity_match,exact_code_and_source_name,r2752407,86.8849721,44.18371,admin_centre,null,null
652324,新疆维吾尔自治区,昌吉回族自治州,玛纳斯县,official_identity_match,exact_code_and_source_name,r2752409,86.2101239,44.2898326,admin_centre,null,null
652325,新疆维吾尔自治区,昌吉回族自治州,奇台县,official_identity_match,exact_code_and_source_name,r2752411,89.5803113,44.0021892,admin_centre,null,null
652327,新疆维吾尔自治区,昌吉回族自治州,吉木萨尔县,official_identity_match,exact_code_and_source_name,r2752408,89.029684,44.294504,label,null,null
652328,新疆维吾尔自治区,昌吉回族自治州,木垒哈萨克自治县,official_identity_match,exact_code_and_source_name,r2752410,90.2813674,43.8330249,admin_centre,null,null
652701,新疆维吾尔自治区,博尔塔拉蒙古自治州,博乐市,official_identity_match,exact_code_and_source_name,r2751052,82.0504585,44.8528771,admin_centre,null,null
652702,新疆维吾尔自治区,博尔塔拉蒙古自治州,阿拉山口市,official_identity_match,exact_code_and_source_name,r9068418,82.5669384,45.1707258,label,null,null
652722,新疆维吾尔自治区,博尔塔拉蒙古自治州,精河县,official_identity_match,exact_code_and_source_name,r2751053,82.8765138,44.6014129,admin_centre,null,null
652723,新疆维吾尔自治区,博尔塔拉蒙古自治州,温泉县,official_identity_match,exact_code_and_source_name,r2751054,81.0180346,44.9689749,admin_centre,null,null
652801,新疆维吾尔自治区,巴音郭楞蒙古自治州,库尔勒市,official_identity_match,unique_name_and_parent_geometry,r2747283,86.173541,41.7238743,admin_centre,null,null
652822,新疆维吾尔自治区,巴音郭楞蒙古自治州,轮台县,official_identity_match,exact_code_and_source_name,r2747284,84.250353,41.7766248,admin_centre,null,null
652823,新疆维吾尔自治区,巴音郭楞蒙古自治州,尉犁县,official_identity_match,exact_code_and_source_name,r2747288,86.2577315,41.3426164,admin_centre,null,null
652824,新疆维吾尔自治区,巴音郭楞蒙古自治州,若羌县,official_identity_match,exact_code_and_source_name,r2747286,88.1644768,39.0232881,admin_centre,null,null
652825,新疆维吾尔自治区,巴音郭楞蒙古自治州,且末县,official_identity_match,exact_code_and_source_name,r2747285,85.5273039,38.1441698,admin_centre,null,null
652826,新疆维吾尔自治区,巴音郭楞蒙古自治州,焉耆回族自治县,official_identity_match,exact_code_and_source_name,r2747287,86.5716709,42.0581739,admin_centre,null,null
652827,新疆维吾尔自治区,巴音郭楞蒙古自治州,和静县,official_identity_match,exact_code_and_source_name,r2747241,86.3817516,42.3219766,admin_centre,null,null
652828,新疆维吾尔自治区,巴音郭楞蒙古自治州,和硕县,official_identity_match,exact_code_and_source_name,r2747282,86.861767,42.26659,admin_centre,null,null
652829,新疆维吾尔自治区,巴音郭楞蒙古自治州,博湖县,official_identity_match,unique_name_and_parent_geometry,r2747281,86.6298326,41.9789635,admin_centre,null,null
652901,新疆维吾尔自治区,阿克苏地区,阿克苏市,official_identity_match,exact_code_and_source_name,r2748928,80.2581875,41.1686701,admin_centre,null,null
652902,新疆维吾尔自治区,阿克苏地区,库车市,official_identity_match,exact_code_and_source_name,r2748932,82.9544345,41.7134956,admin_centre,null,null
652922,新疆维吾尔自治区,阿克苏地区,温宿县,official_identity_match,exact_code_and_source_name,r2748935,80.2434639,41.2626803,admin_centre,null,null
652924,新疆维吾尔自治区,阿克苏地区,沙雅县,official_identity_match,exact_code_and_source_name,r2748936,82.7664073,41.221773,admin_centre,null,null
652925,新疆维吾尔自治区,阿克苏地区,新和县,official_identity_match,exact_code_and_source_name,r2748933,82.6122572,41.5503334,admin_centre,null,null
652926,新疆维吾尔自治区,阿克苏地区,拜城县,official_identity_match,exact_code_and_source_name,r2748930,81.848927,41.7939895,admin_centre,null,null
652927,新疆维吾尔自治区,阿克苏地区,乌什县,official_identity_match,exact_code_and_source_name,r2748934,79.2314076,41.2181307,admin_centre,null,null
652928,新疆维吾尔自治区,阿克苏地区,阿瓦提县,official_identity_match,exact_code_and_source_name,r2748929,80.36788,40.6403844,admin_centre,null,null
652929,新疆维吾尔自治区,阿克苏地区,柯坪县,official_identity_match,exact_code_and_source_name,r2748931,79.0443515,40.5076092,admin_centre,null,null
653001,新疆维吾尔自治区,克孜勒苏柯尔克孜自治州,阿图什市,official_identity_match,exact_code_and_source_name,r2710651,76.166016,39.715261,admin_centre,null,null
653022,新疆维吾尔自治区,克孜勒苏柯尔克孜自治州,阿克陶县,official_identity_match,exact_code_and_source_name,r2710678,75.9446247,39.1452884,admin_centre,null,null
653023,新疆维吾尔自治区,克孜勒苏柯尔克孜自治州,阿合奇县,official_identity_match,exact_code_and_source_name,r2710677,78.4351126,40.9356047,admin_centre,null,null
653024,新疆维吾尔自治区,克孜勒苏柯尔克孜自治州,乌恰县,official_identity_match,exact_code_and_source_name,r2710638,75.2560502,39.7196616,admin_centre,null,null
653101,新疆维吾尔自治区,喀什地区,喀什市,official_identity_match,exact_code_and_source_name,r2748425,75.9900135,39.4665981,label,null,null
653121,新疆维吾尔自治区,喀什地区,疏附县,official_identity_match,exact_code_and_source_name,r2748430,75.8588598,39.3736538,admin_centre,null,null
653122,新疆维吾尔自治区,喀什地区,疏勒县,official_identity_match,exact_code_and_source_name,r2748431,76.0490385,39.3973246,admin_centre,null,null
653123,新疆维吾尔自治区,喀什地区,英吉沙县,official_identity_match,exact_code_and_source_name,r2748434,76.1651861,38.9401327,admin_centre,null,null
653124,新疆维吾尔自治区,喀什地区,泽普县,official_identity_match,unique_name_and_parent_geometry,r2748429,77.2571652,38.1848784,admin_centre,null,null
653125,新疆维吾尔自治区,喀什地区,莎车县,official_identity_match,exact_code_and_source_name,r2748433,77.2411446,38.4170434,admin_centre,null,null
653126,新疆维吾尔自治区,喀什地区,叶城县,official_identity_match,exact_code_and_source_name,r2748424,77.4163268,37.8876072,admin_centre,null,null
653127,新疆维吾尔自治区,喀什地区,麦盖提县,official_identity_match,exact_code_and_source_name,r2748426,77.6488101,38.9040628,admin_centre,null,null
653128,新疆维吾尔自治区,喀什地区,岳普湖县,official_identity_match,unique_name_and_parent_geometry,r2748435,76.8165905,39.220191,admin_centre,null,null
653129,新疆维吾尔自治区,喀什地区,伽师县,official_identity_match,exact_code_and_source_name,r2748428,77.2571513,39.6003856,label,null,null
653130,新疆维吾尔自治区,喀什地区,巴楚县,official_identity_match,exact_code_and_source_name,r2748427,78.5462714,39.7996571,admin_centre,null,null
653131,新疆维吾尔自治区,喀什地区,塔什库尔干塔吉克自治县,official_identity_match,exact_code_and_source_name,r2748432,75.2246602,37.7769402,admin_centre,null,null
653132,新疆维吾尔自治区,喀什地区,岑岭县,official_identity_match,exact_code_and_source_name,r20378208,76.6589648,36.3981607,label,null,null
653201,新疆维吾尔自治区,和田地区,和田市,official_identity_match,exact_code_and_source_name,r2748331,79.920893,37.1110359,label,null,null
653221,新疆维吾尔自治区,和田地区,和田县,official_identity_match,exact_code_and_source_name,r2748332,79.8459435,37.2488464,admin_centre,null,null
653222,新疆维吾尔自治区,和田地区,墨玉县,official_identity_match,exact_code_and_source_name,r2748333,79.7146549,37.6854142,label,null,null
653223,新疆维吾尔自治区,和田地区,皮山县,official_identity_match,exact_code_and_source_name,r2748337,78.280699,37.6072047,admin_centre,null,null
653224,新疆维吾尔自治区,和田地区,洛浦县,official_identity_match,exact_code_and_source_name,r2748335,80.1790596,37.0663356,admin_centre,null,null
653225,新疆维吾尔自治区,和田地区,策勒县,official_identity_match,exact_code_and_source_name,r2748338,80.8067,36.998981,admin_centre,null,null
653226,新疆维吾尔自治区,和田地区,于田县,official_identity_match,unique_name_and_parent_geometry,r2748334,81.6753726,36.8574125,admin_centre,null,null
653227,新疆维吾尔自治区,和田地区,民丰县,official_identity_match,exact_code_and_source_name,r2748336,82.6932061,37.0644354,admin_centre,null,null
653228,新疆维吾尔自治区,和田地区,和康县,official_identity_match,unique_name_and_parent_geometry,r18472100,78.0277912,36.3517941,admin_centre,null,null
653229,新疆维吾尔自治区,和田地区,和安县,official_identity_match,unique_name_and_parent_geometry,r18470226,79.1881801,35.9834211,admin_centre,null,null
654002,新疆维吾尔自治区,伊犁哈萨克自治州,伊宁市,official_identity_match,unique_name_and_parent_geometry,r2751497,81.2747797,43.9052027,admin_centre,null,null
654003,新疆维吾尔自治区,伊犁哈萨克自治州,奎屯市,official_identity_match,exact_code_and_source_name,r2751492,84.9006885,44.4245113,admin_centre,null,null
654004,新疆维吾尔自治区,伊犁哈萨克自治州,霍尔果斯市,official_identity_match,exact_code_and_source_name,r7027706,80.41214,44.2165221,label,null,null
654021,新疆维吾尔自治区,伊犁哈萨克自治州,伊宁县,official_identity_match,exact_code_and_source_name,r2751498,81.5245233,43.9758097,admin_centre,null,null
654022,新疆维吾尔自治区,伊犁哈萨克自治州,察布查尔锡伯自治县,official_identity_match,exact_code_and_source_name,r2751494,81.1492782,43.8388081,admin_centre,null,null
654023,新疆维吾尔自治区,伊犁哈萨克自治州,霍城县,official_identity_match,exact_code_and_source_name,r2751490,80.8766921,44.0540491,admin_centre,null,null
654024,新疆维吾尔自治区,伊犁哈萨克自治州,巩留县,official_identity_match,exact_code_and_source_name,r2751489,82.2289633,43.4801666,admin_centre,null,null
654025,新疆维吾尔自治区,伊犁哈萨克自治州,新源县,official_identity_match,exact_code_and_source_name,r2751496,83.227674,43.4325912,admin_centre,null,null
654026,新疆维吾尔自治区,伊犁哈萨克自治州,昭苏县,official_identity_match,exact_code_and_source_name,r2751499,81.1271033,43.152726,admin_centre,null,null
654027,新疆维吾尔自治区,伊犁哈萨克自治州,特克斯县,official_identity_match,exact_code_and_source_name,r2751495,81.833002,43.216904,admin_centre,null,null
654028,新疆维吾尔自治区,伊犁哈萨克自治州,尼勒克县,official_identity_match,exact_code_and_source_name,r2751493,82.4994908,43.7884301,admin_centre,null,null
654201,新疆维吾尔自治区,塔城地区,塔城市,official_identity_match,exact_code_and_source_name,r2751616,82.9838309,46.7510282,admin_centre,null,null
654202,新疆维吾尔自治区,塔城地区,乌苏市,official_identity_match,exact_code_and_source_name,r2751618,84.7111475,44.4172357,admin_centre,null,null
654203,新疆维吾尔自治区,塔城地区,沙湾市,official_identity_match,exact_code_and_source_name,r2751615,85.53523,44.419301,label,null,null
654221,新疆维吾尔自治区,塔城地区,额敏县,official_identity_match,exact_code_and_source_name,r2751613,83.6268223,46.5245053,admin_centre,null,null
654224,新疆维吾尔自治区,塔城地区,托里县,official_identity_match,exact_code_and_source_name,r2751617,83.6031059,45.9481918,admin_centre,null,null
654225,新疆维吾尔自治区,塔城地区,裕民县,official_identity_match,exact_code_and_source_name,r2751619,82.9803157,46.2006712,admin_centre,null,null
654226,新疆维吾尔自治区,塔城地区,和布克赛尔蒙古自治县,official_identity_match,exact_code_and_source_name,r2751614,85.7257818,46.7922225,admin_centre,null,null
654301,新疆维吾尔自治区,阿勒泰地区,阿勒泰市,official_identity_match,exact_code_and_source_name,r2752330,88.1291701,47.8257562,admin_centre,null,null
654321,新疆维吾尔自治区,阿勒泰地区,布尔津县,official_identity_match,exact_code_and_source_name,r2752331,86.872219,47.7006173,admin_centre,null,null
654322,新疆维吾尔自治区,阿勒泰地区,富蕴县,official_identity_match,exact_code_and_source_name,r2752333,89.522734,46.9929619,admin_centre,null,null
654323,新疆维吾尔自治区,阿勒泰地区,福海县,official_identity_match,unique_name_and_parent_geometry,r2752332,87.4837492,47.1114906,admin_centre,null,null
654324,新疆维吾尔自治区,阿勒泰地区,哈巴河县,official_identity_match,exact_code_and_source_name,r2752334,86.415368,48.0596942,admin_centre,null,null
654325,新疆维吾尔自治区,阿勒泰地区,青河县,official_identity_match,exact_code_and_source_name,r2752336,90.3728718,46.6773187,admin_centre,null,null
654326,新疆维吾尔自治区,阿勒泰地区,吉木乃县,official_identity_match,exact_code_and_source_name,r2752335,85.8714957,47.4413971,admin_centre,null,null
659001,新疆维吾尔自治区,石河子市,石河子市,official_identity_match,exact_code_and_source_name,r3431881,86.0775574,44.3017013,admin_centre,null,null
659002,新疆维吾尔自治区,阿拉尔市,阿拉尔市,official_identity_match,exact_code_and_source_name,r2748887,81.2770789,40.5421865,label,null,null
659003,新疆维吾尔自治区,图木舒克市,图木舒克市,official_identity_match,exact_code_and_source_name,r2748778,79.0724013,39.8664885,admin_centre,null,null
659004,新疆维吾尔自治区,五家渠市,五家渠市,official_identity_match,exact_code_and_source_name,r2752471,87.5402182,44.1654232,admin_centre,null,null
659005,新疆维吾尔自治区,北屯市,北屯市,official_identity_match,exact_code_and_source_name,r9077256,87.8306682,47.3249377,admin_centre,null,null
659006,新疆维吾尔自治区,铁门关市,铁门关市,official_identity_match,exact_code_and_source_name,r7002046,85.6682293,41.8628528,admin_centre,null,null
659007,新疆维吾尔自治区,双河市,双河市,official_identity_match,exact_code_and_source_name,r9068337,82.361049,44.842326,label,null,null
659008,新疆维吾尔自治区,可克达拉市,可克达拉市,official_identity_match,unique_name_and_parent_geometry,r20281769,80.9989088,43.9313812,label,null,null
659009,新疆维吾尔自治区,昆玉市,昆玉市,official_identity_match,exact_code_and_source_name,r9051185,79.267547,37.2141513,admin_centre,null,null
659010,新疆维吾尔自治区,胡杨河市,胡杨河市,official_identity_match,unique_name_and_parent_geometry,r11033793,84.8250908,44.6936135,admin_centre,null,null
659011,新疆维吾尔自治区,新星市,新星市,official_identity_match,unique_name_and_parent_geometry,r12279740,93.7410858,42.7962707,admin_centre,null,null
659012,新疆维吾尔自治区,白杨市,白杨市,official_identity_match,exact_code_and_source_name,r15340171,82.8947023,46.7266427,label,null,null
659013,新疆维吾尔自治区,草湖市,草湖市,official_identity_match,exact_code_and_source_name,r20460284,75.9678769,39.2693759,label,null,null
